event_id,name,epoch,pred_sigma_min,recommended_buffer_min,recommended_window_hr,T0,P,duration_hours,mag_V,mag_R,depth_mmag,current_oc_min,min_telescope_inches,ra,dec,n_obs_recent,exoclock_priority,recent_activity_flag,events_per_month,network_needed,campaign_flag,ttv_flag,snr_proxy,time_since_last_obs_days,last_obs_jd,papers_last_12m,papers_last_36m,latest_title,latest_bibcode,last_paper_date,Tmid_utc,obs_frac,obs_max_alt,obs_min_alt,obs_mean_airmass,obs_visible,obs_peak_time_jd,ttv_amplitude_min,ttv_signal_strength,ttv_significance_class,instrument_difficulty,instrument_difficulty_norm,aperture_exoclock,required_aperture,aperture_ratio,instrument_flag,instrument_feasible,aperture_consistency,instrument_penalty,science_priority_numeric,science_recency_score,literature_score,campaign_intensity,campaign_intensity_norm,S1,S2,S3,S4,S5,S6,base_score,final_score,priority_group,obs_frac_pct,final_score_pct,TTV_interpretation,Instrument_interpretation,obs_interpretation,ephemeris_interpretation,science_interpretation,score_interpretation,synergy_explanation,score_breakdown,summary_text,flag_labels
TOI-1130b_416,TOI-1130b,416,61.95153962143215,122.0,5.956666666666666,2459551.85,4.078352,1.89,11.59,10.636,3.14,326.52,17.95,286.37593124999995,-41.43752277777777,0,alert,,7.355912388141093,False,True,1,10.08,1696.233351397328,2459551.85,0,0,,,,2026-07-26 22:38:49.741,0.0,20.30289900063307,6.836079182701963,3.86367569920923,0,2461248.4964090395,326.52,1.0,strong,3,0.5,17.95,23.379483127629133,0.9741451303178805,OK,True,1.3024781686701468,1.0,5,1.0,1,5.706773716442328,0.6713851431108621,5,5,3,1,3.8,5,3.92,3.92,0,0.42105263157894735,1.0,Strong transit timing variation signal detected. Current timing offset is approximately 326.5 minutes.,Compatible with PIRATE. Target brightness is V=11.6 and the expected transit depth is 3.1 mmag. Estimated minimum aperture is 23 inches.,Poor observability. Only 0% of the transit is observable. Peak altitude reaches 20°. Average airmass is 3.86 (poor observing conditions).,"Predicted transit timing uncertainty has grown to approximately 62.0 minutes, indicating that additional observations would improve ephemeris precision.",This is an ExoClock alert target. No recent transit observations have been reported. No recent literature activity was identified.,This is a top priority target,This target has been - or currently is - part of an active campaign. This target has only partial visibility.,"{'priority': 'This is a top priority target', 'score': 3.92, 'visibility': 'Poor observability. Only 0% of the transit is observable. Peak altitude reaches 20°. Average airmass is 3.86 (poor observing conditions).', 'ephemeris': 'Predicted transit timing uncertainty has grown to approximately 62.0 minutes, indicating that additional observations would improve ephemeris precision.', 'science': 'This is an ExoClock alert target. No recent transit observations have been reported. No recent literature activity was identified.', 'coordination': 'This target has been - or currently is - part of an active campaign. This target has only partial visibility.', 'network': False, 'campaign': True}","This is a top priority target. Predicted transit timing uncertainty has grown to approximately 62.0 minutes, indicating that additional observations would improve ephemeris precision.. Poor observability. Only 0% of the transit is observable. Peak altitude reaches 20°. Average airmass is 3.86 (poor observing conditions).. TTV signal strong. This is an ExoClock alert target. No recent transit observations have been reported. No recent literature activity was identified.. part of an active campaign.",📡 Campaign
WASP-161b_342,WASP-161b,342,17.707338937919022,90.0,7.9,2459400.3775,5.405515,4.9,11.08,10.711,5.89,-48.5,8.06,126.33784833333331,-11.500986388888888,2,alert,,5.549887476031423,True,True,1,24.03,1847.7058518524282,2459400.3775,0,0,,,,2026-07-27 13:30:28.449,0.0,50.112747248022764,38.12297704696986,1.382347409817235,0,2461249.050329271,48.5,1.0,strong,3,0.5,8.06,8.382526678217191,0.3492719449257163,OK,True,1.0400157169003958,1.0,5,0.3333333333333333,1,7.164966242809427,0.8429372050364032,5,5,3,1,3.6999999999999997,5,3.9050000000000002,3.9050000000000002,0,0.42105263157894735,0.9962406015037594,Strong transit timing variation signal detected. Current timing offset is approximately 48.5 minutes.,Compatible with PIRATE. Target brightness is V=11.1 and the expected transit depth is 5.9 mmag. Estimated minimum aperture is 8 inches.,Poor observability. Only 0% of the transit is observable. Peak altitude reaches 50°. Average airmass is 1.38 (excellent observing conditions).,"Predicted transit timing uncertainty has grown to approximately 17.7 minutes, indicating that additional observations would improve ephemeris precision.",This is an ExoClock alert target. 2 recent transit observations have been recorded. No recent literature activity was identified.,This is a top priority target,"For this target, multi-site coordination is recommended. This target has been - or currently is - part of an active campaign. This target has only partial visibility.","{'priority': 'This is a top priority target', 'score': 3.9050000000000002, 'visibility': 'Poor observability. Only 0% of the transit is observable. Peak altitude reaches 50°. Average airmass is 1.38 (excellent observing conditions).', 'ephemeris': 'Predicted transit timing uncertainty has grown to approximately 17.7 minutes, indicating that additional observations would improve ephemeris precision.', 'science': 'This is an ExoClock alert target. 2 recent transit observations have been recorded. No recent literature activity was identified.', 'coordination': 'For this target, multi-site coordination is recommended. This target has been - or currently is - part of an active campaign. This target has only partial visibility.', 'network': True, 'campaign': True}","This is a top priority target. Predicted transit timing uncertainty has grown to approximately 17.7 minutes, indicating that additional observations would improve ephemeris precision.. Poor observability. Only 0% of the transit is observable. Peak altitude reaches 50°. Average airmass is 1.38 (excellent observing conditions).. TTV signal strong. This is an ExoClock alert target. 2 recent transit observations have been recorded. No recent literature activity was identified.. part of an active campaign. requires multi-site coordination.","📡 Campaign, 🌍 Network"
K2-287b_214,K2-287b,214,2.3839915814081025,90.0,6.58,2458061.29462,14.8931869,3.58,11.308,11.04,7.84,16.55,6.92,233.07436125,-22.3582675,1,alert,,2.0143438876739,True,True,1,28.87,3186.788731093984,2458061.29462,0,0,,,,2026-07-26 22:27:34.491,0.55,39.23021030254015,12.227029297079351,2.27274870295286,1,2461248.352482535,16.55,0.8275,moderate,3,0.5,6.92,9.441284550878757,0.3933868562866149,OK,True,1.3643474784506875,1.0,5,0.5,1,4.60430316630217,0.5416827254473141,2,5,3,3,3.725,4,3.3587499999999997,3.3587499999999997,0,0.9097744360902256,0.9924812030075187,Moderate transit timing variation signal detected. Current timing offset is approximately 16.6 minutes.,Compatible with PIRATE. Target brightness is V=11.3 and the expected transit depth is 7.8 mmag. Estimated minimum aperture is 9 inches.,Moderate observability. Approximately 55% of the transit is observable. Peak altitude reaches 39°. Average airmass is 2.27 (marginal observing conditions).,"The ephemeris remains relatively well constrained (2.4 minute uncertainty), but the target has not been observed recently and would benefit from maintenance observations.",This is an ExoClock alert target. 1 recent transit observations have been recorded. No recent literature activity was identified.,This is a top priority target,"For this target, multi-site coordination is recommended. This target has been - or currently is - part of an active campaign.","{'priority': 'This is a top priority target', 'score': 3.3587499999999997, 'visibility': 'Moderate observability. Approximately 55% of the transit is observable. Peak altitude reaches 39°. Average airmass is 2.27 (marginal observing conditions).', 'ephemeris': 'The ephemeris remains relatively well constrained (2.4 minute uncertainty), but the target has not been observed recently and would benefit from maintenance observations.', 'science': 'This is an ExoClock alert target. 1 recent transit observations have been recorded. No recent literature activity was identified.', 'coordination': 'For this target, multi-site coordination is recommended. This target has been - or currently is - part of an active campaign.', 'network': True, 'campaign': True}","This is a top priority target. The ephemeris remains relatively well constrained (2.4 minute uncertainty), but the target has not been observed recently and would benefit from maintenance observations.. Moderate observability. Approximately 55% of the transit is observable. Peak altitude reaches 39°. Average airmass is 2.27 (marginal observing conditions).. TTV signal moderate. This is an ExoClock alert target. 1 recent transit observations have been recorded. No recent literature activity was identified.. part of an active campaign. requires multi-site coordination.","📡 Campaign, 🌍 Network"
HIP67522b_380,HIP67522b,380,8.770533940417181,90.0,7.89,2458604.02371,6.959503,4.89,9.8,9.408,5.93,0.0,6.16,207.526165,-40.83579944444445,0,high,,4.31065264286832,True,False,0,51.14,2644.05964099383,2458604.02371,0,0,,,,2026-07-27 03:13:01.857,0.0,-24.201998361745904,-68.16503328687944,,0,2461248.5507159373,0.0,0.0,none,4,0.6666666666666666,6.16,4.6381934200604436,0.19325805916918515,OK,True,0.7529534772825395,1.0,4,1.0,1,4.793195792860496,0.5639053873953525,5,1,4,1,3.0999999999999996,3,2.965,2.965,0,0.42105263157894735,0.9887218045112782,No significant transit timing variation signal currently detected.,Compatible with PIRATE. Target brightness is V=9.8 and the expected transit depth is 5.9 mmag. Estimated minimum aperture is 5 inches.,Poor observability. Only 0% of the transit is observable. Peak altitude reaches -24°.,"The ephemeris remains relatively well constrained (8.8 minute uncertainty), but the target has not been observed recently and would benefit from maintenance observations.",This target has a high ExoClock priority. No recent transit observations have been reported. No recent literature activity was identified.,This is a top priority target,"For this target, multi-site coordination is recommended. This target has only partial visibility.","{'priority': 'This is a top priority target', 'score': 2.965, 'visibility': 'Poor observability. Only 0% of the transit is observable. Peak altitude reaches -24°.', 'ephemeris': 'The ephemeris remains relatively well constrained (8.8 minute uncertainty), but the target has not been observed recently and would benefit from maintenance observations.', 'science': 'This target has a high ExoClock priority. No recent transit observations have been reported. No recent literature activity was identified.', 'coordination': 'For this target, multi-site coordination is recommended. This target has only partial visibility.', 'network': True, 'campaign': False}","This is a top priority target. The ephemeris remains relatively well constrained (8.8 minute uncertainty), but the target has not been observed recently and would benefit from maintenance observations.. Poor observability. Only 0% of the transit is observable. Peak altitude reaches -24°.. This target has a high ExoClock priority. No recent transit observations have been reported. No recent literature activity was identified.. requires multi-site coordination.",🌍 Network
HD63935b_219,HD63935b,219,2.2128178588434753,90.0,6.37,2459264.44565,9.0588586,3.37,8.58,8.1,1.02,-16.25,31.7,117.92498541666667,9.38605361111111,1,alert,,3.3116754907731973,True,True,1,12.85,1983.6377009483986,2459264.44565,0,0,,,,2026-07-26 20:02:13.862,0.0,12.964116599596972,-35.99271132215944,21.511477113694866,0,2461248.2515493287,16.25,0.8125,moderate,1,0.16666666666666666,31.7,7.680961625882068,0.32004006774508614,OK,True,0.24230162857672138,1.0,5,0.5,1,6.493502647231959,0.7639414879096422,2,5,1,1,3.725,5,2.8587499999999997,2.8587499999999997,0,0.42105263157894735,0.9849624060150376,Moderate transit timing variation signal detected. Current timing offset is approximately 16.2 minutes.,Compatible with PIRATE. Target brightness is V=8.6 and the expected transit depth is 1.0 mmag. Estimated minimum aperture is 8 inches.,Poor observability. Only 0% of the transit is observable. Peak altitude reaches 13°. Average airmass is 21.51 (poor observing conditions).,"The ephemeris remains relatively well constrained (2.2 minute uncertainty), but the target has not been observed recently and would benefit from maintenance observations.",This is an ExoClock alert target. 1 recent transit observations have been recorded. No recent literature activity was identified.,This is a top priority target,"For this target, multi-site coordination is recommended. This target has been - or currently is - part of an active campaign. This target has only partial visibility.","{'priority': 'This is a top priority target', 'score': 2.8587499999999997, 'visibility': 'Poor observability. Only 0% of the transit is observable. Peak altitude reaches 13°. Average airmass is 21.51 (poor observing conditions).', 'ephemeris': 'The ephemeris remains relatively well constrained (2.2 minute uncertainty), but the target has not been observed recently and would benefit from maintenance observations.', 'science': 'This is an ExoClock alert target. 1 recent transit observations have been recorded. No recent literature activity was identified.', 'coordination': 'For this target, multi-site coordination is recommended. This target has been - or currently is - part of an active campaign. This target has only partial visibility.', 'network': True, 'campaign': True}","This is a top priority target. The ephemeris remains relatively well constrained (2.2 minute uncertainty), but the target has not been observed recently and would benefit from maintenance observations.. Poor observability. Only 0% of the transit is observable. Peak altitude reaches 13°. Average airmass is 21.51 (poor observing conditions).. TTV signal moderate. This is an ExoClock alert target. 1 recent transit observations have been recorded. No recent literature activity was identified.. part of an active campaign. requires multi-site coordination.","📡 Campaign, 🌍 Network"
TOI-1136c_322,TOI-1136c,322,22.758284823103693,90.0,6.65,2459233.2184,6.258708,3.65,9.53,9.147,0.98,0.0,37.36,192.18488583333334,64.8553186111111,0,high,,4.7933215609355795,True,False,0,8.26,2014.864951401949,2459233.2184,0,0,,,,2026-07-27 00:31:04.103,0.5,32.40278956878171,9.886608173897507,3.218176009743089,1,2461248.438241933,0.0,0.0,none,1,0.16666666666666666,37.36,11.66194963875689,0.4859145682815371,OK,True,0.3121506862622294,1.0,4,1.0,1,3.437996468280674,0.4044701727389028,5,1,1,3,3.0999999999999996,3,2.8149999999999995,2.8149999999999995,0,0.8928571428571429,0.981203007518797,No significant transit timing variation signal currently detected.,Compatible with PIRATE. Target brightness is V=9.5 and the expected transit depth is 1.0 mmag. Estimated minimum aperture is 12 inches.,Limited observability. Approximately 50% of the transit is observable. Peak altitude reaches 32°. Average airmass is 3.22 (poor observing conditions).,"Predicted transit timing uncertainty has grown to approximately 22.8 minutes, indicating that additional observations would improve ephemeris precision.",This target has a high ExoClock priority. No recent transit observations have been reported. No recent literature activity was identified.,This is a top priority target,"For this target, multi-site coordination is recommended.","{'priority': 'This is a top priority target', 'score': 2.8149999999999995, 'visibility': 'Limited observability. Approximately 50% of the transit is observable. Peak altitude reaches 32°. Average airmass is 3.22 (poor observing conditions).', 'ephemeris': 'Predicted transit timing uncertainty has grown to approximately 22.8 minutes, indicating that additional observations would improve ephemeris precision.', 'science': 'This target has a high ExoClock priority. No recent transit observations have been reported. No recent literature activity was identified.', 'coordination': 'For this target, multi-site coordination is recommended.', 'network': True, 'campaign': False}","This is a top priority target. Predicted transit timing uncertainty has grown to approximately 22.8 minutes, indicating that additional observations would improve ephemeris precision.. Limited observability. Approximately 50% of the transit is observable. Peak altitude reaches 32°. Average airmass is 3.22 (poor observing conditions).. This target has a high ExoClock priority. No recent transit observations have been reported. No recent literature activity was identified.. requires multi-site coordination.",🌍 Network
TOI-3331Ab_930,TOI-3331Ab,930,5.765757302697057,90.0,5.12,2459371.653,2.0180231,2.12,11.64,11.588,19.02,-0.47,5.06,271.3241645833333,-34.1070975,1,medium,,14.866033991384933,False,False,0,32.61,1876.430351561401,2459371.653,0,0,,,,2026-07-26 21:55:42.148,0.0,27.59390589123246,14.552548826860706,2.5323844012719072,0,2461248.453960046,0.47,0.0235,none,5,0.8333333333333334,5.06,9.17819847542314,0.38242493647596415,OK,True,1.8138732164867866,1.0,3,0.5,1,4.5,0.5294117647058824,4,1,5,1,2.3249999999999997,3,2.7487500000000002,2.7487500000000002,0,0.42105263157894735,0.9774436090225563,No significant transit timing variation signal currently detected.,Compatible with PIRATE. Target brightness is V=11.6 and the expected transit depth is 19.0 mmag. Estimated minimum aperture is 9 inches.,Poor observability. Only 0% of the transit is observable. Peak altitude reaches 28°. Average airmass is 2.53 (marginal observing conditions).,"The ephemeris remains relatively well constrained (5.8 minute uncertainty), but the target has not been observed recently and would benefit from maintenance observations.",This target has a medium ExoClock priority. 1 recent transit observations have been recorded. No recent literature activity was identified.,This is a top priority target,This target has only partial visibility.,"{'priority': 'This is a top priority target', 'score': 2.7487500000000002, 'visibility': 'Poor observability. Only 0% of the transit is observable. Peak altitude reaches 28°. Average airmass is 2.53 (marginal observing conditions).', 'ephemeris': 'The ephemeris remains relatively well constrained (5.8 minute uncertainty), but the target has not been observed recently and would benefit from maintenance observations.', 'science': 'This target has a medium ExoClock priority. 1 recent transit observations have been recorded. No recent literature activity was identified.', 'coordination': 'This target has only partial visibility.', 'network': False, 'campaign': False}","This is a top priority target. The ephemeris remains relatively well constrained (5.8 minute uncertainty), but the target has not been observed recently and would benefit from maintenance observations.. Poor observability. Only 0% of the transit is observable. Peak altitude reaches 28°. Average airmass is 2.53 (marginal observing conditions).. This target has a medium ExoClock priority. 1 recent transit observations have been recorded. No recent literature activity was identified..",—
TOI-216.02_119,TOI-216.02,119,1154.205732344055,1215.0,42.7,2459201.64,17.2019,2.2,12.418,11.903,6.15,0.0,12.37,73.98022833333334,-63.260086944444446,0,high,,1.7439933960783403,False,False,0,9.97,2046.4433513088152,2459201.64,0,0,,,,2026-07-27 03:58:01.857,0.0,-11.812485351645847,-36.77874894390806,,0,2461248.7472437155,0.0,0.0,none,3,0.5,12.37,22.67157717561883,0.9446490489841178,OK,True,1.832787160518903,1.0,4,1.0,1,2.023198018823502,0.23802329633217673,5,1,3,1,3.0999999999999996,2,2.715,2.715,0,0.42105263157894735,0.9736842105263158,No significant transit timing variation signal currently detected.,Compatible with PIRATE. Target brightness is V=12.4 and the expected transit depth is 6.2 mmag. Estimated minimum aperture is 23 inches.,Poor observability. Only 0% of the transit is observable. Peak altitude reaches -12°.,"Predicted transit timing uncertainty has grown to approximately 1154.2 minutes, indicating that additional observations would improve ephemeris precision.",This target has a high ExoClock priority. No recent transit observations have been reported. No recent literature activity was identified.,This is a top priority target,This target has only partial visibility.,"{'priority': 'This is a top priority target', 'score': 2.715, 'visibility': 'Poor observability. Only 0% of the transit is observable. Peak altitude reaches -12°.', 'ephemeris': 'Predicted transit timing uncertainty has grown to approximately 1154.2 minutes, indicating that additional observations would improve ephemeris precision.', 'science': 'This target has a high ExoClock priority. No recent transit observations have been reported. No recent literature activity was identified.', 'coordination': 'This target has only partial visibility.', 'network': False, 'campaign': False}","This is a top priority target. Predicted transit timing uncertainty has grown to approximately 1154.2 minutes, indicating that additional observations would improve ephemeris precision.. Poor observability. Only 0% of the transit is observable. Peak altitude reaches -12°.. This target has a high ExoClock priority. No recent transit observations have been reported. No recent literature activity was identified..",—
HD3167b_4016,HD3167b,4016,69.3988703970805,130.0,5.973333333333333,2457394.3745,0.959641,1.64,8.956,8.4,0.38,0.0,103.98,8.739684583333332,4.381467499999999,0,high,,31.26169056970263,False,False,0,2.96,3853.708850936964,2457394.3745,2,2,Coupled Orbital and Interior Structure Evolution of Lava Planets,2026ApJ..1003..190H,2026-06-00,2026-07-26 19:00:24.935,0.0,-28.920320219456798,-57.17009772845143,,0,2461248.373899711,0.0,0.0,none,2,0.3333333333333333,103.98,21.449486979766796,0.8937286241569499,OK,True,0.20628473725492205,1.0,4,1.0,2,4.5,0.5294117647058824,5,1,2,1,3.2499999999999996,3,2.6875,2.6875,0,0.42105263157894735,0.9699248120300752,No significant transit timing variation signal currently detected.,Compatible with PIRATE. Target brightness is V=9.0 and the expected transit depth is 0.4 mmag. Estimated minimum aperture is 21 inches.,Poor observability. Only 0% of the transit is observable. Peak altitude reaches -29°.,"Predicted transit timing uncertainty has grown to approximately 69.4 minutes, indicating that additional observations would improve ephemeris precision.","This target has a high ExoClock priority. No recent transit observations have been reported. 2 papers were identified in the last 12 months and 2 papers in the last 36 months. Latest publication: ""Coupled Orbital and Interior Structure Evolution of Lava Planets"".",This is a top priority target,This target has only partial visibility.,"{'priority': 'This is a top priority target', 'score': 2.6875, 'visibility': 'Poor observability. Only 0% of the transit is observable. Peak altitude reaches -29°.', 'ephemeris': 'Predicted transit timing uncertainty has grown to approximately 69.4 minutes, indicating that additional observations would improve ephemeris precision.', 'science': 'This target has a high ExoClock priority. No recent transit observations have been reported. 2 papers were identified in the last 12 months and 2 papers in the last 36 months. Latest publication: ""Coupled Orbital and Interior Structure Evolution of Lava Planets"".', 'coordination': 'This target has only partial visibility.', 'network': False, 'campaign': False}","This is a top priority target. Predicted transit timing uncertainty has grown to approximately 69.4 minutes, indicating that additional observations would improve ephemeris precision.. Poor observability. Only 0% of the transit is observable. Peak altitude reaches -29°.. This target has a high ExoClock priority. No recent transit observations have been reported. 2 papers were identified in the last 12 months and 2 papers in the last 36 months. Latest publication: ""Coupled Orbital and Interior Structure Evolution of Lava Planets""..",—
HD108236b_620,HD108236b,620,116.418010977687,177.0,8.31,2458894.745,3.7965,2.41,9.24,8.865,0.34,0.0,112.23,186.57454833333333,-51.362837222222225,0,high,,7.902015013828526,False,False,0,2.68,2353.3383509628475,2458894.745,0,0,,,,2026-07-27 01:46:50.817,0.0,-26.551322819551427,-61.376498702560454,,0,2461248.4908659374,0.0,0.0,none,2,0.3333333333333333,112.23,21.31977671184433,0.8883240296601804,OK,True,0.18996504242933557,1.0,4,1.0,1,3.8706045041485577,0.45536523578218324,5,1,2,1,3.0999999999999996,3,2.665,2.665,0,0.42105263157894735,0.9642857142857143,No significant transit timing variation signal currently detected.,Compatible with PIRATE. Target brightness is V=9.2 and the expected transit depth is 0.3 mmag. Estimated minimum aperture is 21 inches.,Poor observability. Only 0% of the transit is observable. Peak altitude reaches -27°.,"Predicted transit timing uncertainty has grown to approximately 116.4 minutes, indicating that additional observations would improve ephemeris precision.",This target has a high ExoClock priority. No recent transit observations have been reported. No recent literature activity was identified.,This is a top priority target,This target has only partial visibility.,"{'priority': 'This is a top priority target', 'score': 2.665, 'visibility': 'Poor observability. Only 0% of the transit is observable. Peak altitude reaches -27°.', 'ephemeris': 'Predicted transit timing uncertainty has grown to approximately 116.4 minutes, indicating that additional observations would improve ephemeris precision.', 'science': 'This target has a high ExoClock priority. No recent transit observations have been reported. No recent literature activity was identified.', 'coordination': 'This target has only partial visibility.', 'network': False, 'campaign': False}","This is a top priority target. Predicted transit timing uncertainty has grown to approximately 116.4 minutes, indicating that additional observations would improve ephemeris precision.. Poor observability. Only 0% of the transit is observable. Peak altitude reaches -27°.. This target has a high ExoClock priority. No recent transit observations have been reported. No recent literature activity was identified..",—
HR858b_654,HR858b,654,16.17485562242936,90.0,5.82,2458903.961,3.585266,2.82,6.382,6.057,0.25,0.0,114.32,42.98436,-30.81451638888889,0,high,,8.367579978724034,False,False,0,5.3,2344.122351002414,2458903.961,0,0,,,,2026-07-27 05:22:47.706,0.0,30.838386677597896,4.992387273300019,3.4962672330674285,0,2461248.8061077083,0.0,0.0,none,2,0.3333333333333333,114.32,6.163623086633325,0.25681762860972185,OK,True,0.053915527349836644,1.0,4,1.0,1,4.0102739936172105,0.4717969404255542,5,1,2,1,3.0999999999999996,3,2.665,2.665,0,0.42105263157894735,0.9642857142857143,No significant transit timing variation signal currently detected.,Compatible with PIRATE. Target brightness is V=6.4 and the expected transit depth is 0.2 mmag. Estimated minimum aperture is 6 inches.,Poor observability. Only 0% of the transit is observable. Peak altitude reaches 31°. Average airmass is 3.50 (poor observing conditions).,"Predicted transit timing uncertainty has grown to approximately 16.2 minutes, indicating that additional observations would improve ephemeris precision.",This target has a high ExoClock priority. No recent transit observations have been reported. No recent literature activity was identified.,This is a top priority target,This target has only partial visibility.,"{'priority': 'This is a top priority target', 'score': 2.665, 'visibility': 'Poor observability. Only 0% of the transit is observable. Peak altitude reaches 31°. Average airmass is 3.50 (poor observing conditions).', 'ephemeris': 'Predicted transit timing uncertainty has grown to approximately 16.2 minutes, indicating that additional observations would improve ephemeris precision.', 'science': 'This target has a high ExoClock priority. No recent transit observations have been reported. No recent literature activity was identified.', 'coordination': 'This target has only partial visibility.', 'network': False, 'campaign': False}","This is a top priority target. Predicted transit timing uncertainty has grown to approximately 16.2 minutes, indicating that additional observations would improve ephemeris precision.. Poor observability. Only 0% of the transit is observable. Peak altitude reaches 31°. Average airmass is 3.50 (poor observing conditions).. This target has a high ExoClock priority. No recent transit observations have been reported. No recent literature activity was identified..",—
WASP-7b_352,WASP-7b,352,0.5001681133161855,90.0,6.890000000000001,2459504.49547,4.9546494,3.89,9.5,9.196,11.26,5.18,5.0,311.04258625000006,-39.225238611111116,1,high,,6.054918840473354,True,False,0,93.14,1743.5878816223703,2459504.49547,0,0,,,,2026-07-27 00:45:00.697,0.6333333333333333,22.572815221828122,11.987198559551226,3.0413684094873905,1,2461248.5645914003,5.18,0.259,weak,5,0.8333333333333334,5.0,4.0,0.16666666666666666,OK,True,0.8,1.0,4,0.5,1,3.816475652142006,0.4489971355461183,1,2,5,3,3.025,3,2.60375,2.60375,0,0.9548872180451128,0.9586466165413534,Weak transit timing variation signal detected. Current timing offset is approximately 5.2 minutes.,Compatible with PIRATE. Target brightness is V=9.5 and the expected transit depth is 11.3 mmag. Estimated minimum aperture is 4 inches.,Moderate observability. Approximately 63% of the transit is observable. Peak altitude reaches 23°. Average airmass is 3.04 (poor observing conditions).,"The ephemeris remains relatively well constrained (0.5 minute uncertainty), but the target has not been observed recently and would benefit from maintenance observations.",This target has a high ExoClock priority. 1 recent transit observations have been recorded. No recent literature activity was identified.,This is a top priority target,"For this target, multi-site coordination is recommended.","{'priority': 'This is a top priority target', 'score': 2.60375, 'visibility': 'Moderate observability. Approximately 63% of the transit is observable. Peak altitude reaches 23°. Average airmass is 3.04 (poor observing conditions).', 'ephemeris': 'The ephemeris remains relatively well constrained (0.5 minute uncertainty), but the target has not been observed recently and would benefit from maintenance observations.', 'science': 'This target has a high ExoClock priority. 1 recent transit observations have been recorded. No recent literature activity was identified.', 'coordination': 'For this target, multi-site coordination is recommended.', 'network': True, 'campaign': False}","This is a top priority target. The ephemeris remains relatively well constrained (0.5 minute uncertainty), but the target has not been observed recently and would benefit from maintenance observations.. Moderate observability. Approximately 63% of the transit is observable. Peak altitude reaches 23°. Average airmass is 3.04 (poor observing conditions).. TTV signal weak. This target has a high ExoClock priority. 1 recent transit observations have been recorded. No recent literature activity was identified.. requires multi-site coordination.",🌍 Network
HAT-P-69b_353,HAT-P-69b,353,1.6265579200459395,90.0,8.15,2459558.49759,4.786962,5.15,9.77,9.667,9.48,5.55,5.0,130.50565041666664,3.710561666666667,0,high,,6.267022800682353,True,False,0,67.18,1689.585760849528,2459558.49759,0,0,,,,2026-07-26 19:03:54.023,0.0,33.94092604969983,-18.006993241821903,9.750626833067205,0,2461248.211041933,5.55,0.27749999999999997,weak,4,0.6666666666666666,5.0,4.0,0.16666666666666666,OK,True,0.8,1.0,4,1.0,1,5.380106840204706,0.632953745906436,2,2,4,1,3.0999999999999996,4,2.5149999999999997,2.5149999999999997,0,0.42105263157894735,0.9454887218045113,Weak transit timing variation signal detected. Current timing offset is approximately 5.5 minutes.,Compatible with PIRATE. Target brightness is V=9.8 and the expected transit depth is 9.5 mmag. Estimated minimum aperture is 4 inches.,Poor observability. Only 0% of the transit is observable. Peak altitude reaches 34°. Average airmass is 9.75 (poor observing conditions).,"The ephemeris remains relatively well constrained (1.6 minute uncertainty), but the target has not been observed recently and would benefit from maintenance observations.",This target has a high ExoClock priority. No recent transit observations have been reported. No recent literature activity was identified.,This is a top priority target,"For this target, multi-site coordination is recommended. This target has only partial visibility.","{'priority': 'This is a top priority target', 'score': 2.5149999999999997, 'visibility': 'Poor observability. Only 0% of the transit is observable. Peak altitude reaches 34°. Average airmass is 9.75 (poor observing conditions).', 'ephemeris': 'The ephemeris remains relatively well constrained (1.6 minute uncertainty), but the target has not been observed recently and would benefit from maintenance observations.', 'science': 'This target has a high ExoClock priority. No recent transit observations have been reported. No recent literature activity was identified.', 'coordination': 'For this target, multi-site coordination is recommended. This target has only partial visibility.', 'network': True, 'campaign': False}","This is a top priority target. The ephemeris remains relatively well constrained (1.6 minute uncertainty), but the target has not been observed recently and would benefit from maintenance observations.. Poor observability. Only 0% of the transit is observable. Peak altitude reaches 34°. Average airmass is 9.75 (poor observing conditions).. TTV signal weak. This target has a high ExoClock priority. No recent transit observations have been reported. No recent literature activity was identified.. requires multi-site coordination.",🌍 Network
HD152843b_190,HD152843b,190,30.195395675497984,91.0,8.563333333333333,2459040.7688,11.62074,5.53,8.85,8.568,0.63,0.0,50.18,253.78481708333334,20.491331666666667,0,high,,2.5815911895455885,True,False,0,8.3,2207.3145509711467,2459040.7688,0,0,,,,2026-07-27 05:00:22.977,0.0,18.563110398418132,-27.189802706713927,20.44153317224935,0,2461248.6252659373,0.0,0.0,none,1,0.16666666666666666,50.18,8.639682668060303,0.35998677783584593,OK,True,0.1721738275819112,1.0,4,1.0,1,4.2744773568636765,0.5028796890427855,5,1,1,1,3.0999999999999996,3,2.5149999999999997,2.5149999999999997,0,0.42105263157894735,0.9454887218045113,No significant transit timing variation signal currently detected.,Compatible with PIRATE. Target brightness is V=8.8 and the expected transit depth is 0.6 mmag. Estimated minimum aperture is 9 inches.,Poor observability. Only 0% of the transit is observable. Peak altitude reaches 19°. Average airmass is 20.44 (poor observing conditions).,"Predicted transit timing uncertainty has grown to approximately 30.2 minutes, indicating that additional observations would improve ephemeris precision.",This target has a high ExoClock priority. No recent transit observations have been reported. No recent literature activity was identified.,This is a top priority target,"For this target, multi-site coordination is recommended. This target has only partial visibility.","{'priority': 'This is a top priority target', 'score': 2.5149999999999997, 'visibility': 'Poor observability. Only 0% of the transit is observable. Peak altitude reaches 19°. Average airmass is 20.44 (poor observing conditions).', 'ephemeris': 'Predicted transit timing uncertainty has grown to approximately 30.2 minutes, indicating that additional observations would improve ephemeris precision.', 'science': 'This target has a high ExoClock priority. No recent transit observations have been reported. No recent literature activity was identified.', 'coordination': 'For this target, multi-site coordination is recommended. This target has only partial visibility.', 'network': True, 'campaign': False}","This is a top priority target. Predicted transit timing uncertainty has grown to approximately 30.2 minutes, indicating that additional observations would improve ephemeris precision.. Poor observability. Only 0% of the transit is observable. Peak altitude reaches 19°. Average airmass is 20.44 (poor observing conditions).. This target has a high ExoClock priority. No recent transit observations have been reported. No recent literature activity was identified.. requires multi-site coordination.",🌍 Network
TOI-125b_488,TOI-125b,488,13.233016779312972,90.0,5.98,2458978.6849,4.651717,2.98,11.02,10.472,1.16,0.0,42.13,23.594727916666667,-66.67582,0,high,,6.449231541815635,False,False,0,4.54,2269.3984512854367,2458978.6849,0,0,,,,2026-07-27 05:19:40.391,0.0,-4.833231440781516,-10.916504290304188,,0,2461248.765050822,0.0,0.0,none,1,0.16666666666666666,42.13,23.560988377686904,0.9817078490702876,OK,True,0.5592449175809852,1.0,4,1.0,1,3.4347694625446907,0.4040905250052577,5,1,1,1,3.0999999999999996,3,2.5149999999999997,2.5149999999999997,0,0.42105263157894735,0.9454887218045113,No significant transit timing variation signal currently detected.,Compatible with PIRATE. Target brightness is V=11.0 and the expected transit depth is 1.2 mmag. Estimated minimum aperture is 24 inches.,Poor observability. Only 0% of the transit is observable. Peak altitude reaches -5°.,"The ephemeris remains relatively well constrained (13.2 minute uncertainty), but the target has not been observed recently and would benefit from maintenance observations.",This target has a high ExoClock priority. No recent transit observations have been reported. No recent literature activity was identified.,This is a top priority target,This target has only partial visibility.,"{'priority': 'This is a top priority target', 'score': 2.5149999999999997, 'visibility': 'Poor observability. Only 0% of the transit is observable. Peak altitude reaches -5°.', 'ephemeris': 'The ephemeris remains relatively well constrained (13.2 minute uncertainty), but the target has not been observed recently and would benefit from maintenance observations.', 'science': 'This target has a high ExoClock priority. No recent transit observations have been reported. No recent literature activity was identified.', 'coordination': 'This target has only partial visibility.', 'network': False, 'campaign': False}","This is a top priority target. The ephemeris remains relatively well constrained (13.2 minute uncertainty), but the target has not been observed recently and would benefit from maintenance observations.. Poor observability. Only 0% of the transit is observable. Peak altitude reaches -5°.. This target has a high ExoClock priority. No recent transit observations have been reported. No recent literature activity was identified..",—
TOI-2421b_527,TOI-2421b,527,6.0655745039617495,90.0,7.87,2458957.02765,4.3474032,4.87,11.42,10.924,3.78,0.0,13.23,33.153867500000004,-35.39090222222222,0,high,,6.900671186882321,True,False,0,14.28,2291.055701527279,2458957.02765,0,0,,,,2026-07-26 14:36:00.202,0.0,-10.931257567124556,-57.93748985285966,,0,2461248.025002338,0.0,0.0,none,2,0.3333333333333333,13.23,12.274964680357453,0.5114568616815606,OK,True,0.9278129010096335,1.0,4,1.0,1,5.570201356064697,0.6553178065958467,4,1,2,1,3.0999999999999996,4,2.5149999999999997,2.5149999999999997,0,0.42105263157894735,0.9454887218045113,No significant transit timing variation signal currently detected.,Compatible with PIRATE. Target brightness is V=11.4 and the expected transit depth is 3.8 mmag. Estimated minimum aperture is 12 inches.,Poor observability. Only 0% of the transit is observable. Peak altitude reaches -11°.,"The ephemeris remains relatively well constrained (6.1 minute uncertainty), but the target has not been observed recently and would benefit from maintenance observations.",This target has a high ExoClock priority. No recent transit observations have been reported. No recent literature activity was identified.,This is a top priority target,"For this target, multi-site coordination is recommended. This target has only partial visibility.","{'priority': 'This is a top priority target', 'score': 2.5149999999999997, 'visibility': 'Poor observability. Only 0% of the transit is observable. Peak altitude reaches -11°.', 'ephemeris': 'The ephemeris remains relatively well constrained (6.1 minute uncertainty), but the target has not been observed recently and would benefit from maintenance observations.', 'science': 'This target has a high ExoClock priority. No recent transit observations have been reported. No recent literature activity was identified.', 'coordination': 'For this target, multi-site coordination is recommended. This target has only partial visibility.', 'network': True, 'campaign': False}","This is a top priority target. The ephemeris remains relatively well constrained (6.1 minute uncertainty), but the target has not been observed recently and would benefit from maintenance observations.. Poor observability. Only 0% of the transit is observable. Peak altitude reaches -11°.. This target has a high ExoClock priority. No recent transit observations have been reported. No recent literature activity was identified.. requires multi-site coordination.",🌍 Network
MASCARA-1b_667,MASCARA-1b,667,1.830032253197876,90.0,7.17,2459815.476045,2.1487719,4.17,8.27,8.138,6.83,-0.76,5.0,317.55155125,10.738873333333332,2,medium,,13.961463289798234,True,False,0,89.16,1432.6073062336072,2459815.476045,1,4,Atmospheric characterization of six ultra-hot Jupiters from $K$-band high-resolution spectroscopy,2026arXiv260703992F,2026-07-00,2026-07-27 04:56:47.175,0.5,67.80983335359514,18.864962120666796,1.608531816828071,1,2461248.6227682293,0.76,0.038,none,4,0.6666666666666666,5.0,4.0,0.16666666666666666,OK,True,0.8,1.0,3,0.3333333333333333,2,5.0,0.5882352941176471,2,1,4,3,2.4499999999999993,3,2.4174999999999995,2.4174999999999995,0,0.8928571428571429,0.9360902255639098,No significant transit timing variation signal currently detected.,Compatible with PIRATE. Target brightness is V=8.3 and the expected transit depth is 6.8 mmag. Estimated minimum aperture is 4 inches.,Limited observability. Approximately 50% of the transit is observable. Peak altitude reaches 68°. Average airmass is 1.61 (good observing conditions).,"The ephemeris remains relatively well constrained (1.8 minute uncertainty), but the target has not been observed recently and would benefit from maintenance observations.","This target has a medium ExoClock priority. 2 recent transit observations have been recorded. 1 papers were identified in the last 12 months and 4 papers in the last 36 months. Latest publication: ""Atmospheric characterization of six ultra-hot Jupiters from $K$-band high-resolution spectroscopy"".",This is a top priority target,"For this target, multi-site coordination is recommended.","{'priority': 'This is a top priority target', 'score': 2.4174999999999995, 'visibility': 'Limited observability. Approximately 50% of the transit is observable. Peak altitude reaches 68°. Average airmass is 1.61 (good observing conditions).', 'ephemeris': 'The ephemeris remains relatively well constrained (1.8 minute uncertainty), but the target has not been observed recently and would benefit from maintenance observations.', 'science': 'This target has a medium ExoClock priority. 2 recent transit observations have been recorded. 1 papers were identified in the last 12 months and 4 papers in the last 36 months. Latest publication: ""Atmospheric characterization of six ultra-hot Jupiters from $K$-band high-resolution spectroscopy"".', 'coordination': 'For this target, multi-site coordination is recommended.', 'network': True, 'campaign': False}","This is a top priority target. The ephemeris remains relatively well constrained (1.8 minute uncertainty), but the target has not been observed recently and would benefit from maintenance observations.. Limited observability. Approximately 50% of the transit is observable. Peak altitude reaches 68°. Average airmass is 1.61 (good observing conditions).. This target has a medium ExoClock priority. 2 recent transit observations have been recorded. 1 papers were identified in the last 12 months and 4 papers in the last 36 months. Latest publication: ""Atmospheric characterization of six ultra-hot Jupiters from $K$-band high-resolution spectroscopy"".. requires multi-site coordination.",🌍 Network
HIP116454b_125,HIP116454b,125,22.116543672098658,90.0,4.7,2460110.7869,9.1004,1.7,10.162,9.6,0.91,0.0,51.45,353.9553541666666,0.44551222222222225,0,high,,3.2965583930376683,False,False,0,4.49,1137.296450998634,2460110.7869,0,0,,,,2026-07-26 20:03:58.977,0.0,-4.728389969527201,-52.68564241802088,,0,2461248.4180437154,0.0,0.0,none,1,0.16666666666666666,51.45,23.723866683504635,0.9884944451460265,OK,True,0.4611052805345896,1.0,4,1.0,1,2.4889675179113007,0.2928197079895648,5,1,1,1,3.0999999999999996,2,2.415,2.415,0,0.42105263157894735,0.9323308270676691,No significant transit timing variation signal currently detected.,Compatible with PIRATE. Target brightness is V=10.2 and the expected transit depth is 0.9 mmag. Estimated minimum aperture is 24 inches.,Poor observability. Only 0% of the transit is observable. Peak altitude reaches -5°.,"Predicted transit timing uncertainty has grown to approximately 22.1 minutes, indicating that additional observations would improve ephemeris precision.",This target has a high ExoClock priority. No recent transit observations have been reported. No recent literature activity was identified.,This is a top priority target,This target has only partial visibility.,"{'priority': 'This is a top priority target', 'score': 2.415, 'visibility': 'Poor observability. Only 0% of the transit is observable. Peak altitude reaches -5°.', 'ephemeris': 'Predicted transit timing uncertainty has grown to approximately 22.1 minutes, indicating that additional observations would improve ephemeris precision.', 'science': 'This target has a high ExoClock priority. No recent transit observations have been reported. No recent literature activity was identified.', 'coordination': 'This target has only partial visibility.', 'network': False, 'campaign': False}","This is a top priority target. Predicted transit timing uncertainty has grown to approximately 22.1 minutes, indicating that additional observations would improve ephemeris precision.. Poor observability. Only 0% of the transit is observable. Peak altitude reaches -5°.. This target has a high ExoClock priority. No recent transit observations have been reported. No recent literature activity was identified..",—
WASP-175b_877,WASP-175b,877,1.023590896683503,90.0,5.6899999999999995,2458559.95607,3.06529535,2.69,12.959,12.497,12.47,5.63,7.03,166.31892583333334,-34.12277111111111,1,high,,9.78698512689813,False,False,0,12.92,2688.127281878609,2458559.95607,0,0,,,,2026-07-26 17:15:46.761,0.0,27.431499187543032,11.690408846793138,2.7325897436147915,0,2461248.16373566,5.63,0.2815,weak,4,0.6666666666666666,7.03,18.472312412078463,0.7696796838366026,OK,True,2.6276404569101652,1.0,4,0.5,1,4.43609553806944,0.5218935927140517,2,2,4,1,3.025,3,2.4037499999999996,2.4037499999999996,0,0.42105263157894735,0.9285714285714286,Weak transit timing variation signal detected. Current timing offset is approximately 5.6 minutes.,Compatible with PIRATE. Target brightness is V=13.0 and the expected transit depth is 12.5 mmag. Estimated minimum aperture is 18 inches.,Poor observability. Only 0% of the transit is observable. Peak altitude reaches 27°. Average airmass is 2.73 (marginal observing conditions).,"The ephemeris remains relatively well constrained (1.0 minute uncertainty), but the target has not been observed recently and would benefit from maintenance observations.",This target has a high ExoClock priority. 1 recent transit observations have been recorded. No recent literature activity was identified.,This is a top priority target,This target has only partial visibility.,"{'priority': 'This is a top priority target', 'score': 2.4037499999999996, 'visibility': 'Poor observability. Only 0% of the transit is observable. Peak altitude reaches 27°. Average airmass is 2.73 (marginal observing conditions).', 'ephemeris': 'The ephemeris remains relatively well constrained (1.0 minute uncertainty), but the target has not been observed recently and would benefit from maintenance observations.', 'science': 'This target has a high ExoClock priority. 1 recent transit observations have been recorded. No recent literature activity was identified.', 'coordination': 'This target has only partial visibility.', 'network': False, 'campaign': False}","This is a top priority target. The ephemeris remains relatively well constrained (1.0 minute uncertainty), but the target has not been observed recently and would benefit from maintenance observations.. Poor observability. Only 0% of the transit is observable. Peak altitude reaches 27°. Average airmass is 2.73 (marginal observing conditions).. TTV signal weak. This target has a high ExoClock priority. 1 recent transit observations have been recorded. No recent literature activity was identified..",—
WASP-171b_669,WASP-171b,669,6.127491011843568,90.0,7.61,2458693.72031,3.8186198,4.61,12.573,12.225,5.02,2.96,14.48,171.84510333333333,-44.08869416666667,2,medium,,7.856241671401798,True,False,0,8.07,2554.3630418740213,2458693.72031,0,0,,,,2026-07-26 21:01:39.832,0.0,8.25498908462193,-26.749791333622277,58.62193704081952,0,2461248.2928221296,2.96,0.148,none,2,0.3333333333333333,14.48,18.617797848147774,0.7757415770061572,OK,True,1.285759519899708,1.0,3,0.3333333333333333,1,5.85687250142054,0.689043823696534,4,1,2,1,2.2999999999999994,4,2.395,2.395,0,0.42105263157894735,0.924812030075188,No significant transit timing variation signal currently detected.,Compatible with PIRATE. Target brightness is V=12.6 and the expected transit depth is 5.0 mmag. Estimated minimum aperture is 19 inches.,Poor observability. Only 0% of the transit is observable. Peak altitude reaches 8°. Average airmass is 58.62 (poor observing conditions).,"The ephemeris remains relatively well constrained (6.1 minute uncertainty), but the target has not been observed recently and would benefit from maintenance observations.",This target has a medium ExoClock priority. 2 recent transit observations have been recorded. No recent literature activity was identified.,This is a top priority target,"For this target, multi-site coordination is recommended. This target has only partial visibility.","{'priority': 'This is a top priority target', 'score': 2.395, 'visibility': 'Poor observability. Only 0% of the transit is observable. Peak altitude reaches 8°. Average airmass is 58.62 (poor observing conditions).', 'ephemeris': 'The ephemeris remains relatively well constrained (6.1 minute uncertainty), but the target has not been observed recently and would benefit from maintenance observations.', 'science': 'This target has a medium ExoClock priority. 2 recent transit observations have been recorded. No recent literature activity was identified.', 'coordination': 'For this target, multi-site coordination is recommended. This target has only partial visibility.', 'network': True, 'campaign': False}","This is a top priority target. The ephemeris remains relatively well constrained (6.1 minute uncertainty), but the target has not been observed recently and would benefit from maintenance observations.. Poor observability. Only 0% of the transit is observable. Peak altitude reaches 8°. Average airmass is 58.62 (poor observing conditions).. This target has a medium ExoClock priority. 2 recent transit observations have been recorded. No recent literature activity was identified.. requires multi-site coordination.",🌍 Network
WASP-3b_2094,WASP-3b,2094,0.17972674868710772,90.0,5.8,2457381.353164,1.84683512,2.8,10.63,10.52,13.66,0.96,5.0,278.63177291666665,35.66152472222222,7,low,,16.244005582913108,False,False,0,55.14,3866.7301876139827,2457381.353164,0,0,,,,2026-07-27 03:00:09.033,0.9916666666666667,68.10218069357747,20.521917526589178,1.5974983188074399,1,2461248.5417712154,0.96,0.048,none,5,0.8333333333333334,5.0,5.918699166254279,0.24661246526059497,OK,True,1.1837398332508557,1.0,2,0.125,1,3.0,0.35294117647058826,1,1,5,5,1.5687499999999999,2,2.3853125,2.3853125,0,0.9924812030075187,0.9210526315789473,No significant transit timing variation signal currently detected.,Compatible with PIRATE. Target brightness is V=10.6 and the expected transit depth is 13.7 mmag. Estimated minimum aperture is 6 inches.,Excellent observability. Approximately 99% of the transit is observable. Peak altitude reaches 68°. Average airmass is 1.60 (good observing conditions).,"The ephemeris remains relatively well constrained (0.2 minute uncertainty), but the target has not been observed recently and would benefit from maintenance observations.",This target has a low ExoClock priority. 7 recent observations indicate strong monitoring coverage. No recent literature activity was identified.,This is a top priority target,There is no special coordination required.,"{'priority': 'This is a top priority target', 'score': 2.3853125, 'visibility': 'Excellent observability. Approximately 99% of the transit is observable. Peak altitude reaches 68°. Average airmass is 1.60 (good observing conditions).', 'ephemeris': 'The ephemeris remains relatively well constrained (0.2 minute uncertainty), but the target has not been observed recently and would benefit from maintenance observations.', 'science': 'This target has a low ExoClock priority. 7 recent observations indicate strong monitoring coverage. No recent literature activity was identified.', 'coordination': 'There is no special coordination required.', 'network': False, 'campaign': False}","This is a top priority target. The ephemeris remains relatively well constrained (0.2 minute uncertainty), but the target has not been observed recently and would benefit from maintenance observations.. Excellent observability. Approximately 99% of the transit is observable. Peak altitude reaches 68°. Average airmass is 1.60 (good observing conditions).. This target has a low ExoClock priority. 7 recent observations indicate strong monitoring coverage. No recent literature activity was identified..",—
TOI-2364b_545,TOI-2364b,545,3.40793341625114,90.0,5.779999999999999,2459058.21396,4.0197517,2.78,12.289,12.103,10.67,0.91,7.2,89.12997333333334,-5.011963055555555,1,medium,,7.463147537197385,False,False,0,17.78,2189.869391520042,2459058.21396,1,1,"VizieR Online Data Catalog: TESS &amp; KPF: TOI-2364 light &amp; radial velocity curves (Tamburo+, 2025)",2026yCat..51700034T,2026-04-00,2026-07-27 11:28:05.010,0.0,56.69289718953568,38.49915083397607,1.2893953241545986,0,2461248.947280208,0.91,0.0455,none,4,0.6666666666666666,7.2,14.428660807265977,0.6011942003027491,OK,True,2.00398066767583,1.0,3,0.5,2,3.7389442611592156,0.43987579543049593,3,1,4,1,2.4749999999999996,3,2.37125,2.37125,0,0.42105263157894735,0.9172932330827067,No significant transit timing variation signal currently detected.,Compatible with PIRATE. Target brightness is V=12.3 and the expected transit depth is 10.7 mmag. Estimated minimum aperture is 14 inches.,Poor observability. Only 0% of the transit is observable. Peak altitude reaches 57°. Average airmass is 1.29 (excellent observing conditions).,"The ephemeris remains relatively well constrained (3.4 minute uncertainty), but the target has not been observed recently and would benefit from maintenance observations.","This target has a medium ExoClock priority. 1 recent transit observations have been recorded. 1 papers were identified in the last 12 months and 1 papers in the last 36 months. Latest publication: ""VizieR Online Data Catalog: TESS &amp; KPF: TOI-2364 light &amp; radial velocity curves (Tamburo+, 2025)"".",This is a top priority target,This target has only partial visibility.,"{'priority': 'This is a top priority target', 'score': 2.37125, 'visibility': 'Poor observability. Only 0% of the transit is observable. Peak altitude reaches 57°. Average airmass is 1.29 (excellent observing conditions).', 'ephemeris': 'The ephemeris remains relatively well constrained (3.4 minute uncertainty), but the target has not been observed recently and would benefit from maintenance observations.', 'science': 'This target has a medium ExoClock priority. 1 recent transit observations have been recorded. 1 papers were identified in the last 12 months and 1 papers in the last 36 months. Latest publication: ""VizieR Online Data Catalog: TESS &amp; KPF: TOI-2364 light &amp; radial velocity curves (Tamburo+, 2025)"".', 'coordination': 'This target has only partial visibility.', 'network': False, 'campaign': False}","This is a top priority target. The ephemeris remains relatively well constrained (3.4 minute uncertainty), but the target has not been observed recently and would benefit from maintenance observations.. Poor observability. Only 0% of the transit is observable. Peak altitude reaches 57°. Average airmass is 1.29 (excellent observing conditions).. This target has a medium ExoClock priority. 1 recent transit observations have been recorded. 1 papers were identified in the last 12 months and 1 papers in the last 36 months. Latest publication: ""VizieR Online Data Catalog: TESS &amp; KPF: TOI-2364 light &amp; radial velocity curves (Tamburo+, 2025)""..",—
TOI-2018b_243,TOI-2018b,243,5.353029318059381,90.0,5.359999999999999,2459441.57071,7.435583,2.36,10.168,9.804,1.4,0.0,31.99,229.8381375,29.206174166666667,0,high,,4.034653368807799,False,False,0,9.44,1806.5126414922997,2459441.57071,0,0,,,,2026-07-26 21:59:52.362,0.625,89.18107512431607,40.05544264111933,1.1546968958429953,1,2461248.338800486,0.0,0.0,none,1,0.16666666666666666,31.99,16.27835863523989,0.6782649431349954,OK,True,0.5088577253904311,1.0,4,1.0,1,1.2103960106423397,0.14239953066380467,4,1,1,3,3.0999999999999996,1,2.3649999999999998,2.3649999999999998,0,0.9492481203007519,0.9135338345864662,No significant transit timing variation signal currently detected.,Compatible with PIRATE. Target brightness is V=10.2 and the expected transit depth is 1.4 mmag. Estimated minimum aperture is 16 inches.,Moderate observability. Approximately 62% of the transit is observable. Peak altitude reaches 89°. Average airmass is 1.15 (excellent observing conditions).,"The ephemeris remains relatively well constrained (5.4 minute uncertainty), but the target has not been observed recently and would benefit from maintenance observations.",This target has a high ExoClock priority. No recent transit observations have been reported. No recent literature activity was identified.,This is a top priority target,There is no special coordination required.,"{'priority': 'This is a top priority target', 'score': 2.3649999999999998, 'visibility': 'Moderate observability. Approximately 62% of the transit is observable. Peak altitude reaches 89°. Average airmass is 1.15 (excellent observing conditions).', 'ephemeris': 'The ephemeris remains relatively well constrained (5.4 minute uncertainty), but the target has not been observed recently and would benefit from maintenance observations.', 'science': 'This target has a high ExoClock priority. No recent transit observations have been reported. No recent literature activity was identified.', 'coordination': 'There is no special coordination required.', 'network': False, 'campaign': False}","This is a top priority target. The ephemeris remains relatively well constrained (5.4 minute uncertainty), but the target has not been observed recently and would benefit from maintenance observations.. Moderate observability. Approximately 62% of the transit is observable. Peak altitude reaches 89°. Average airmass is 1.15 (excellent observing conditions).. This target has a high ExoClock priority. No recent transit observations have been reported. No recent literature activity was identified..",—
TOI-3023b_441,TOI-3023b,441,1.1900869872341246,90.0,7.97,2459527.66761,3.9014988,4.97,12.24,12.109,10.87,-5.09,6.4,165.31677083333335,-72.356815,1,high,,7.689352614948901,True,False,0,25.42,1720.4157415530644,2459527.66761,0,0,,,,2026-07-26 17:28:00.198,0.0,-10.803779195327058,-17.247710429611654,,0,2461248.159724514,5.09,0.2545,weak,3,0.5,6.4,10.452920931247242,0.4355383721353017,OK,True,1.6332688955073815,1.0,4,0.5,1,5.80680578448467,0.6831536217040788,2,2,3,1,3.025,4,2.35375,2.35375,0,0.42105263157894735,0.9097744360902256,Weak transit timing variation signal detected. Current timing offset is approximately 5.1 minutes.,Compatible with PIRATE. Target brightness is V=12.2 and the expected transit depth is 10.9 mmag. Estimated minimum aperture is 10 inches.,Poor observability. Only 0% of the transit is observable. Peak altitude reaches -11°.,"The ephemeris remains relatively well constrained (1.2 minute uncertainty), but the target has not been observed recently and would benefit from maintenance observations.",This target has a high ExoClock priority. 1 recent transit observations have been recorded. No recent literature activity was identified.,This is a top priority target,"For this target, multi-site coordination is recommended. This target has only partial visibility.","{'priority': 'This is a top priority target', 'score': 2.35375, 'visibility': 'Poor observability. Only 0% of the transit is observable. Peak altitude reaches -11°.', 'ephemeris': 'The ephemeris remains relatively well constrained (1.2 minute uncertainty), but the target has not been observed recently and would benefit from maintenance observations.', 'science': 'This target has a high ExoClock priority. 1 recent transit observations have been recorded. No recent literature activity was identified.', 'coordination': 'For this target, multi-site coordination is recommended. This target has only partial visibility.', 'network': True, 'campaign': False}","This is a top priority target. The ephemeris remains relatively well constrained (1.2 minute uncertainty), but the target has not been observed recently and would benefit from maintenance observations.. Poor observability. Only 0% of the transit is observable. Peak altitude reaches -11°.. TTV signal weak. This target has a high ExoClock priority. 1 recent transit observations have been recorded. No recent literature activity was identified.. requires multi-site coordination.",🌍 Network
WASP-74b_1855,WASP-74b,1855,1.2739096731307733,90.0,5.34,2457282.89704,2.13775158,2.34,9.75,9.348,9.31,1.87,5.0,304.53883708333336,-1.075725,8,low,,14.033436008500107,False,False,0,60.02,3965.186311735306,2457282.89704,0,0,,,,2026-07-26 22:12:36.302,0.675,57.762952874889564,13.819273529091333,1.8897451032427592,1,2461248.5073646065,1.87,0.0935,none,5,0.8333333333333334,5.0,5.229351835062452,0.21788965979426886,OK,True,1.0458703670124905,1.0,2,0.1111111111111111,1,3.0,0.35294117647058826,2,1,5,3,1.5666666666666664,2,2.335,2.335,0,0.9586466165413534,0.9060150375939849,No significant transit timing variation signal currently detected.,Compatible with PIRATE. Target brightness is V=9.8 and the expected transit depth is 9.3 mmag. Estimated minimum aperture is 5 inches.,Moderate observability. Approximately 68% of the transit is observable. Peak altitude reaches 58°. Average airmass is 1.89 (good observing conditions).,"The ephemeris remains relatively well constrained (1.3 minute uncertainty), but the target has not been observed recently and would benefit from maintenance observations.",This target has a low ExoClock priority. 8 recent observations indicate strong monitoring coverage. No recent literature activity was identified.,This is a top priority target,There is no special coordination required.,"{'priority': 'This is a top priority target', 'score': 2.335, 'visibility': 'Moderate observability. Approximately 68% of the transit is observable. Peak altitude reaches 58°. Average airmass is 1.89 (good observing conditions).', 'ephemeris': 'The ephemeris remains relatively well constrained (1.3 minute uncertainty), but the target has not been observed recently and would benefit from maintenance observations.', 'science': 'This target has a low ExoClock priority. 8 recent observations indicate strong monitoring coverage. No recent literature activity was identified.', 'coordination': 'There is no special coordination required.', 'network': False, 'campaign': False}","This is a top priority target. The ephemeris remains relatively well constrained (1.3 minute uncertainty), but the target has not been observed recently and would benefit from maintenance observations.. Moderate observability. Approximately 68% of the transit is observable. Peak altitude reaches 58°. Average airmass is 1.89 (good observing conditions).. This target has a low ExoClock priority. 8 recent observations indicate strong monitoring coverage. No recent literature activity was identified..",—
WASP-90b_812,WASP-90b,812,1.0248562628189912,90.0,6.38,2458068.37618,3.9162642,3.38,11.7,11.251,7.12,-6.3,8.12,315.5319879166667,7.056254722222222,5,low,,7.660361627287556,True,False,0,18.65,3179.707171765156,2458068.37618,0,0,,,,2026-07-26 21:09:56.995,0.4166666666666667,46.1531763575584,-5.645711659912559,58.11420140917449,1,2461248.463854109,6.3,0.315,weak,3,0.5,8.12,12.213279183025504,0.5088866326260627,OK,True,1.5040984215548652,1.0,2,0.16666666666666666,1,5.7981084881862675,0.682130410374855,2,2,3,2,1.5749999999999997,4,2.28625,2.28625,0,0.8834586466165414,0.9022556390977443,Weak transit timing variation signal detected. Current timing offset is approximately 6.3 minutes.,Compatible with PIRATE. Target brightness is V=11.7 and the expected transit depth is 7.1 mmag. Estimated minimum aperture is 12 inches.,Limited observability. Approximately 42% of the transit is observable. Peak altitude reaches 46°. Average airmass is 58.11 (poor observing conditions).,"The ephemeris remains relatively well constrained (1.0 minute uncertainty), but the target has not been observed recently and would benefit from maintenance observations.",This target has a low ExoClock priority. 5 recent observations indicate moderate monitoring coverage. No recent literature activity was identified.,This is a top priority target,"For this target, multi-site coordination is recommended. This target has only partial visibility.","{'priority': 'This is a top priority target', 'score': 2.28625, 'visibility': 'Limited observability. Approximately 42% of the transit is observable. Peak altitude reaches 46°. Average airmass is 58.11 (poor observing conditions).', 'ephemeris': 'The ephemeris remains relatively well constrained (1.0 minute uncertainty), but the target has not been observed recently and would benefit from maintenance observations.', 'science': 'This target has a low ExoClock priority. 5 recent observations indicate moderate monitoring coverage. No recent literature activity was identified.', 'coordination': 'For this target, multi-site coordination is recommended. This target has only partial visibility.', 'network': True, 'campaign': False}","This is a top priority target. The ephemeris remains relatively well constrained (1.0 minute uncertainty), but the target has not been observed recently and would benefit from maintenance observations.. Limited observability. Approximately 42% of the transit is observable. Peak altitude reaches 46°. Average airmass is 58.11 (poor observing conditions).. TTV signal weak. This target has a low ExoClock priority. 5 recent observations indicate moderate monitoring coverage. No recent literature activity was identified.. requires multi-site coordination.",🌍 Network
WASP-178b_736,WASP-178b,736,1.5294821832449892,90.0,6.49,2458786.79918,3.3448383,3.49,9.95,9.871,14.63,-2.73,5.0,227.2703875,-42.70494138888889,4,low,,8.969043436270148,True,False,0,74.74,2461.284171886742,2458786.79918,3,12,A High-resolution Near-Ultraviolet Transmission Spectrum of KELT-9b: Mg II and Fe II Escaping from the Hottest Known Giant Planet,2026AJ....171..122B,2026-03-00,2026-07-27 02:23:05.401,0.0,-3.565372225377746,-44.522475307102525,,0,2461248.516034734,2.73,0.1365,none,5,0.8333333333333334,5.0,4.0,0.16666666666666666,OK,True,0.8,1.0,2,0.2,3,6.190713030881044,0.7283191801036523,2,1,5,1,1.88,4,2.282,2.282,0,0.42105263157894735,0.8984962406015038,No significant transit timing variation signal currently detected.,Compatible with PIRATE. Target brightness is V=9.9 and the expected transit depth is 14.6 mmag. Estimated minimum aperture is 4 inches.,Poor observability. Only 0% of the transit is observable. Peak altitude reaches -4°.,"The ephemeris remains relatively well constrained (1.5 minute uncertainty), but the target has not been observed recently and would benefit from maintenance observations.","This target has a low ExoClock priority. 4 recent observations indicate moderate monitoring coverage. 3 papers were identified in the last 12 months and 12 papers in the last 36 months. Latest publication: ""A High-resolution Near-Ultraviolet Transmission Spectrum of KELT-9b: Mg II and Fe II Escaping from the Hottest Known Giant Planet"".",This is a top priority target,"For this target, multi-site coordination is recommended. This target has only partial visibility.","{'priority': 'This is a top priority target', 'score': 2.282, 'visibility': 'Poor observability. Only 0% of the transit is observable. Peak altitude reaches -4°.', 'ephemeris': 'The ephemeris remains relatively well constrained (1.5 minute uncertainty), but the target has not been observed recently and would benefit from maintenance observations.', 'science': 'This target has a low ExoClock priority. 4 recent observations indicate moderate monitoring coverage. 3 papers were identified in the last 12 months and 12 papers in the last 36 months. Latest publication: ""A High-resolution Near-Ultraviolet Transmission Spectrum of KELT-9b: Mg II and Fe II Escaping from the Hottest Known Giant Planet"".', 'coordination': 'For this target, multi-site coordination is recommended. This target has only partial visibility.', 'network': True, 'campaign': False}","This is a top priority target. The ephemeris remains relatively well constrained (1.5 minute uncertainty), but the target has not been observed recently and would benefit from maintenance observations.. Poor observability. Only 0% of the transit is observable. Peak altitude reaches -4°.. This target has a low ExoClock priority. 4 recent observations indicate moderate monitoring coverage. 3 papers were identified in the last 12 months and 12 papers in the last 36 months. Latest publication: ""A High-resolution Near-Ultraviolet Transmission Spectrum of KELT-9b: Mg II and Fe II Escaping from the Hottest Known Giant Planet"".. requires multi-site coordination.",🌍 Network
TOI-163b_443,TOI-163b,443,0.47570478266021066,90.0,7.42,2459373.969172,4.23111677,4.42,11.47,11.11,10.49,7.7,5.09,79.76815416666666,-71.89559722222224,0,high,,7.090326651514276,True,False,0,33.92,1874.1141792945564,2459373.969172,0,0,,,,2026-07-26 20:28:27.872,0.0,-37.54785267348033,-46.43704224690722,,0,2461248.269767037,7.7,0.385,weak,4,0.6666666666666666,5.09,7.914650703114007,0.3297771126297503,OK,True,1.55494119904008,1.0,4,1.0,1,5.627097995454283,0.6620115288769745,1,2,4,1,3.0999999999999996,4,2.2649999999999997,2.2649999999999997,0,0.42105263157894735,0.8928571428571429,Weak transit timing variation signal detected. Current timing offset is approximately 7.7 minutes.,Compatible with PIRATE. Target brightness is V=11.5 and the expected transit depth is 10.5 mmag. Estimated minimum aperture is 8 inches.,Poor observability. Only 0% of the transit is observable. Peak altitude reaches -38°.,"The ephemeris remains relatively well constrained (0.5 minute uncertainty), but the target has not been observed recently and would benefit from maintenance observations.",This target has a high ExoClock priority. No recent transit observations have been reported. No recent literature activity was identified.,This is a top priority target,"For this target, multi-site coordination is recommended. This target has only partial visibility.","{'priority': 'This is a top priority target', 'score': 2.2649999999999997, 'visibility': 'Poor observability. Only 0% of the transit is observable. Peak altitude reaches -38°.', 'ephemeris': 'The ephemeris remains relatively well constrained (0.5 minute uncertainty), but the target has not been observed recently and would benefit from maintenance observations.', 'science': 'This target has a high ExoClock priority. No recent transit observations have been reported. No recent literature activity was identified.', 'coordination': 'For this target, multi-site coordination is recommended. This target has only partial visibility.', 'network': True, 'campaign': False}","This is a top priority target. The ephemeris remains relatively well constrained (0.5 minute uncertainty), but the target has not been observed recently and would benefit from maintenance observations.. Poor observability. Only 0% of the transit is observable. Peak altitude reaches -38°.. TTV signal weak. This target has a high ExoClock priority. No recent transit observations have been reported. No recent literature activity was identified.. requires multi-site coordination.",🌍 Network
WASP-169b_443,WASP-169b,443,3.9403219942008287,90.0,9.09,2458763.18827,5.6114203,6.09,12.17,11.514,5.81,0.0,9.76,127.3872875,-12.944751666666667,0,high,,5.346240059758133,True,False,0,16.68,2484.8950818693265,2458763.18827,0,0,,,,2026-07-27 13:07:11.611,0.0,48.66693025716623,38.210705655536934,1.4096920063125107,0,2461249.05221772,0.0,0.0,none,2,0.3333333333333333,9.76,12.506446199362301,0.5211019249734292,OK,True,1.2813981761641702,1.0,4,1.0,1,5.10387201792744,0.6004555315208753,3,1,2,1,3.0999999999999996,4,2.2649999999999997,2.2649999999999997,0,0.42105263157894735,0.8928571428571429,No significant transit timing variation signal currently detected.,Compatible with PIRATE. Target brightness is V=12.2 and the expected transit depth is 5.8 mmag. Estimated minimum aperture is 13 inches.,Poor observability. Only 0% of the transit is observable. Peak altitude reaches 49°. Average airmass is 1.41 (excellent observing conditions).,"The ephemeris remains relatively well constrained (3.9 minute uncertainty), but the target has not been observed recently and would benefit from maintenance observations.",This target has a high ExoClock priority. No recent transit observations have been reported. No recent literature activity was identified.,This is a top priority target,"For this target, multi-site coordination is recommended. This target has only partial visibility.","{'priority': 'This is a top priority target', 'score': 2.2649999999999997, 'visibility': 'Poor observability. Only 0% of the transit is observable. Peak altitude reaches 49°. Average airmass is 1.41 (excellent observing conditions).', 'ephemeris': 'The ephemeris remains relatively well constrained (3.9 minute uncertainty), but the target has not been observed recently and would benefit from maintenance observations.', 'science': 'This target has a high ExoClock priority. No recent transit observations have been reported. No recent literature activity was identified.', 'coordination': 'For this target, multi-site coordination is recommended. This target has only partial visibility.', 'network': True, 'campaign': False}","This is a top priority target. The ephemeris remains relatively well constrained (3.9 minute uncertainty), but the target has not been observed recently and would benefit from maintenance observations.. Poor observability. Only 0% of the transit is observable. Peak altitude reaches 49°. Average airmass is 1.41 (excellent observing conditions).. This target has a high ExoClock priority. No recent transit observations have been reported. No recent literature activity was identified.. requires multi-site coordination.",🌍 Network
TOI-1789b_554,TOI-1789b,554,2.8276192150998054,90.0,5.29,2459470.47469,3.2087107,2.29,9.72,9.373,2.58,4.71,16.2,142.74344416666668,26.540165277777778,4,low,,9.349549649334232,False,False,0,16.78,1777.6086614686064,2459470.47469,0,0,,,,2026-07-26 14:23:26.915,0.0,88.12432161036378,63.25759780528707,1.0387916881664754,0,2461248.0982281826,4.71,0.2355,none,4,0.6666666666666666,16.2,9.903826818837398,0.4126594507848916,OK,True,0.6113473344961358,1.0,2,0.2,1,4.30486489480027,0.5064546935059141,3,1,4,1,1.5799999999999998,3,2.2369999999999997,2.2369999999999997,0,0.42105263157894735,0.8872180451127819,No significant transit timing variation signal currently detected.,Compatible with PIRATE. Target brightness is V=9.7 and the expected transit depth is 2.6 mmag. Estimated minimum aperture is 10 inches.,Poor observability. Only 0% of the transit is observable. Peak altitude reaches 88°. Average airmass is 1.04 (excellent observing conditions).,"The ephemeris remains relatively well constrained (2.8 minute uncertainty), but the target has not been observed recently and would benefit from maintenance observations.",This target has a low ExoClock priority. 4 recent observations indicate moderate monitoring coverage. No recent literature activity was identified.,This is a top priority target,This target has only partial visibility.,"{'priority': 'This is a top priority target', 'score': 2.2369999999999997, 'visibility': 'Poor observability. Only 0% of the transit is observable. Peak altitude reaches 88°. Average airmass is 1.04 (excellent observing conditions).', 'ephemeris': 'The ephemeris remains relatively well constrained (2.8 minute uncertainty), but the target has not been observed recently and would benefit from maintenance observations.', 'science': 'This target has a low ExoClock priority. 4 recent observations indicate moderate monitoring coverage. No recent literature activity was identified.', 'coordination': 'This target has only partial visibility.', 'network': False, 'campaign': False}","This is a top priority target. The ephemeris remains relatively well constrained (2.8 minute uncertainty), but the target has not been observed recently and would benefit from maintenance observations.. Poor observability. Only 0% of the transit is observable. Peak altitude reaches 88°. Average airmass is 1.04 (excellent observing conditions).. This target has a low ExoClock priority. 4 recent observations indicate moderate monitoring coverage. No recent literature activity was identified..",—
XO-7b_587,XO-7b,587,0.4105876424084795,90.0,5.79,2459567.216832,2.86413332,2.79,10.52,10.245,10.06,-1.03,5.0,277.47887083333336,85.23321527777777,17,low,,10.474372750218205,False,False,0,42.53,1680.8665199042298,2459567.216832,0,0,,,,2026-07-26 23:05:41.865,0.9,33.04896913007729,32.313045331239266,1.845009403989458,1,2461248.466456771,1.03,0.051500000000000004,none,5,0.8333333333333334,5.0,6.5679454893335025,0.2736643953888959,OK,True,1.3135890978667004,1.0,2,0.05555555555555555,1,3.0,0.35294117647058826,1,1,5,4,1.5583333333333331,2,2.23375,2.23375,0,0.9774436090225563,0.8834586466165414,No significant transit timing variation signal currently detected.,Compatible with PIRATE. Target brightness is V=10.5 and the expected transit depth is 10.1 mmag. Estimated minimum aperture is 7 inches.,Excellent observability. Approximately 90% of the transit is observable. Peak altitude reaches 33°. Average airmass is 1.85 (good observing conditions).,"The ephemeris remains relatively well constrained (0.4 minute uncertainty), but the target has not been observed recently and would benefit from maintenance observations.",This target has a low ExoClock priority. 17 recent observations indicate strong monitoring coverage. No recent literature activity was identified.,This is a top priority target,There is no special coordination required.,"{'priority': 'This is a top priority target', 'score': 2.23375, 'visibility': 'Excellent observability. Approximately 90% of the transit is observable. Peak altitude reaches 33°. Average airmass is 1.85 (good observing conditions).', 'ephemeris': 'The ephemeris remains relatively well constrained (0.4 minute uncertainty), but the target has not been observed recently and would benefit from maintenance observations.', 'science': 'This target has a low ExoClock priority. 17 recent observations indicate strong monitoring coverage. No recent literature activity was identified.', 'coordination': 'There is no special coordination required.', 'network': False, 'campaign': False}","This is a top priority target. The ephemeris remains relatively well constrained (0.4 minute uncertainty), but the target has not been observed recently and would benefit from maintenance observations.. Excellent observability. Approximately 90% of the transit is observable. Peak altitude reaches 33°. Average airmass is 1.85 (good observing conditions).. This target has a low ExoClock priority. 17 recent observations indicate strong monitoring coverage. No recent literature activity was identified..",—
HAT-P-16b_1188,HAT-P-16b,1188,0.2709586529355409,90.0,6.07,2457950.68753,2.77596741,3.07,10.91,10.553,14.45,-1.1,5.0,9.57316,42.46311555555556,10,low,,10.807043300266988,True,False,0,52.27,3297.395820781123,2457950.68753,1,1,"A Combined TESS and Ground-based Study of Transit Timing Variations in HAT-P-16, TOI-1516 and TOI-2046 Systems",2025AJ....170..341S,2025-12-00,2026-07-27 00:51:51.467,0.8166666666666667,55.42402714462812,12.795576436877308,2.1082946956522273,1,2461248.617956794,1.1,0.05500000000000001,none,4,0.6666666666666666,5.0,6.252123100291564,0.26050512917881513,OK,True,1.2504246200583127,1.0,2,0.09090909090909091,2,5.0,0.5882352941176471,1,1,4,4,1.7136363636363636,3,2.2070454545454545,2.2070454545454545,0,0.9699248120300752,0.8796992481203008,No significant transit timing variation signal currently detected.,Compatible with PIRATE. Target brightness is V=10.9 and the expected transit depth is 14.4 mmag. Estimated minimum aperture is 6 inches.,Excellent observability. Approximately 82% of the transit is observable. Peak altitude reaches 55°. Average airmass is 2.11 (marginal observing conditions).,"The ephemeris remains relatively well constrained (0.3 minute uncertainty), but the target has not been observed recently and would benefit from maintenance observations.","This target has a low ExoClock priority. 10 recent observations indicate strong monitoring coverage. 1 papers were identified in the last 12 months and 1 papers in the last 36 months. Latest publication: ""A Combined TESS and Ground-based Study of Transit Timing Variations in HAT-P-16, TOI-1516 and TOI-2046 Systems"".",This is a top priority target,"For this target, multi-site coordination is recommended.","{'priority': 'This is a top priority target', 'score': 2.2070454545454545, 'visibility': 'Excellent observability. Approximately 82% of the transit is observable. Peak altitude reaches 55°. Average airmass is 2.11 (marginal observing conditions).', 'ephemeris': 'The ephemeris remains relatively well constrained (0.3 minute uncertainty), but the target has not been observed recently and would benefit from maintenance observations.', 'science': 'This target has a low ExoClock priority. 10 recent observations indicate strong monitoring coverage. 1 papers were identified in the last 12 months and 1 papers in the last 36 months. Latest publication: ""A Combined TESS and Ground-based Study of Transit Timing Variations in HAT-P-16, TOI-1516 and TOI-2046 Systems"".', 'coordination': 'For this target, multi-site coordination is recommended.', 'network': True, 'campaign': False}","This is a top priority target. The ephemeris remains relatively well constrained (0.3 minute uncertainty), but the target has not been observed recently and would benefit from maintenance observations.. Excellent observability. Approximately 82% of the transit is observable. Peak altitude reaches 55°. Average airmass is 2.11 (marginal observing conditions).. This target has a low ExoClock priority. 10 recent observations indicate strong monitoring coverage. 1 papers were identified in the last 12 months and 1 papers in the last 36 months. Latest publication: ""A Combined TESS and Ground-based Study of Transit Timing Variations in HAT-P-16, TOI-1516 and TOI-2046 Systems"".. requires multi-site coordination.",🌍 Network
K2-107b_1170,K2-107b,1170,2.029131178016847,90.0,6.29,2457370.80298,3.3139202,3.29,12.92,12.531,7.2,5.08,11.8,284.98538375000004,-22.293401111111113,2,high,,9.05272251275091,True,False,0,8.56,3877.2803710429,2457370.80298,0,0,,,,2026-07-26 14:07:53.466,0.0,-32.51004739702424,-82.82224328653396,,0,2461248.170757708,5.08,0.254,weak,2,0.3333333333333333,11.8,21.590685658493452,0.8996119024372272,OK,True,1.8297191236011399,1.0,4,0.3333333333333333,1,6.215816753825273,0.7312725592735615,2,2,2,1,2.9999999999999996,4,2.1999999999999997,2.1999999999999997,0,0.42105263157894735,0.8759398496240601,Weak transit timing variation signal detected. Current timing offset is approximately 5.1 minutes.,Compatible with PIRATE. Target brightness is V=12.9 and the expected transit depth is 7.2 mmag. Estimated minimum aperture is 22 inches.,Poor observability. Only 0% of the transit is observable. Peak altitude reaches -33°.,"The ephemeris remains relatively well constrained (2.0 minute uncertainty), but the target has not been observed recently and would benefit from maintenance observations.",This target has a high ExoClock priority. 2 recent transit observations have been recorded. No recent literature activity was identified.,This is a top priority target,"For this target, multi-site coordination is recommended. This target has only partial visibility.","{'priority': 'This is a top priority target', 'score': 2.1999999999999997, 'visibility': 'Poor observability. Only 0% of the transit is observable. Peak altitude reaches -33°.', 'ephemeris': 'The ephemeris remains relatively well constrained (2.0 minute uncertainty), but the target has not been observed recently and would benefit from maintenance observations.', 'science': 'This target has a high ExoClock priority. 2 recent transit observations have been recorded. No recent literature activity was identified.', 'coordination': 'For this target, multi-site coordination is recommended. This target has only partial visibility.', 'network': True, 'campaign': False}","This is a top priority target. The ephemeris remains relatively well constrained (2.0 minute uncertainty), but the target has not been observed recently and would benefit from maintenance observations.. Poor observability. Only 0% of the transit is observable. Peak altitude reaches -33°.. TTV signal weak. This target has a high ExoClock priority. 2 recent transit observations have been recorded. No recent literature activity was identified.. requires multi-site coordination.",🌍 Network
K2-31b_3415,K2-31b,3415,1.7727332056731735,90.0,3.9699999999999998,2456952.71787,1.25784901,0.97,10.8,10.292,7.96,6.46,8.02,245.44074166666667,-23.547858055555558,3,low,,23.85023938604523,False,False,0,21.54,4295.365481020883,2456952.71787,0,0,,,,2026-07-26 18:30:52.279,0.0,37.09624998481696,4.750720081450959,3.272778739174417,0,2461248.353382859,6.46,0.323,weak,4,0.6666666666666666,8.02,14.245845522944311,0.5935768967893463,OK,True,1.7762899654544029,1.0,2,0.25,1,4.5,0.5294117647058824,2,2,4,1,1.5875,3,2.188125,2.188125,0,0.42105263157894735,0.8721804511278195,Weak transit timing variation signal detected. Current timing offset is approximately 6.5 minutes.,Compatible with PIRATE. Target brightness is V=10.8 and the expected transit depth is 8.0 mmag. Estimated minimum aperture is 14 inches.,Poor observability. Only 0% of the transit is observable. Peak altitude reaches 37°. Average airmass is 3.27 (poor observing conditions).,"The ephemeris remains relatively well constrained (1.8 minute uncertainty), but the target has not been observed recently and would benefit from maintenance observations.",This target has a low ExoClock priority. 3 recent observations indicate moderate monitoring coverage. No recent literature activity was identified.,This is a top priority target,This target has only partial visibility.,"{'priority': 'This is a top priority target', 'score': 2.188125, 'visibility': 'Poor observability. Only 0% of the transit is observable. Peak altitude reaches 37°. Average airmass is 3.27 (poor observing conditions).', 'ephemeris': 'The ephemeris remains relatively well constrained (1.8 minute uncertainty), but the target has not been observed recently and would benefit from maintenance observations.', 'science': 'This target has a low ExoClock priority. 3 recent observations indicate moderate monitoring coverage. No recent literature activity was identified.', 'coordination': 'This target has only partial visibility.', 'network': False, 'campaign': False}","This is a top priority target. The ephemeris remains relatively well constrained (1.8 minute uncertainty), but the target has not been observed recently and would benefit from maintenance observations.. Poor observability. Only 0% of the transit is observable. Peak altitude reaches 37°. Average airmass is 3.27 (poor observing conditions).. TTV signal weak. This target has a low ExoClock priority. 3 recent observations indicate moderate monitoring coverage. No recent literature activity was identified..",—
HAT-P-6b_907,HAT-P-6b,907,0.4376536736399854,90.0,6.51,2457753.81971,3.85299775,3.51,10.47,10.129,10.35,-0.52,5.0,354.77420874999996,42.46597305555556,4,low,,7.786145216409742,True,False,0,50.16,3494.2636407599784,2457753.81971,0,0,,,,2026-07-26 23:42:31.840,0.775,53.57981268941839,11.136868559291841,2.263595969705104,1,2461248.569812963,0.52,0.026000000000000002,none,4,0.6666666666666666,5.0,5.641659858769006,0.2350691607820419,OK,True,1.1283319717538012,1.0,2,0.2,1,4.335843564922923,0.5100992429321086,1,1,4,4,1.5799999999999998,3,2.187,2.187,0,0.9661654135338346,0.868421052631579,No significant transit timing variation signal currently detected.,Compatible with PIRATE. Target brightness is V=10.5 and the expected transit depth is 10.3 mmag. Estimated minimum aperture is 6 inches.,Moderate observability. Approximately 78% of the transit is observable. Peak altitude reaches 54°. Average airmass is 2.26 (marginal observing conditions).,"The ephemeris remains relatively well constrained (0.4 minute uncertainty), but the target has not been observed recently and would benefit from maintenance observations.",This target has a low ExoClock priority. 4 recent observations indicate moderate monitoring coverage. No recent literature activity was identified.,This is a top priority target,"For this target, multi-site coordination is recommended.","{'priority': 'This is a top priority target', 'score': 2.187, 'visibility': 'Moderate observability. Approximately 78% of the transit is observable. Peak altitude reaches 54°. Average airmass is 2.26 (marginal observing conditions).', 'ephemeris': 'The ephemeris remains relatively well constrained (0.4 minute uncertainty), but the target has not been observed recently and would benefit from maintenance observations.', 'science': 'This target has a low ExoClock priority. 4 recent observations indicate moderate monitoring coverage. No recent literature activity was identified.', 'coordination': 'For this target, multi-site coordination is recommended.', 'network': True, 'campaign': False}","This is a top priority target. The ephemeris remains relatively well constrained (0.4 minute uncertainty), but the target has not been observed recently and would benefit from maintenance observations.. Moderate observability. Approximately 78% of the transit is observable. Peak altitude reaches 54°. Average airmass is 2.26 (marginal observing conditions).. This target has a low ExoClock priority. 4 recent observations indicate moderate monitoring coverage. No recent literature activity was identified.. requires multi-site coordination.",🌍 Network
TOI-3912b_517,TOI-3912b,517,2.8787588701686553,90.0,6.5600000000000005,2459442.81871,3.4936264,3.56,12.398,12.396,10.86,-1.6,7.39,215.80145875,24.076565277777778,5,low,,8.587065863711128,True,False,0,16.99,1805.264641575981,2459442.81871,0,0,,,,2026-07-27 12:32:46.297,0.0,28.206327164757575,-18.480764001005834,17.891367883491956,0,2461249.104702512,1.6,0.08,none,3,0.5,7.39,13.288951612591754,0.5537063171913231,OK,True,1.7982343183480047,1.0,2,0.16666666666666666,1,6.076119759113339,0.7148376187192164,3,1,3,1,1.5749999999999997,4,2.18625,2.18625,0,0.42105263157894735,0.8646616541353384,No significant transit timing variation signal currently detected.,Compatible with PIRATE. Target brightness is V=12.4 and the expected transit depth is 10.9 mmag. Estimated minimum aperture is 13 inches.,Poor observability. Only 0% of the transit is observable. Peak altitude reaches 28°. Average airmass is 17.89 (poor observing conditions).,"The ephemeris remains relatively well constrained (2.9 minute uncertainty), but the target has not been observed recently and would benefit from maintenance observations.",This target has a low ExoClock priority. 5 recent observations indicate moderate monitoring coverage. No recent literature activity was identified.,This is a top priority target,"For this target, multi-site coordination is recommended. This target has only partial visibility.","{'priority': 'This is a top priority target', 'score': 2.18625, 'visibility': 'Poor observability. Only 0% of the transit is observable. Peak altitude reaches 28°. Average airmass is 17.89 (poor observing conditions).', 'ephemeris': 'The ephemeris remains relatively well constrained (2.9 minute uncertainty), but the target has not been observed recently and would benefit from maintenance observations.', 'science': 'This target has a low ExoClock priority. 5 recent observations indicate moderate monitoring coverage. No recent literature activity was identified.', 'coordination': 'For this target, multi-site coordination is recommended. This target has only partial visibility.', 'network': True, 'campaign': False}","This is a top priority target. The ephemeris remains relatively well constrained (2.9 minute uncertainty), but the target has not been observed recently and would benefit from maintenance observations.. Poor observability. Only 0% of the transit is observable. Peak altitude reaches 28°. Average airmass is 17.89 (poor observing conditions).. This target has a low ExoClock priority. 5 recent observations indicate moderate monitoring coverage. No recent literature activity was identified.. requires multi-site coordination.",🌍 Network
HATS-60b_675,HATS-60b,675,3.4232725395446812,90.0,6.88,2458845.39299,3.5608102,3.88,12.641,12.265,8.32,3.73,9.11,341.3640179166667,-14.991762499999998,0,medium,,8.425048883537796,True,False,0,12.29,2402.690360925626,2458845.39299,0,0,,,,2026-07-27 10:32:16.017,0.0,5.763411033129522,-45.933528051151335,35.7480001086294,0,2461248.8557409374,3.73,0.1865,none,2,0.3333333333333333,9.11,16.264963976727255,0.6777068323636356,OK,True,1.7853967043608405,1.0,3,1.0,1,6.0275146650613385,0.7091193723601574,3,1,2,1,2.3999999999999995,4,2.1599999999999997,2.1599999999999997,0,0.42105263157894735,0.8609022556390977,No significant transit timing variation signal currently detected.,Compatible with PIRATE. Target brightness is V=12.6 and the expected transit depth is 8.3 mmag. Estimated minimum aperture is 16 inches.,Poor observability. Only 0% of the transit is observable. Peak altitude reaches 6°. Average airmass is 35.75 (poor observing conditions).,"The ephemeris remains relatively well constrained (3.4 minute uncertainty), but the target has not been observed recently and would benefit from maintenance observations.",This target has a medium ExoClock priority. No recent transit observations have been reported. No recent literature activity was identified.,This is a top priority target,"For this target, multi-site coordination is recommended. This target has only partial visibility.","{'priority': 'This is a top priority target', 'score': 2.1599999999999997, 'visibility': 'Poor observability. Only 0% of the transit is observable. Peak altitude reaches 6°. Average airmass is 35.75 (poor observing conditions).', 'ephemeris': 'The ephemeris remains relatively well constrained (3.4 minute uncertainty), but the target has not been observed recently and would benefit from maintenance observations.', 'science': 'This target has a medium ExoClock priority. No recent transit observations have been reported. No recent literature activity was identified.', 'coordination': 'For this target, multi-site coordination is recommended. This target has only partial visibility.', 'network': True, 'campaign': False}","This is a top priority target. The ephemeris remains relatively well constrained (3.4 minute uncertainty), but the target has not been observed recently and would benefit from maintenance observations.. Poor observability. Only 0% of the transit is observable. Peak altitude reaches 6°. Average airmass is 35.75 (poor observing conditions).. This target has a medium ExoClock priority. No recent transit observations have been reported. No recent literature activity was identified.. requires multi-site coordination.",🌍 Network
HAT-P-2b_387,HAT-P-2b,387,0.27278130377691406,90.0,7.31,2459068.906048,5.63346772,4.31,8.69,8.417,6.62,-5.87,5.0,245.15149124999996,41.04808583333333,1,high,,5.3253167482425905,True,False,0,81.55,2179.17730275169,2459068.906048,0,0,,,,2026-07-27 13:22:26.824,0.0,20.61826547922206,-13.931376200490101,16.00805962222768,0,2461249.139199352,5.87,0.2935,weak,4,0.6666666666666666,5.0,4.0,0.16666666666666666,OK,True,0.8,1.0,4,0.5,1,5.097595024472777,0.5997170617026796,1,2,4,1,3.025,3,2.1537499999999996,2.1537499999999996,0,0.42105263157894735,0.8571428571428571,Weak transit timing variation signal detected. Current timing offset is approximately 5.9 minutes.,Compatible with PIRATE. Target brightness is V=8.7 and the expected transit depth is 6.6 mmag. Estimated minimum aperture is 4 inches.,Poor observability. Only 0% of the transit is observable. Peak altitude reaches 21°. Average airmass is 16.01 (poor observing conditions).,"The ephemeris remains relatively well constrained (0.3 minute uncertainty), but the target has not been observed recently and would benefit from maintenance observations.",This target has a high ExoClock priority. 1 recent transit observations have been recorded. No recent literature activity was identified.,This is a top priority target,"For this target, multi-site coordination is recommended. This target has only partial visibility.","{'priority': 'This is a top priority target', 'score': 2.1537499999999996, 'visibility': 'Poor observability. Only 0% of the transit is observable. Peak altitude reaches 21°. Average airmass is 16.01 (poor observing conditions).', 'ephemeris': 'The ephemeris remains relatively well constrained (0.3 minute uncertainty), but the target has not been observed recently and would benefit from maintenance observations.', 'science': 'This target has a high ExoClock priority. 1 recent transit observations have been recorded. No recent literature activity was identified.', 'coordination': 'For this target, multi-site coordination is recommended. This target has only partial visibility.', 'network': True, 'campaign': False}","This is a top priority target. The ephemeris remains relatively well constrained (0.3 minute uncertainty), but the target has not been observed recently and would benefit from maintenance observations.. Poor observability. Only 0% of the transit is observable. Peak altitude reaches 21°. Average airmass is 16.01 (poor observing conditions).. TTV signal weak. This target has a high ExoClock priority. 1 recent transit observations have been recorded. No recent literature activity was identified.. requires multi-site coordination.",🌍 Network
WASP-12b_3555,WASP-12b,3555,0.21697429557770678,90.0,6.0,2457368.4973,1.091418859,3.0,11.57,11.288,17.81,-5.43,5.0,97.6366525,29.672296111111113,30,low,,27.487155598069062,False,False,0,41.49,3879.5860516307876,2457368.4973,7,21,Effect of tidal gravity and planetary rotation on the retrieved atmospheric abundances of close-in exoplanets,2026arXiv260618100A,2026-06-00,2026-07-26 23:46:22.916,0.0,-22.463251838052972,-32.04552456876926,,0,2461248.572487454,5.43,0.27149999999999996,weak,5,0.8333333333333334,5.0,7.720368758032886,0.3216820315847036,OK,True,1.5440737516065772,1.0,2,0.03225806451612903,4,4.5,0.5294117647058824,1,2,5,1,2.0048387096774194,3,2.1507258064516126,2.1507258064516126,0,0.42105263157894735,0.8533834586466166,Weak transit timing variation signal detected. Current timing offset is approximately 5.4 minutes.,Compatible with PIRATE. Target brightness is V=11.6 and the expected transit depth is 17.8 mmag. Estimated minimum aperture is 8 inches.,Poor observability. Only 0% of the transit is observable. Peak altitude reaches -22°.,"The ephemeris remains relatively well constrained (0.2 minute uncertainty), but the target has not been observed recently and would benefit from maintenance observations.","This target has a low ExoClock priority. 30 recent observations indicate strong monitoring coverage. 7 papers were identified in the last 12 months and 21 papers in the last 36 months. Latest publication: ""Effect of tidal gravity and planetary rotation on the retrieved atmospheric abundances of close-in exoplanets"".",This is a top priority target,This target has only partial visibility.,"{'priority': 'This is a top priority target', 'score': 2.1507258064516126, 'visibility': 'Poor observability. Only 0% of the transit is observable. Peak altitude reaches -22°.', 'ephemeris': 'The ephemeris remains relatively well constrained (0.2 minute uncertainty), but the target has not been observed recently and would benefit from maintenance observations.', 'science': 'This target has a low ExoClock priority. 30 recent observations indicate strong monitoring coverage. 7 papers were identified in the last 12 months and 21 papers in the last 36 months. Latest publication: ""Effect of tidal gravity and planetary rotation on the retrieved atmospheric abundances of close-in exoplanets"".', 'coordination': 'This target has only partial visibility.', 'network': False, 'campaign': False}","This is a top priority target. The ephemeris remains relatively well constrained (0.2 minute uncertainty), but the target has not been observed recently and would benefit from maintenance observations.. Poor observability. Only 0% of the transit is observable. Peak altitude reaches -22°.. TTV signal weak. This target has a low ExoClock priority. 30 recent observations indicate strong monitoring coverage. 7 papers were identified in the last 12 months and 21 papers in the last 36 months. Latest publication: ""Effect of tidal gravity and planetary rotation on the retrieved atmospheric abundances of close-in exoplanets""..",—
HATS-51b_679,HATS-51b,679,1.148628716033211,90.0,6.32,2458974.302,3.3488687,3.32,12.471,12.098,13.08,0.19,5.88,102.84750541666665,-29.058623611111113,2,high,,8.958249094686812,True,False,0,19.69,2273.7813509125262,2458974.302,0,0,,,,2026-07-26 16:23:35.223,0.0,20.719916663712382,-21.558332455922834,12.87150339525813,0,2461248.099713229,0.19,0.0095,none,3,0.5,5.88,12.967543629236124,0.5403143178848385,OK,True,2.205364562795259,1.0,4,0.3333333333333333,1,6.187474728406044,0.7279382033418875,2,1,3,1,2.9999999999999996,4,2.15,2.15,0,0.42105263157894735,0.849624060150376,No significant transit timing variation signal currently detected.,Compatible with PIRATE. Target brightness is V=12.5 and the expected transit depth is 13.1 mmag. Estimated minimum aperture is 13 inches.,Poor observability. Only 0% of the transit is observable. Peak altitude reaches 21°. Average airmass is 12.87 (poor observing conditions).,"The ephemeris remains relatively well constrained (1.1 minute uncertainty), but the target has not been observed recently and would benefit from maintenance observations.",This target has a high ExoClock priority. 2 recent transit observations have been recorded. No recent literature activity was identified.,This is a top priority target,"For this target, multi-site coordination is recommended. This target has only partial visibility.","{'priority': 'This is a top priority target', 'score': 2.15, 'visibility': 'Poor observability. Only 0% of the transit is observable. Peak altitude reaches 21°. Average airmass is 12.87 (poor observing conditions).', 'ephemeris': 'The ephemeris remains relatively well constrained (1.1 minute uncertainty), but the target has not been observed recently and would benefit from maintenance observations.', 'science': 'This target has a high ExoClock priority. 2 recent transit observations have been recorded. No recent literature activity was identified.', 'coordination': 'For this target, multi-site coordination is recommended. This target has only partial visibility.', 'network': True, 'campaign': False}","This is a top priority target. The ephemeris remains relatively well constrained (1.1 minute uncertainty), but the target has not been observed recently and would benefit from maintenance observations.. Poor observability. Only 0% of the transit is observable. Peak altitude reaches 21°. Average airmass is 12.87 (poor observing conditions).. This target has a high ExoClock priority. 2 recent transit observations have been recorded. No recent literature activity was identified.. requires multi-site coordination.",🌍 Network
TOI-4137b_336,TOI-4137b,336,1.6676529024758653,90.0,6.43,2459971.28508,3.8016165,3.43,11.31,11.04,8.98,1.03,6.09,77.61262625,70.39109194444445,18,low,,7.891379890633366,True,False,0,26.11,1276.7982715852559,2459971.28508,0,0,,,,2026-07-27 03:03:29.370,0.5833333333333334,31.676792938487214,13.934764792121069,2.7984787566668765,1,2461248.7093677083,1.03,0.051500000000000004,none,3,0.5,6.09,9.020807252238844,0.3758669688432852,OK,True,1.4812491382986608,1.0,2,0.05263157894736842,1,4.36741396719001,0.5138134079047071,2,1,3,3,1.557894736842105,3,2.1336842105263156,2.1336842105263156,0,0.9229323308270677,0.8458646616541353,No significant transit timing variation signal currently detected.,Compatible with PIRATE. Target brightness is V=11.3 and the expected transit depth is 9.0 mmag. Estimated minimum aperture is 9 inches.,Moderate observability. Approximately 58% of the transit is observable. Peak altitude reaches 32°. Average airmass is 2.80 (marginal observing conditions).,"The ephemeris remains relatively well constrained (1.7 minute uncertainty), but the target has not been observed recently and would benefit from maintenance observations.",This target has a low ExoClock priority. 18 recent observations indicate strong monitoring coverage. No recent literature activity was identified.,This is a top priority target,"For this target, multi-site coordination is recommended.","{'priority': 'This is a top priority target', 'score': 2.1336842105263156, 'visibility': 'Moderate observability. Approximately 58% of the transit is observable. Peak altitude reaches 32°. Average airmass is 2.80 (marginal observing conditions).', 'ephemeris': 'The ephemeris remains relatively well constrained (1.7 minute uncertainty), but the target has not been observed recently and would benefit from maintenance observations.', 'science': 'This target has a low ExoClock priority. 18 recent observations indicate strong monitoring coverage. No recent literature activity was identified.', 'coordination': 'For this target, multi-site coordination is recommended.', 'network': True, 'campaign': False}","This is a top priority target. The ephemeris remains relatively well constrained (1.7 minute uncertainty), but the target has not been observed recently and would benefit from maintenance observations.. Moderate observability. Approximately 58% of the transit is observable. Peak altitude reaches 32°. Average airmass is 2.80 (marginal observing conditions).. This target has a low ExoClock priority. 18 recent observations indicate strong monitoring coverage. No recent literature activity was identified.. requires multi-site coordination.",🌍 Network
TrES-2b_2240,TrES-2b,2240,0.0744467521752307,90.0,4.79,2455714.2416097,2.470613387,1.79,11.25,11.05,15.53,0.76,5.0,286.80849125,49.31641388888889,15,low,,12.142733524336723,False,False,0,34.0,5533.84174189996,2455714.2416097,1,3,Probing Transit Timing Variations Amid Heteroscedasticity: Lessons from HAT-P-7b and TrES-2b,2025epsc.conf.1287B,2025-09-00,2026-07-26 21:57:18.361,0.6166666666666667,68.94052531864604,40.51070743951196,1.2118506911177398,1,2461248.4967402895,0.76,0.038,none,5,0.8333333333333334,5.0,9.236732965853216,0.38486387357721735,OK,True,1.8473465931706432,1.0,2,0.0625,2,3.0,0.35294117647058826,1,1,5,3,1.7093749999999999,2,2.10640625,2.10640625,0,0.9398496240601504,0.8421052631578947,No significant transit timing variation signal currently detected.,Compatible with PIRATE. Target brightness is V=11.2 and the expected transit depth is 15.5 mmag. Estimated minimum aperture is 9 inches.,Moderate observability. Approximately 62% of the transit is observable. Peak altitude reaches 69°. Average airmass is 1.21 (excellent observing conditions).,"The ephemeris remains relatively well constrained (0.1 minute uncertainty), but the target has not been observed recently and would benefit from maintenance observations.","This target has a low ExoClock priority. 15 recent observations indicate strong monitoring coverage. 1 papers were identified in the last 12 months and 3 papers in the last 36 months. Latest publication: ""Probing Transit Timing Variations Amid Heteroscedasticity: Lessons from HAT-P-7b and TrES-2b"".",This is a top priority target,There is no special coordination required.,"{'priority': 'This is a top priority target', 'score': 2.10640625, 'visibility': 'Moderate observability. Approximately 62% of the transit is observable. Peak altitude reaches 69°. Average airmass is 1.21 (excellent observing conditions).', 'ephemeris': 'The ephemeris remains relatively well constrained (0.1 minute uncertainty), but the target has not been observed recently and would benefit from maintenance observations.', 'science': 'This target has a low ExoClock priority. 15 recent observations indicate strong monitoring coverage. 1 papers were identified in the last 12 months and 3 papers in the last 36 months. Latest publication: ""Probing Transit Timing Variations Amid Heteroscedasticity: Lessons from HAT-P-7b and TrES-2b"".', 'coordination': 'There is no special coordination required.', 'network': False, 'campaign': False}","This is a top priority target. The ephemeris remains relatively well constrained (0.1 minute uncertainty), but the target has not been observed recently and would benefit from maintenance observations.. Moderate observability. Approximately 62% of the transit is observable. Peak altitude reaches 69°. Average airmass is 1.21 (excellent observing conditions).. This target has a low ExoClock priority. 15 recent observations indicate strong monitoring coverage. 1 papers were identified in the last 12 months and 3 papers in the last 36 months. Latest publication: ""Probing Transit Timing Variations Amid Heteroscedasticity: Lessons from HAT-P-7b and TrES-2b""..",—
HATS-40b_951,HATS-40b,951,2.7028915997620917,90.0,8.39,2458144.34663,3.2642805,5.39,13.38,13.41,6.62,-2.03,16.03,100.57126791666667,-29.77680388888889,1,high,,9.190386671733634,True,False,0,6.29,3103.7367208986543,2458144.34663,0,0,,,,2026-07-27 04:14:16.924,0.0,-5.384550830322702,-54.28945582027067,,0,2461248.758529213,2.03,0.10149999999999999,none,0,0.0,16.03,21.74238863981957,0.9059328599924821,OK,True,1.3563561222594864,1.0,4,0.5,1,6.257116001520091,0.7361312942964813,3,1,1,1,3.025,4,2.10375,2.10375,0,0.42105263157894735,0.8383458646616542,No significant transit timing variation signal currently detected.,Compatible with PIRATE. Target brightness is V=13.4 and the expected transit depth is 6.6 mmag. Estimated minimum aperture is 22 inches.,Poor observability. Only 0% of the transit is observable. Peak altitude reaches -5°.,"The ephemeris remains relatively well constrained (2.7 minute uncertainty), but the target has not been observed recently and would benefit from maintenance observations.",This target has a high ExoClock priority. 1 recent transit observations have been recorded. No recent literature activity was identified.,This is a top priority target,"For this target, multi-site coordination is recommended. This target has only partial visibility.","{'priority': 'This is a top priority target', 'score': 2.10375, 'visibility': 'Poor observability. Only 0% of the transit is observable. Peak altitude reaches -5°.', 'ephemeris': 'The ephemeris remains relatively well constrained (2.7 minute uncertainty), but the target has not been observed recently and would benefit from maintenance observations.', 'science': 'This target has a high ExoClock priority. 1 recent transit observations have been recorded. No recent literature activity was identified.', 'coordination': 'For this target, multi-site coordination is recommended. This target has only partial visibility.', 'network': True, 'campaign': False}","This is a top priority target. The ephemeris remains relatively well constrained (2.7 minute uncertainty), but the target has not been observed recently and would benefit from maintenance observations.. Poor observability. Only 0% of the transit is observable. Peak altitude reaches -5°.. This target has a high ExoClock priority. 1 recent transit observations have been recorded. No recent literature activity was identified.. requires multi-site coordination.",🌍 Network
KELT-4Ab_949,KELT-4Ab,949,0.5320395178971062,90.0,6.46,2458411.56561,2.98958756,3.46,9.98,9.9,13.52,0.43,5.0,157.06254625000003,25.573187222222224,2,medium,,10.034829018354626,True,False,0,82.12,2836.517741122283,2458411.56561,0,0,,,,2026-07-27 04:24:06.080,0.0,-20.069615134582147,-36.260696504661624,,0,2461248.765348148,0.43,0.0215,none,5,0.8333333333333334,5.0,4.0,0.16666666666666666,OK,True,0.8,1.0,3,0.3333333333333333,1,6.5,0.7647058823529411,1,1,5,1,2.2999999999999994,4,2.0949999999999998,2.0949999999999998,0,0.42105263157894735,0.8345864661654135,No significant transit timing variation signal currently detected.,Compatible with PIRATE. Target brightness is V=10.0 and the expected transit depth is 13.5 mmag. Estimated minimum aperture is 4 inches.,Poor observability. Only 0% of the transit is observable. Peak altitude reaches -20°.,"The ephemeris remains relatively well constrained (0.5 minute uncertainty), but the target has not been observed recently and would benefit from maintenance observations.",This target has a medium ExoClock priority. 2 recent transit observations have been recorded. No recent literature activity was identified.,This is a top priority target,"For this target, multi-site coordination is recommended. This target has only partial visibility.","{'priority': 'This is a top priority target', 'score': 2.0949999999999998, 'visibility': 'Poor observability. Only 0% of the transit is observable. Peak altitude reaches -20°.', 'ephemeris': 'The ephemeris remains relatively well constrained (0.5 minute uncertainty), but the target has not been observed recently and would benefit from maintenance observations.', 'science': 'This target has a medium ExoClock priority. 2 recent transit observations have been recorded. No recent literature activity was identified.', 'coordination': 'For this target, multi-site coordination is recommended. This target has only partial visibility.', 'network': True, 'campaign': False}","This is a top priority target. The ephemeris remains relatively well constrained (0.5 minute uncertainty), but the target has not been observed recently and would benefit from maintenance observations.. Poor observability. Only 0% of the transit is observable. Peak altitude reaches -20°.. This target has a medium ExoClock priority. 2 recent transit observations have been recorded. No recent literature activity was identified.. requires multi-site coordination.",🌍 Network
WASP-121b_2054,WASP-121b,2054,0.11008394645251493,90.0,5.9399999999999995,2458629.690691,1.274924794,2.94,10.51,10.195,20.3,1.13,5.0,107.60025250000001,-39.09738055555556,1,medium,,23.53079973123497,False,False,0,84.89,2618.392660809215,2458629.690691,13,39,Assessment of the Metallicity of the Atmospheres of Ultra-Hot Jupiter WASP‑121b and WASP‑76b based on Observations in the Lines of He(I) and Fe(II) and Numerical Simulation Using Non-LTE Kinetics,2026SoSyR..60...46R,2026-07-00,2026-07-26 21:15:00.041,0.0,-31.38326526762756,-75.61861020321598,,0,2461248.302083808,1.13,0.056499999999999995,none,5,0.8333333333333334,5.0,4.483415072739759,0.18680896136415662,OK,True,0.8966830145479519,1.0,3,0.5,5,4.5,0.5294117647058824,1,1,5,1,2.925,3,2.08875,2.08875,0,0.42105263157894735,0.8308270676691729,No significant transit timing variation signal currently detected.,Compatible with PIRATE. Target brightness is V=10.5 and the expected transit depth is 20.3 mmag. Estimated minimum aperture is 4 inches.,Poor observability. Only 0% of the transit is observable. Peak altitude reaches -31°.,"The ephemeris remains relatively well constrained (0.1 minute uncertainty), but the target has not been observed recently and would benefit from maintenance observations.","This target has a medium ExoClock priority. 1 recent transit observations have been recorded. 13 papers were identified in the last 12 months and 39 papers in the last 36 months. Latest publication: ""Assessment of the Metallicity of the Atmospheres of Ultra-Hot Jupiter WASP‑121b and WASP‑76b based on Observations in the Lines of He(I) and Fe(II) and Numerical Simulation Using Non-LTE Kinetics"".",This is a top priority target,This target has only partial visibility.,"{'priority': 'This is a top priority target', 'score': 2.08875, 'visibility': 'Poor observability. Only 0% of the transit is observable. Peak altitude reaches -31°.', 'ephemeris': 'The ephemeris remains relatively well constrained (0.1 minute uncertainty), but the target has not been observed recently and would benefit from maintenance observations.', 'science': 'This target has a medium ExoClock priority. 1 recent transit observations have been recorded. 13 papers were identified in the last 12 months and 39 papers in the last 36 months. Latest publication: ""Assessment of the Metallicity of the Atmospheres of Ultra-Hot Jupiter WASP‑121b and WASP‑76b based on Observations in the Lines of He(I) and Fe(II) and Numerical Simulation Using Non-LTE Kinetics"".', 'coordination': 'This target has only partial visibility.', 'network': False, 'campaign': False}","This is a top priority target. The ephemeris remains relatively well constrained (0.1 minute uncertainty), but the target has not been observed recently and would benefit from maintenance observations.. Poor observability. Only 0% of the transit is observable. Peak altitude reaches -31°.. This target has a medium ExoClock priority. 1 recent transit observations have been recorded. 13 papers were identified in the last 12 months and 39 papers in the last 36 months. Latest publication: ""Assessment of the Metallicity of the Atmospheres of Ultra-Hot Jupiter WASP‑121b and WASP‑76b based on Observations in the Lines of He(I) and Fe(II) and Numerical Simulation Using Non-LTE Kinetics""..",—
HAT-P-46b_827,HAT-P-46b,827,1.0500181446550738,90.0,6.1,2457558.00155,4.46313527,3.1,11.94,11.62,10.5,0.33,6.21,270.4442025,-2.9709608333333333,4,low,,6.7217321871581985,True,False,0,24.89,3690.081800827291,2457558.00155,0,0,,,,2026-07-27 12:19:36.557,0.0,-34.14426438050683,-64.66924933309613,,0,2461249.095562002,0.33,0.0165,none,4,0.6666666666666666,6.21,11.72884198187984,0.4887017492449934,OK,True,1.8887024125410372,1.0,2,0.2,1,5.51651965614746,0.6490023124879364,2,1,4,1,1.5799999999999998,4,2.0869999999999997,2.0869999999999997,0,0.42105263157894735,0.8270676691729323,No significant transit timing variation signal currently detected.,Compatible with PIRATE. Target brightness is V=11.9 and the expected transit depth is 10.5 mmag. Estimated minimum aperture is 12 inches.,Poor observability. Only 0% of the transit is observable. Peak altitude reaches -34°.,"The ephemeris remains relatively well constrained (1.1 minute uncertainty), but the target has not been observed recently and would benefit from maintenance observations.",This target has a low ExoClock priority. 4 recent observations indicate moderate monitoring coverage. No recent literature activity was identified.,This is a top priority target,"For this target, multi-site coordination is recommended. This target has only partial visibility.","{'priority': 'This is a top priority target', 'score': 2.0869999999999997, 'visibility': 'Poor observability. Only 0% of the transit is observable. Peak altitude reaches -34°.', 'ephemeris': 'The ephemeris remains relatively well constrained (1.1 minute uncertainty), but the target has not been observed recently and would benefit from maintenance observations.', 'science': 'This target has a low ExoClock priority. 4 recent observations indicate moderate monitoring coverage. No recent literature activity was identified.', 'coordination': 'For this target, multi-site coordination is recommended. This target has only partial visibility.', 'network': True, 'campaign': False}","This is a top priority target. The ephemeris remains relatively well constrained (1.1 minute uncertainty), but the target has not been observed recently and would benefit from maintenance observations.. Poor observability. Only 0% of the transit is observable. Peak altitude reaches -34°.. This target has a low ExoClock priority. 4 recent observations indicate moderate monitoring coverage. No recent literature activity was identified.. requires multi-site coordination.",🌍 Network
WASP-56b_1041,WASP-56b,1041,1.0632565420197384,90.0,6.63,2456441.82702,4.61705922,3.63,11.48,10.7,13.44,-0.16,5.0,183.36621166666666,23.05567472222222,5,low,,6.497642453890813,True,False,0,25.94,4806.256331715267,2456441.82702,0,0,,,,2026-07-26 16:26:12.534,0.0,84.60534107762979,54.26194047349547,1.057941071238969,0,2461248.2098672916,0.16,0.008,none,4,0.6666666666666666,5.0,7.751356025605932,0.3229731677335805,OK,True,1.5502712051211864,1.0,2,0.16666666666666666,1,5.449292736167244,0.6410932630784993,2,1,4,1,1.5749999999999997,4,2.0862499999999997,2.0862499999999997,0,0.42105263157894735,0.8233082706766918,No significant transit timing variation signal currently detected.,Compatible with PIRATE. Target brightness is V=11.5 and the expected transit depth is 13.4 mmag. Estimated minimum aperture is 8 inches.,Poor observability. Only 0% of the transit is observable. Peak altitude reaches 85°. Average airmass is 1.06 (excellent observing conditions).,"The ephemeris remains relatively well constrained (1.1 minute uncertainty), but the target has not been observed recently and would benefit from maintenance observations.",This target has a low ExoClock priority. 5 recent observations indicate moderate monitoring coverage. No recent literature activity was identified.,This is a top priority target,"For this target, multi-site coordination is recommended. This target has only partial visibility.","{'priority': 'This is a top priority target', 'score': 2.0862499999999997, 'visibility': 'Poor observability. Only 0% of the transit is observable. Peak altitude reaches 85°. Average airmass is 1.06 (excellent observing conditions).', 'ephemeris': 'The ephemeris remains relatively well constrained (1.1 minute uncertainty), but the target has not been observed recently and would benefit from maintenance observations.', 'science': 'This target has a low ExoClock priority. 5 recent observations indicate moderate monitoring coverage. No recent literature activity was identified.', 'coordination': 'For this target, multi-site coordination is recommended. This target has only partial visibility.', 'network': True, 'campaign': False}","This is a top priority target. The ephemeris remains relatively well constrained (1.1 minute uncertainty), but the target has not been observed recently and would benefit from maintenance observations.. Poor observability. Only 0% of the transit is observable. Peak altitude reaches 85°. Average airmass is 1.06 (excellent observing conditions).. This target has a low ExoClock priority. 5 recent observations indicate moderate monitoring coverage. No recent literature activity was identified.. requires multi-site coordination.",🌍 Network
TOI-3819b_449,TOI-3819b,449,3.0600854365484045,90.0,5.779999999999999,2459791.48793,3.2443088,2.78,12.516,12.441,6.35,0.35,13.43,121.86328708333335,29.388742222222223,9,low,,9.246961941477334,False,False,0,8.45,1456.5954215712845,2459791.48793,0,0,,,,2026-07-26 16:21:45.832,0.0,71.62500953575856,20.922871272735186,1.5527588092951836,0,2461248.0984471296,0.35,0.017499999999999998,none,3,0.5,13.43,20.764494890738565,0.8651872871141069,OK,True,1.546127691045314,1.0,2,0.1,1,4.2740885824432,0.5028339508756706,3,1,3,1,1.5649999999999997,3,2.0847499999999997,2.0847499999999997,0,0.42105263157894735,0.8195488721804511,No significant transit timing variation signal currently detected.,Compatible with PIRATE. Target brightness is V=12.5 and the expected transit depth is 6.3 mmag. Estimated minimum aperture is 21 inches.,Poor observability. Only 0% of the transit is observable. Peak altitude reaches 72°. Average airmass is 1.55 (good observing conditions).,"The ephemeris remains relatively well constrained (3.1 minute uncertainty), but the target has not been observed recently and would benefit from maintenance observations.",This target has a low ExoClock priority. 9 recent observations indicate strong monitoring coverage. No recent literature activity was identified.,This is a top priority target,This target has only partial visibility.,"{'priority': 'This is a top priority target', 'score': 2.0847499999999997, 'visibility': 'Poor observability. Only 0% of the transit is observable. Peak altitude reaches 72°. Average airmass is 1.55 (good observing conditions).', 'ephemeris': 'The ephemeris remains relatively well constrained (3.1 minute uncertainty), but the target has not been observed recently and would benefit from maintenance observations.', 'science': 'This target has a low ExoClock priority. 9 recent observations indicate strong monitoring coverage. No recent literature activity was identified.', 'coordination': 'This target has only partial visibility.', 'network': False, 'campaign': False}","This is a top priority target. The ephemeris remains relatively well constrained (3.1 minute uncertainty), but the target has not been observed recently and would benefit from maintenance observations.. Poor observability. Only 0% of the transit is observable. Peak altitude reaches 72°. Average airmass is 1.55 (good observing conditions).. This target has a low ExoClock priority. 9 recent observations indicate strong monitoring coverage. No recent literature activity was identified..",—
HAT-P-59b_432,HAT-P-59b,432,0.5142622063655851,90.0,5.35,2459459.36242,4.14197813,2.35,11.901,11.64,10.98,0.36,6.33,292.458625,62.52921583333333,20,low,,7.2429160798103975,False,False,0,21.98,1788.7209308384918,2459459.36242,0,0,,,,2026-07-27 04:42:29.211,0.5666666666666667,48.3515077751217,22.221106278966186,1.802262061933231,1,2461248.6128380904,0.36,0.018,none,5,0.8333333333333334,6.33,12.938845602020537,0.5391185667508557,OK,True,2.044051437917936,1.0,2,0.047619047619047616,1,2.1728748239431193,0.25563233222860227,1,1,5,3,1.557142857142857,2,2.0835714285714286,2.0835714285714286,0,0.9135338345864662,0.8157894736842105,No significant transit timing variation signal currently detected.,Compatible with PIRATE. Target brightness is V=11.9 and the expected transit depth is 11.0 mmag. Estimated minimum aperture is 13 inches.,Moderate observability. Approximately 57% of the transit is observable. Peak altitude reaches 48°. Average airmass is 1.80 (good observing conditions).,"The ephemeris remains relatively well constrained (0.5 minute uncertainty), but the target has not been observed recently and would benefit from maintenance observations.",This target has a low ExoClock priority. 20 recent observations indicate strong monitoring coverage. No recent literature activity was identified.,This is a top priority target,There is no special coordination required.,"{'priority': 'This is a top priority target', 'score': 2.0835714285714286, 'visibility': 'Moderate observability. Approximately 57% of the transit is observable. Peak altitude reaches 48°. Average airmass is 1.80 (good observing conditions).', 'ephemeris': 'The ephemeris remains relatively well constrained (0.5 minute uncertainty), but the target has not been observed recently and would benefit from maintenance observations.', 'science': 'This target has a low ExoClock priority. 20 recent observations indicate strong monitoring coverage. No recent literature activity was identified.', 'coordination': 'There is no special coordination required.', 'network': False, 'campaign': False}","This is a top priority target. The ephemeris remains relatively well constrained (0.5 minute uncertainty), but the target has not been observed recently and would benefit from maintenance observations.. Moderate observability. Approximately 57% of the transit is observable. Peak altitude reaches 48°. Average airmass is 1.80 (good observing conditions).. This target has a low ExoClock priority. 20 recent observations indicate strong monitoring coverage. No recent literature activity was identified..",—
TrES-3b_2749,TrES-3b,2749,0.1347656455887497,90.0,4.36,2457657.754796,1.306186314,1.36,12.402,12.06,26.21,-0.895,5.82,268.02924375,37.54617694444444,75,low,,22.967626959839667,False,False,0,28.95,3590.3285556035116,2457657.754796,0,0,,,,2026-07-26 23:02:38.900,0.8833333333333333,80.75797042410903,59.29809964424247,1.0512105239166867,1,2461248.444894676,0.895,0.04475,none,4,0.6666666666666666,5.82,13.865248800369633,0.5777187000154014,OK,True,2.382345154702686,1.0,2,0.013157894736842105,1,3.0,0.35294117647058826,1,1,4,4,1.551973684210526,2,2.0827960526315787,2.0827960526315787,0,0.9736842105263158,0.8120300751879699,No significant transit timing variation signal currently detected.,Compatible with PIRATE. Target brightness is V=12.4 and the expected transit depth is 26.2 mmag. Estimated minimum aperture is 14 inches.,Excellent observability. Approximately 88% of the transit is observable. Peak altitude reaches 81°. Average airmass is 1.05 (excellent observing conditions).,"The ephemeris remains relatively well constrained (0.1 minute uncertainty), but the target has not been observed recently and would benefit from maintenance observations.",This target has a low ExoClock priority. 75 recent observations indicate strong monitoring coverage. No recent literature activity was identified.,This is a top priority target,There is no special coordination required.,"{'priority': 'This is a top priority target', 'score': 2.0827960526315787, 'visibility': 'Excellent observability. Approximately 88% of the transit is observable. Peak altitude reaches 81°. Average airmass is 1.05 (excellent observing conditions).', 'ephemeris': 'The ephemeris remains relatively well constrained (0.1 minute uncertainty), but the target has not been observed recently and would benefit from maintenance observations.', 'science': 'This target has a low ExoClock priority. 75 recent observations indicate strong monitoring coverage. No recent literature activity was identified.', 'coordination': 'There is no special coordination required.', 'network': False, 'campaign': False}","This is a top priority target. The ephemeris remains relatively well constrained (0.1 minute uncertainty), but the target has not been observed recently and would benefit from maintenance observations.. Excellent observability. Approximately 88% of the transit is observable. Peak altitude reaches 81°. Average airmass is 1.05 (excellent observing conditions).. This target has a low ExoClock priority. 75 recent observations indicate strong monitoring coverage. No recent literature activity was identified..",—
WASP-80b_1332,WASP-80b,1332,0.20245826449912827,90.0,5.140000000000001,2457162.352461,3.06785211,2.14,11.939,11.51,40.26,-0.03,5.0,303.16737125000003,-2.144219722222222,9,low,,9.778828615046896,False,False,0,114.92,4085.7308907443658,2457162.352461,4,13,The Tale of three planets: Combining JWST data and General Circulation Models for a 3D view of the warm Jupiters,2026ASTCS..1160091M,2026-06-00,2026-07-27 05:32:09.956,0.35833333333333334,42.65976133154803,-7.599449250076794,7.279912945985398,1,2461248.647337454,0.03,0.0015,none,5,0.8333333333333334,5.0,7.20587724957137,0.30024488539880706,OK,True,1.441175449914274,1.0,2,0.1,3,4.433648584514069,0.5216057158251846,1,1,5,2,1.8649999999999998,3,2.0797499999999998,2.0797499999999998,0,0.868421052631579,0.8082706766917294,No significant transit timing variation signal currently detected.,Compatible with PIRATE. Target brightness is V=11.9 and the expected transit depth is 40.3 mmag. Estimated minimum aperture is 7 inches.,Limited observability. Approximately 36% of the transit is observable. Peak altitude reaches 43°. Average airmass is 7.28 (poor observing conditions).,"The ephemeris remains relatively well constrained (0.2 minute uncertainty), but the target has not been observed recently and would benefit from maintenance observations.","This target has a low ExoClock priority. 9 recent observations indicate strong monitoring coverage. 4 papers were identified in the last 12 months and 13 papers in the last 36 months. Latest publication: ""The Tale of three planets: Combining JWST data and General Circulation Models for a 3D view of the warm Jupiters"".",This is a top priority target,This target has only partial visibility.,"{'priority': 'This is a top priority target', 'score': 2.0797499999999998, 'visibility': 'Limited observability. Approximately 36% of the transit is observable. Peak altitude reaches 43°. Average airmass is 7.28 (poor observing conditions).', 'ephemeris': 'The ephemeris remains relatively well constrained (0.2 minute uncertainty), but the target has not been observed recently and would benefit from maintenance observations.', 'science': 'This target has a low ExoClock priority. 9 recent observations indicate strong monitoring coverage. 4 papers were identified in the last 12 months and 13 papers in the last 36 months. Latest publication: ""The Tale of three planets: Combining JWST data and General Circulation Models for a 3D view of the warm Jupiters"".', 'coordination': 'This target has only partial visibility.', 'network': False, 'campaign': False}","This is a top priority target. The ephemeris remains relatively well constrained (0.2 minute uncertainty), but the target has not been observed recently and would benefit from maintenance observations.. Limited observability. Approximately 36% of the transit is observable. Peak altitude reaches 43°. Average airmass is 7.28 (poor observing conditions).. This target has a low ExoClock priority. 9 recent observations indicate strong monitoring coverage. 4 papers were identified in the last 12 months and 13 papers in the last 36 months. Latest publication: ""The Tale of three planets: Combining JWST data and General Circulation Models for a 3D view of the warm Jupiters""..",—
WASP-18b_2608,WASP-18b,2608,0.06435408145893155,90.0,5.18,2458793.174725,0.941452406,2.18,9.3,8.979,12.09,-2.14,5.0,24.35430625,-45.67788222222222,1,medium,,31.865657582694627,False,False,0,82.7,2454.9086266472004,2458793.174725,5,13,Investigating the Link Between Photometric Variability in Kepler Phase Curves and Dynamic Cloud Formation,2026ASTCS..1100115E,2026-06-00,2026-07-26 23:33:47.443,0.0,-9.353018912708272,-49.440432367785384,,0,2461248.563743553,2.14,0.10700000000000001,none,6,1.0,5.0,4.0,0.16666666666666666,OK,True,0.8,1.0,3,0.5,4,4.5,0.5294117647058824,1,1,5,1,2.775,3,2.06625,2.06625,0,0.42105263157894735,0.8045112781954887,No significant transit timing variation signal currently detected.,Compatible with PIRATE. Target brightness is V=9.3 and the expected transit depth is 12.1 mmag. Estimated minimum aperture is 4 inches.,Poor observability. Only 0% of the transit is observable. Peak altitude reaches -9°.,"The ephemeris remains relatively well constrained (0.1 minute uncertainty), but the target has not been observed recently and would benefit from maintenance observations.","This target has a medium ExoClock priority. 1 recent transit observations have been recorded. 5 papers were identified in the last 12 months and 13 papers in the last 36 months. Latest publication: ""Investigating the Link Between Photometric Variability in Kepler Phase Curves and Dynamic Cloud Formation"".",This is a top priority target,This target has only partial visibility.,"{'priority': 'This is a top priority target', 'score': 2.06625, 'visibility': 'Poor observability. Only 0% of the transit is observable. Peak altitude reaches -9°.', 'ephemeris': 'The ephemeris remains relatively well constrained (0.1 minute uncertainty), but the target has not been observed recently and would benefit from maintenance observations.', 'science': 'This target has a medium ExoClock priority. 1 recent transit observations have been recorded. 5 papers were identified in the last 12 months and 13 papers in the last 36 months. Latest publication: ""Investigating the Link Between Photometric Variability in Kepler Phase Curves and Dynamic Cloud Formation"".', 'coordination': 'This target has only partial visibility.', 'network': False, 'campaign': False}","This is a top priority target. The ephemeris remains relatively well constrained (0.1 minute uncertainty), but the target has not been observed recently and would benefit from maintenance observations.. Poor observability. Only 0% of the transit is observable. Peak altitude reaches -9°.. This target has a medium ExoClock priority. 1 recent transit observations have been recorded. 5 papers were identified in the last 12 months and 13 papers in the last 36 months. Latest publication: ""Investigating the Link Between Photometric Variability in Kepler Phase Curves and Dynamic Cloud Formation""..",—
HD235088b_254,HD235088b,254,2.875151816892031,90.0,5.6899999999999995,2459359.84944,7.4341319,2.69,9.17,8.6,0.73,0.0,49.21,300.61426208333336,53.37681666666667,0,high,,4.03544091005434,False,False,0,6.8,1888.2339109801687,2459359.84944,0,0,,,,2026-07-26 14:50:07.457,0.0,6.423751085259328,-8.248098211487656,62.02062588603765,0,2461248.2000863077,0.0,0.0,none,2,0.3333333333333333,49.21,13.335001277588608,0.5556250532328587,OK,True,0.27098153378558437,1.0,4,1.0,1,2.710632273016302,0.3188979144725061,3,1,2,1,3.0999999999999996,2,2.065,2.065,0,0.42105263157894735,0.8007518796992481,No significant transit timing variation signal currently detected.,Compatible with PIRATE. Target brightness is V=9.2 and the expected transit depth is 0.7 mmag. Estimated minimum aperture is 13 inches.,Poor observability. Only 0% of the transit is observable. Peak altitude reaches 6°. Average airmass is 62.02 (poor observing conditions).,"The ephemeris remains relatively well constrained (2.9 minute uncertainty), but the target has not been observed recently and would benefit from maintenance observations.",This target has a high ExoClock priority. No recent transit observations have been reported. No recent literature activity was identified.,This is a top priority target,This target has only partial visibility.,"{'priority': 'This is a top priority target', 'score': 2.065, 'visibility': 'Poor observability. Only 0% of the transit is observable. Peak altitude reaches 6°. Average airmass is 62.02 (poor observing conditions).', 'ephemeris': 'The ephemeris remains relatively well constrained (2.9 minute uncertainty), but the target has not been observed recently and would benefit from maintenance observations.', 'science': 'This target has a high ExoClock priority. No recent transit observations have been reported. No recent literature activity was identified.', 'coordination': 'This target has only partial visibility.', 'network': False, 'campaign': False}","This is a top priority target. The ephemeris remains relatively well constrained (2.9 minute uncertainty), but the target has not been observed recently and would benefit from maintenance observations.. Poor observability. Only 0% of the transit is observable. Peak altitude reaches 6°. Average airmass is 62.02 (poor observing conditions).. This target has a high ExoClock priority. No recent transit observations have been reported. No recent literature activity was identified..",—
HAT-P-11b_1089,HAT-P-11b,1089,0.17564838856579054,90.0,5.34,2455925.598126,4.88780227,2.34,9.461,8.8,4.39,-1.43,8.69,297.7093641666666,48.08086027777778,4,medium,,6.137727825884413,False,False,0,35.89,5322.485224772245,2455925.598126,1,6,From atmospheres to exospheres in exoplanets,2025epsc.conf...30D,2025-09-00,2026-07-26 21:56:09.366,0.6083333333333333,68.34610773759287,33.084189839609095,1.3195605453954575,1,2461248.4959417363,1.43,0.0715,none,4,0.6666666666666666,8.69,6.666385786758472,0.2777660744482697,OK,True,0.7671330019284778,1.0,3,0.2,2,1.841318347765324,0.21662568797239107,1,1,4,3,2.4299999999999993,2,2.0645,2.0645,0,0.9323308270676691,0.7969924812030075,No significant transit timing variation signal currently detected.,Compatible with PIRATE. Target brightness is V=9.5 and the expected transit depth is 4.4 mmag. Estimated minimum aperture is 7 inches.,Moderate observability. Approximately 61% of the transit is observable. Peak altitude reaches 68°. Average airmass is 1.32 (excellent observing conditions).,"The ephemeris remains relatively well constrained (0.2 minute uncertainty), but the target has not been observed recently and would benefit from maintenance observations.","This target has a medium ExoClock priority. 4 recent observations indicate moderate monitoring coverage. 1 papers were identified in the last 12 months and 6 papers in the last 36 months. Latest publication: ""From atmospheres to exospheres in exoplanets"".",This is a high priority target,There is no special coordination required.,"{'priority': 'This is a high priority target', 'score': 2.0645, 'visibility': 'Moderate observability. Approximately 61% of the transit is observable. Peak altitude reaches 68°. Average airmass is 1.32 (excellent observing conditions).', 'ephemeris': 'The ephemeris remains relatively well constrained (0.2 minute uncertainty), but the target has not been observed recently and would benefit from maintenance observations.', 'science': 'This target has a medium ExoClock priority. 4 recent observations indicate moderate monitoring coverage. 1 papers were identified in the last 12 months and 6 papers in the last 36 months. Latest publication: ""From atmospheres to exospheres in exoplanets"".', 'coordination': 'There is no special coordination required.', 'network': False, 'campaign': False}","This is a high priority target. The ephemeris remains relatively well constrained (0.2 minute uncertainty), but the target has not been observed recently and would benefit from maintenance observations.. Moderate observability. Approximately 61% of the transit is observable. Peak altitude reaches 68°. Average airmass is 1.32 (excellent observing conditions).. This target has a medium ExoClock priority. 4 recent observations indicate moderate monitoring coverage. 1 papers were identified in the last 12 months and 6 papers in the last 36 months. Latest publication: ""From atmospheres to exospheres in exoplanets""..",—
WASP-138b_808,WASP-138b,808,1.8126528731117686,90.0,7.02,2458311.55351,3.6344332,4.02,11.79,11.74,8.91,0.54,7.22,41.63911125,-0.4639766666666667,0,medium,,8.254382003774344,True,False,0,20.91,2936.5298418207094,2458311.55351,0,0,,,,2026-07-26 16:11:37.092,0.0,-7.833186912305469,-55.22505711852942,,0,2461248.0914015276,0.54,0.027000000000000003,none,3,0.5,7.22,10.434670822380143,0.434777950932506,OK,True,1.4452452662576376,1.0,3,1.0,1,5.976314601132303,0.7030958354273298,2,1,3,1,2.3999999999999995,4,2.0599999999999996,2.0599999999999996,0,0.42105263157894735,0.793233082706767,No significant transit timing variation signal currently detected.,Compatible with PIRATE. Target brightness is V=11.8 and the expected transit depth is 8.9 mmag. Estimated minimum aperture is 10 inches.,Poor observability. Only 0% of the transit is observable. Peak altitude reaches -8°.,"The ephemeris remains relatively well constrained (1.8 minute uncertainty), but the target has not been observed recently and would benefit from maintenance observations.",This target has a medium ExoClock priority. No recent transit observations have been reported. No recent literature activity was identified.,This is a high priority target,"For this target, multi-site coordination is recommended. This target has only partial visibility.","{'priority': 'This is a high priority target', 'score': 2.0599999999999996, 'visibility': 'Poor observability. Only 0% of the transit is observable. Peak altitude reaches -8°.', 'ephemeris': 'The ephemeris remains relatively well constrained (1.8 minute uncertainty), but the target has not been observed recently and would benefit from maintenance observations.', 'science': 'This target has a medium ExoClock priority. No recent transit observations have been reported. No recent literature activity was identified.', 'coordination': 'For this target, multi-site coordination is recommended. This target has only partial visibility.', 'network': True, 'campaign': False}","This is a high priority target. The ephemeris remains relatively well constrained (1.8 minute uncertainty), but the target has not been observed recently and would benefit from maintenance observations.. Poor observability. Only 0% of the transit is observable. Peak altitude reaches -8°.. This target has a medium ExoClock priority. No recent transit observations have been reported. No recent literature activity was identified.. requires multi-site coordination.",🌍 Network
KELT-20b_533,KELT-20b,533,0.2030370198930007,90.0,6.529999999999999,2459396.504891,3.47410057,3.53,7.58,7.544,15.61,-0.76,5.0,294.6613966666667,31.219226388888888,4,low,,8.635328596719352,True,False,0,229.58,1851.57846014807,2459396.504891,7,15,Atmospheric characterization of six ultra-hot Jupiters from $K$-band high-resolution spectroscopy,2026arXiv260703992F,2026-07-00,2026-07-26 16:47:33.568,0.0,17.722411395553305,-21.833655020516296,15.33620013685239,0,2461248.2816385184,0.76,0.038,none,5,0.8333333333333334,5.0,4.0,0.16666666666666666,OK,True,0.8,1.0,2,0.2,4,6.090598579015806,0.7165410092959772,1,1,5,1,2.03,4,2.0545,2.0545,0,0.42105263157894735,0.7894736842105263,No significant transit timing variation signal currently detected.,Compatible with PIRATE. Target brightness is V=7.6 and the expected transit depth is 15.6 mmag. Estimated minimum aperture is 4 inches.,Poor observability. Only 0% of the transit is observable. Peak altitude reaches 18°. Average airmass is 15.34 (poor observing conditions).,"The ephemeris remains relatively well constrained (0.2 minute uncertainty), but the target has not been observed recently and would benefit from maintenance observations.","This target has a low ExoClock priority. 4 recent observations indicate moderate monitoring coverage. 7 papers were identified in the last 12 months and 15 papers in the last 36 months. Latest publication: ""Atmospheric characterization of six ultra-hot Jupiters from $K$-band high-resolution spectroscopy"".",This is a high priority target,"For this target, multi-site coordination is recommended. This target has only partial visibility.","{'priority': 'This is a high priority target', 'score': 2.0545, 'visibility': 'Poor observability. Only 0% of the transit is observable. Peak altitude reaches 18°. Average airmass is 15.34 (poor observing conditions).', 'ephemeris': 'The ephemeris remains relatively well constrained (0.2 minute uncertainty), but the target has not been observed recently and would benefit from maintenance observations.', 'science': 'This target has a low ExoClock priority. 4 recent observations indicate moderate monitoring coverage. 7 papers were identified in the last 12 months and 15 papers in the last 36 months. Latest publication: ""Atmospheric characterization of six ultra-hot Jupiters from $K$-band high-resolution spectroscopy"".', 'coordination': 'For this target, multi-site coordination is recommended. This target has only partial visibility.', 'network': True, 'campaign': False}","This is a high priority target. The ephemeris remains relatively well constrained (0.2 minute uncertainty), but the target has not been observed recently and would benefit from maintenance observations.. Poor observability. Only 0% of the transit is observable. Peak altitude reaches 18°. Average airmass is 15.34 (poor observing conditions).. This target has a low ExoClock priority. 4 recent observations indicate moderate monitoring coverage. 7 papers were identified in the last 12 months and 15 papers in the last 36 months. Latest publication: ""Atmospheric characterization of six ultra-hot Jupiters from $K$-band high-resolution spectroscopy"".. requires multi-site coordination.",🌍 Network
KELT-9b_1468,KELT-9b,1468,0.2840850510888459,90.0,6.85,2459074.460549,1.48111897,3.85,7.56,7.562,8.28,3.35,5.0,307.8598058333333,39.93882361111111,7,low,,20.25495629159351,True,False,0,125.89,2173.622802126687,2459074.460549,6,21,Atmospheric characterization of six ultra-hot Jupiters from $K$-band high-resolution spectroscopy,2026arXiv260703992F,2026-07-00,2026-07-27 05:49:03.034,0.2833333333333333,57.11774306668969,12.758428189321819,2.077152557707318,1,2461248.6590628936,3.35,0.1675,none,4,0.6666666666666666,5.0,4.0,0.16666666666666666,OK,True,0.8,1.0,2,0.125,4,6.5,0.7647058823529411,1,1,4,2,2.01875,4,2.0528125,2.0528125,0,0.8571428571428571,0.7857142857142857,No significant transit timing variation signal currently detected.,Compatible with PIRATE. Target brightness is V=7.6 and the expected transit depth is 8.3 mmag. Estimated minimum aperture is 4 inches.,Poor observability. Only 28% of the transit is observable. Peak altitude reaches 57°. Average airmass is 2.08 (marginal observing conditions).,"The ephemeris remains relatively well constrained (0.3 minute uncertainty), but the target has not been observed recently and would benefit from maintenance observations.","This target has a low ExoClock priority. 7 recent observations indicate strong monitoring coverage. 6 papers were identified in the last 12 months and 21 papers in the last 36 months. Latest publication: ""Atmospheric characterization of six ultra-hot Jupiters from $K$-band high-resolution spectroscopy"".",This is a high priority target,"For this target, multi-site coordination is recommended. This target has only partial visibility.","{'priority': 'This is a high priority target', 'score': 2.0528125, 'visibility': 'Poor observability. Only 28% of the transit is observable. Peak altitude reaches 57°. Average airmass is 2.08 (marginal observing conditions).', 'ephemeris': 'The ephemeris remains relatively well constrained (0.3 minute uncertainty), but the target has not been observed recently and would benefit from maintenance observations.', 'science': 'This target has a low ExoClock priority. 7 recent observations indicate strong monitoring coverage. 6 papers were identified in the last 12 months and 21 papers in the last 36 months. Latest publication: ""Atmospheric characterization of six ultra-hot Jupiters from $K$-band high-resolution spectroscopy"".', 'coordination': 'For this target, multi-site coordination is recommended. This target has only partial visibility.', 'network': True, 'campaign': False}","This is a high priority target. The ephemeris remains relatively well constrained (0.3 minute uncertainty), but the target has not been observed recently and would benefit from maintenance observations.. Poor observability. Only 28% of the transit is observable. Peak altitude reaches 57°. Average airmass is 2.08 (marginal observing conditions).. This target has a low ExoClock priority. 7 recent observations indicate strong monitoring coverage. 6 papers were identified in the last 12 months and 21 papers in the last 36 months. Latest publication: ""Atmospheric characterization of six ultra-hot Jupiters from $K$-band high-resolution spectroscopy"".. requires multi-site coordination.",🌍 Network
WASP-15b_1271,WASP-15b,1271,0.7808673118542983,90.0,6.75,2456479.50824,3.75209921,3.75,10.91,10.604,11.0,-1.47,5.0,208.92796625,-32.159615277777775,2,high,,7.9955241908435575,True,False,0,42.48,4768.57511163922,2456479.50824,0,0,,,,2026-07-26 22:12:46.239,0.0,25.92751447248077,-8.29445522346814,23.013265562749016,0,2461248.34220184,1.47,0.0735,none,4,0.6666666666666666,5.0,6.483636451834439,0.27015151882643496,OK,True,1.2967272903668878,1.0,4,0.3333333333333333,1,5.898657257253067,0.6939596773238902,1,1,4,1,2.9999999999999996,4,2.05,2.05,0,0.42105263157894735,0.7819548872180451,No significant transit timing variation signal currently detected.,Compatible with PIRATE. Target brightness is V=10.9 and the expected transit depth is 11.0 mmag. Estimated minimum aperture is 6 inches.,Poor observability. Only 0% of the transit is observable. Peak altitude reaches 26°. Average airmass is 23.01 (poor observing conditions).,"The ephemeris remains relatively well constrained (0.8 minute uncertainty), but the target has not been observed recently and would benefit from maintenance observations.",This target has a high ExoClock priority. 2 recent transit observations have been recorded. No recent literature activity was identified.,This is a high priority target,"For this target, multi-site coordination is recommended. This target has only partial visibility.","{'priority': 'This is a high priority target', 'score': 2.05, 'visibility': 'Poor observability. Only 0% of the transit is observable. Peak altitude reaches 26°. Average airmass is 23.01 (poor observing conditions).', 'ephemeris': 'The ephemeris remains relatively well constrained (0.8 minute uncertainty), but the target has not been observed recently and would benefit from maintenance observations.', 'science': 'This target has a high ExoClock priority. 2 recent transit observations have been recorded. No recent literature activity was identified.', 'coordination': 'For this target, multi-site coordination is recommended. This target has only partial visibility.', 'network': True, 'campaign': False}","This is a high priority target. The ephemeris remains relatively well constrained (0.8 minute uncertainty), but the target has not been observed recently and would benefit from maintenance observations.. Poor observability. Only 0% of the transit is observable. Peak altitude reaches 26°. Average airmass is 23.01 (poor observing conditions).. This target has a high ExoClock priority. 2 recent transit observations have been recorded. No recent literature activity was identified.. requires multi-site coordination.",🌍 Network
HAT-P-31b_419,HAT-P-31b,419,1.4373462916025472,90.0,7.81,2459150.9749,5.0052728,4.81,11.67,11.49,8.69,-3.38,6.7,271.5377079166667,26.426663611111113,1,medium,,5.993679305551537,True,False,0,27.03,2097.108450804837,2459150.9749,0,0,,,,2026-07-26 16:24:05.973,0.0,30.14702451589739,-15.918006642599172,19.44922862506178,0,2461248.26534691,3.38,0.16899999999999998,none,3,0.5,6.7,9.140042292355288,0.38083509551480366,OK,True,1.3641854167694458,1.0,3,0.5,1,5.298103791665461,0.6233063284312308,2,1,3,1,2.3249999999999997,4,2.0487499999999996,2.0487499999999996,0,0.42105263157894735,0.7763157894736842,No significant transit timing variation signal currently detected.,Compatible with PIRATE. Target brightness is V=11.7 and the expected transit depth is 8.7 mmag. Estimated minimum aperture is 9 inches.,Poor observability. Only 0% of the transit is observable. Peak altitude reaches 30°. Average airmass is 19.45 (poor observing conditions).,"The ephemeris remains relatively well constrained (1.4 minute uncertainty), but the target has not been observed recently and would benefit from maintenance observations.",This target has a medium ExoClock priority. 1 recent transit observations have been recorded. No recent literature activity was identified.,This is a high priority target,"For this target, multi-site coordination is recommended. This target has only partial visibility.","{'priority': 'This is a high priority target', 'score': 2.0487499999999996, 'visibility': 'Poor observability. Only 0% of the transit is observable. Peak altitude reaches 30°. Average airmass is 19.45 (poor observing conditions).', 'ephemeris': 'The ephemeris remains relatively well constrained (1.4 minute uncertainty), but the target has not been observed recently and would benefit from maintenance observations.', 'science': 'This target has a medium ExoClock priority. 1 recent transit observations have been recorded. No recent literature activity was identified.', 'coordination': 'For this target, multi-site coordination is recommended. This target has only partial visibility.', 'network': True, 'campaign': False}","This is a high priority target. The ephemeris remains relatively well constrained (1.4 minute uncertainty), but the target has not been observed recently and would benefit from maintenance observations.. Poor observability. Only 0% of the transit is observable. Peak altitude reaches 30°. Average airmass is 19.45 (poor observing conditions).. This target has a medium ExoClock priority. 1 recent transit observations have been recorded. No recent literature activity was identified.. requires multi-site coordination.",🌍 Network
HATS-27b_481,HATS-27b,481,1.5417713573679919,90.0,7.89,2459018.63212,4.6370484,4.89,12.77,12.75,10.11,-1.93,8.47,193.55254541666667,-46.587718055555555,1,medium,,6.46963270859972,True,False,0,13.71,2229.451230884064,2459018.63212,0,0,,,,2026-07-27 13:14:18.211,0.0,7.844023567135125,-24.55832004484905,196.31026862517447,0,2461249.133544109,1.93,0.0965,none,3,0.5,8.47,13.947636627404917,0.5811515261418715,OK,True,1.646710345620415,1.0,3,0.5,1,5.440889812579916,0.6401046838329313,2,1,3,1,2.3249999999999997,4,2.0487499999999996,2.0487499999999996,0,0.42105263157894735,0.7763157894736842,No significant transit timing variation signal currently detected.,Compatible with PIRATE. Target brightness is V=12.8 and the expected transit depth is 10.1 mmag. Estimated minimum aperture is 14 inches.,Poor observability. Only 0% of the transit is observable. Peak altitude reaches 8°. Average airmass is 196.31 (poor observing conditions).,"The ephemeris remains relatively well constrained (1.5 minute uncertainty), but the target has not been observed recently and would benefit from maintenance observations.",This target has a medium ExoClock priority. 1 recent transit observations have been recorded. No recent literature activity was identified.,This is a high priority target,"For this target, multi-site coordination is recommended. This target has only partial visibility.","{'priority': 'This is a high priority target', 'score': 2.0487499999999996, 'visibility': 'Poor observability. Only 0% of the transit is observable. Peak altitude reaches 8°. Average airmass is 196.31 (poor observing conditions).', 'ephemeris': 'The ephemeris remains relatively well constrained (1.5 minute uncertainty), but the target has not been observed recently and would benefit from maintenance observations.', 'science': 'This target has a medium ExoClock priority. 1 recent transit observations have been recorded. No recent literature activity was identified.', 'coordination': 'For this target, multi-site coordination is recommended. This target has only partial visibility.', 'network': True, 'campaign': False}","This is a high priority target. The ephemeris remains relatively well constrained (1.5 minute uncertainty), but the target has not been observed recently and would benefit from maintenance observations.. Poor observability. Only 0% of the transit is observable. Peak altitude reaches 8°. Average airmass is 196.31 (poor observing conditions).. This target has a medium ExoClock priority. 1 recent transit observations have been recorded. No recent literature activity was identified.. requires multi-site coordination.",🌍 Network
K2-260b_1257,K2-260b,1257,1.0975385270249511,90.0,7.26,2457946.81948,2.62669745,4.26,12.69,12.53,12.44,-1.44,6.75,76.86732833333332,16.867720833333333,2,medium,,11.42118594587283,True,False,0,19.08,3301.263871076517,2457946.81948,0,0,,,,2026-07-27 01:51:25.106,0.0,6.610287990642798,-36.902269827490976,34.34072897412199,0,2461248.6593183563,1.44,0.072,none,3,0.5,6.75,12.984213319621606,0.5410088883175669,OK,True,1.9235871584624602,1.0,3,0.3333333333333333,1,6.5,0.7647058823529411,2,1,3,1,2.2999999999999994,4,2.045,2.045,0,0.42105263157894735,0.7706766917293233,No significant transit timing variation signal currently detected.,Compatible with PIRATE. Target brightness is V=12.7 and the expected transit depth is 12.4 mmag. Estimated minimum aperture is 13 inches.,Poor observability. Only 0% of the transit is observable. Peak altitude reaches 7°. Average airmass is 34.34 (poor observing conditions).,"The ephemeris remains relatively well constrained (1.1 minute uncertainty), but the target has not been observed recently and would benefit from maintenance observations.",This target has a medium ExoClock priority. 2 recent transit observations have been recorded. No recent literature activity was identified.,This is a high priority target,"For this target, multi-site coordination is recommended. This target has only partial visibility.","{'priority': 'This is a high priority target', 'score': 2.045, 'visibility': 'Poor observability. Only 0% of the transit is observable. Peak altitude reaches 7°. Average airmass is 34.34 (poor observing conditions).', 'ephemeris': 'The ephemeris remains relatively well constrained (1.1 minute uncertainty), but the target has not been observed recently and would benefit from maintenance observations.', 'science': 'This target has a medium ExoClock priority. 2 recent transit observations have been recorded. No recent literature activity was identified.', 'coordination': 'For this target, multi-site coordination is recommended. This target has only partial visibility.', 'network': True, 'campaign': False}","This is a high priority target. The ephemeris remains relatively well constrained (1.1 minute uncertainty), but the target has not been observed recently and would benefit from maintenance observations.. Poor observability. Only 0% of the transit is observable. Peak altitude reaches 7°. Average airmass is 34.34 (poor observing conditions).. This target has a medium ExoClock priority. 2 recent transit observations have been recorded. No recent literature activity was identified.. requires multi-site coordination.",🌍 Network
HAT-P-8b_993,HAT-P-8b,993,0.3934705920631767,90.0,6.93,2458193.89133,3.07634388,3.93,10.36,10.15,10.94,0.43,5.0,343.0410979166667,35.447112777777775,6,low,,9.751835675795776,True,False,0,62.25,3054.192020767834,2458193.89133,0,0,,,,2026-07-27 04:48:00.182,0.5416666666666666,82.71207633771323,50.15136947978351,1.0808745498417418,1,2461248.652779884,0.43,0.0215,none,4,0.6666666666666666,5.0,4.929759079097328,0.20540662829572198,OK,True,0.9859518158194656,1.0,2,0.14285714285714285,1,4.925550702738733,0.5794765532633804,1,1,4,3,1.5714285714285712,3,2.0357142857142856,2.0357142857142856,0,0.9041353383458647,0.7669172932330827,No significant transit timing variation signal currently detected.,Compatible with PIRATE. Target brightness is V=10.4 and the expected transit depth is 10.9 mmag. Estimated minimum aperture is 5 inches.,Moderate observability. Approximately 54% of the transit is observable. Peak altitude reaches 83°. Average airmass is 1.08 (excellent observing conditions).,"The ephemeris remains relatively well constrained (0.4 minute uncertainty), but the target has not been observed recently and would benefit from maintenance observations.",This target has a low ExoClock priority. 6 recent observations indicate strong monitoring coverage. No recent literature activity was identified.,This is a high priority target,"For this target, multi-site coordination is recommended.","{'priority': 'This is a high priority target', 'score': 2.0357142857142856, 'visibility': 'Moderate observability. Approximately 54% of the transit is observable. Peak altitude reaches 83°. Average airmass is 1.08 (excellent observing conditions).', 'ephemeris': 'The ephemeris remains relatively well constrained (0.4 minute uncertainty), but the target has not been observed recently and would benefit from maintenance observations.', 'science': 'This target has a low ExoClock priority. 6 recent observations indicate strong monitoring coverage. No recent literature activity was identified.', 'coordination': 'For this target, multi-site coordination is recommended.', 'network': True, 'campaign': False}","This is a high priority target. The ephemeris remains relatively well constrained (0.4 minute uncertainty), but the target has not been observed recently and would benefit from maintenance observations.. Moderate observability. Approximately 54% of the transit is observable. Peak altitude reaches 83°. Average airmass is 1.08 (excellent observing conditions).. This target has a low ExoClock priority. 6 recent observations indicate strong monitoring coverage. No recent literature activity was identified.. requires multi-site coordination.",🌍 Network
TOI-411c_218,TOI-411c,218,4.505797507034305,90.0,6.58,2459161.60861,9.573083,3.58,8.26,7.928,0.47,0.0,66.79,54.819840416666665,-42.76255138888889,0,high,,3.1337866808425248,True,False,0,6.49,2086.474741321057,2459161.60861,0,0,,,,2026-07-27 00:57:27.642,0.0,-13.944736233273353,-56.632667961523026,,0,2461248.6218477082,0.0,0.0,none,1,0.16666666666666666,66.79,9.474148537704531,0.3947561890710221,OK,True,0.14184980592460744,1.0,4,1.0,1,4.440136004252757,0.5223689416767949,3,1,1,1,3.0999999999999996,3,2.0149999999999997,2.0149999999999997,0,0.42105263157894735,0.7612781954887218,No significant transit timing variation signal currently detected.,Compatible with PIRATE. Target brightness is V=8.3 and the expected transit depth is 0.5 mmag. Estimated minimum aperture is 9 inches.,Poor observability. Only 0% of the transit is observable. Peak altitude reaches -14°.,"The ephemeris remains relatively well constrained (4.5 minute uncertainty), but the target has not been observed recently and would benefit from maintenance observations.",This target has a high ExoClock priority. No recent transit observations have been reported. No recent literature activity was identified.,This is a high priority target,"For this target, multi-site coordination is recommended. This target has only partial visibility.","{'priority': 'This is a high priority target', 'score': 2.0149999999999997, 'visibility': 'Poor observability. Only 0% of the transit is observable. Peak altitude reaches -14°.', 'ephemeris': 'The ephemeris remains relatively well constrained (4.5 minute uncertainty), but the target has not been observed recently and would benefit from maintenance observations.', 'science': 'This target has a high ExoClock priority. No recent transit observations have been reported. No recent literature activity was identified.', 'coordination': 'For this target, multi-site coordination is recommended. This target has only partial visibility.', 'network': True, 'campaign': False}","This is a high priority target. The ephemeris remains relatively well constrained (4.5 minute uncertainty), but the target has not been observed recently and would benefit from maintenance observations.. Poor observability. Only 0% of the transit is observable. Peak altitude reaches -14°.. This target has a high ExoClock priority. No recent transit observations have been reported. No recent literature activity was identified.. requires multi-site coordination.",🌍 Network
WASP-147b_447,WASP-147b,447,1.595202570589603,90.0,7.4,2459190.76243,4.6027445,4.4,12.68,11.965,8.37,3.61,8.09,359.19153624999996,-22.15320138888889,0,high,,6.517850382527207,True,False,0,15.55,2057.3209218368866,2459190.76243,0,0,,,,2026-07-26 16:31:19.554,0.0,-58.77726388817671,-83.69903127014227,,0,2461248.1050874307,3.61,0.1805,none,2,0.3333333333333333,8.09,15.503921631335096,0.6459967346389623,OK,True,1.9164303623405559,1.0,4,1.0,1,5.455355114758162,0.6418064840891955,2,1,2,1,3.0999999999999996,4,2.0149999999999997,2.0149999999999997,0,0.42105263157894735,0.7612781954887218,No significant transit timing variation signal currently detected.,Compatible with PIRATE. Target brightness is V=12.7 and the expected transit depth is 8.4 mmag. Estimated minimum aperture is 16 inches.,Poor observability. Only 0% of the transit is observable. Peak altitude reaches -59°.,"The ephemeris remains relatively well constrained (1.6 minute uncertainty), but the target has not been observed recently and would benefit from maintenance observations.",This target has a high ExoClock priority. No recent transit observations have been reported. No recent literature activity was identified.,This is a high priority target,"For this target, multi-site coordination is recommended. This target has only partial visibility.","{'priority': 'This is a high priority target', 'score': 2.0149999999999997, 'visibility': 'Poor observability. Only 0% of the transit is observable. Peak altitude reaches -59°.', 'ephemeris': 'The ephemeris remains relatively well constrained (1.6 minute uncertainty), but the target has not been observed recently and would benefit from maintenance observations.', 'science': 'This target has a high ExoClock priority. No recent transit observations have been reported. No recent literature activity was identified.', 'coordination': 'For this target, multi-site coordination is recommended. This target has only partial visibility.', 'network': True, 'campaign': False}","This is a high priority target. The ephemeris remains relatively well constrained (1.6 minute uncertainty), but the target has not been observed recently and would benefit from maintenance observations.. Poor observability. Only 0% of the transit is observable. Peak altitude reaches -59°.. This target has a high ExoClock priority. No recent transit observations have been reported. No recent literature activity was identified.. requires multi-site coordination.",🌍 Network
KELT-17b_573,KELT-17b,573,0.2835740930835239,90.0,6.470000000000001,2459483.913711,3.08018045,3.47,9.23,9.089,10.8,0.57,5.0,125.61751958333335,13.735317777777777,4,low,,9.739689114642617,True,False,0,85.58,1764.1696401438676,2459483.913711,1,1,"Cross-correlation transmission spectroscopy of ultra-hot Jupiters WASP-189b, HAT-P-57b, KELT-17b, and KELT-21b with GIANO-B",2026arXiv260627221M,2026-06-00,2026-07-27 08:33:05.021,0.0,50.46591408423419,-1.4711113061129193,7.642233137216537,0,2461248.938252558,0.57,0.028499999999999998,none,5,0.8333333333333334,5.0,4.0,0.16666666666666666,OK,True,0.8,1.0,2,0.2,2,6.421906734392786,0.7555184393403277,1,1,5,1,1.73,4,2.0095,2.0095,0,0.42105263157894735,0.7556390977443609,No significant transit timing variation signal currently detected.,Compatible with PIRATE. Target brightness is V=9.2 and the expected transit depth is 10.8 mmag. Estimated minimum aperture is 4 inches.,Poor observability. Only 0% of the transit is observable. Peak altitude reaches 50°. Average airmass is 7.64 (poor observing conditions).,"The ephemeris remains relatively well constrained (0.3 minute uncertainty), but the target has not been observed recently and would benefit from maintenance observations.","This target has a low ExoClock priority. 4 recent observations indicate moderate monitoring coverage. 1 papers were identified in the last 12 months and 1 papers in the last 36 months. Latest publication: ""Cross-correlation transmission spectroscopy of ultra-hot Jupiters WASP-189b, HAT-P-57b, KELT-17b, and KELT-21b with GIANO-B"".",This is a high priority target,"For this target, multi-site coordination is recommended. This target has only partial visibility.","{'priority': 'This is a high priority target', 'score': 2.0095, 'visibility': 'Poor observability. Only 0% of the transit is observable. Peak altitude reaches 50°. Average airmass is 7.64 (poor observing conditions).', 'ephemeris': 'The ephemeris remains relatively well constrained (0.3 minute uncertainty), but the target has not been observed recently and would benefit from maintenance observations.', 'science': 'This target has a low ExoClock priority. 4 recent observations indicate moderate monitoring coverage. 1 papers were identified in the last 12 months and 1 papers in the last 36 months. Latest publication: ""Cross-correlation transmission spectroscopy of ultra-hot Jupiters WASP-189b, HAT-P-57b, KELT-17b, and KELT-21b with GIANO-B"".', 'coordination': 'For this target, multi-site coordination is recommended. This target has only partial visibility.', 'network': True, 'campaign': False}","This is a high priority target. The ephemeris remains relatively well constrained (0.3 minute uncertainty), but the target has not been observed recently and would benefit from maintenance observations.. Poor observability. Only 0% of the transit is observable. Peak altitude reaches 50°. Average airmass is 7.64 (poor observing conditions).. This target has a low ExoClock priority. 4 recent observations indicate moderate monitoring coverage. 1 papers were identified in the last 12 months and 1 papers in the last 36 months. Latest publication: ""Cross-correlation transmission spectroscopy of ultra-hot Jupiters WASP-189b, HAT-P-57b, KELT-17b, and KELT-21b with GIANO-B"".. requires multi-site coordination.",🌍 Network
WASP-16b_1555,WASP-16b,1555,0.5645061544961419,90.0,5.1,2456399.45699,3.11860352,2.1,11.29,11.0,13.62,-0.03,5.0,214.68301083333333,-20.275511666666667,1,medium,,9.61969029009497,False,False,0,36.43,4848.626361642964,2456399.45699,0,0,,,,2026-07-27 09:13:54.872,0.0,-33.92406585975563,-81.91046418976856,,0,2461248.966607315,0.03,0.0015,none,5,0.8333333333333334,5.0,9.27539536493596,0.38647480687233166,OK,True,1.855079072987192,1.0,3,0.5,1,4.3859070870284915,0.5159890690621755,1,1,5,1,2.3249999999999997,3,1.9987499999999998,1.9987499999999998,0,0.42105263157894735,0.7518796992481203,No significant transit timing variation signal currently detected.,Compatible with PIRATE. Target brightness is V=11.3 and the expected transit depth is 13.6 mmag. Estimated minimum aperture is 9 inches.,Poor observability. Only 0% of the transit is observable. Peak altitude reaches -34°.,"The ephemeris remains relatively well constrained (0.6 minute uncertainty), but the target has not been observed recently and would benefit from maintenance observations.",This target has a medium ExoClock priority. 1 recent transit observations have been recorded. No recent literature activity was identified.,This is a high priority target,This target has only partial visibility.,"{'priority': 'This is a high priority target', 'score': 1.9987499999999998, 'visibility': 'Poor observability. Only 0% of the transit is observable. Peak altitude reaches -34°.', 'ephemeris': 'The ephemeris remains relatively well constrained (0.6 minute uncertainty), but the target has not been observed recently and would benefit from maintenance observations.', 'science': 'This target has a medium ExoClock priority. 1 recent transit observations have been recorded. No recent literature activity was identified.', 'coordination': 'This target has only partial visibility.', 'network': False, 'campaign': False}","This is a high priority target. The ephemeris remains relatively well constrained (0.6 minute uncertainty), but the target has not been observed recently and would benefit from maintenance observations.. Poor observability. Only 0% of the transit is observable. Peak altitude reaches -34°.. This target has a medium ExoClock priority. 1 recent transit observations have been recorded. No recent literature activity was identified..",—
WASP-139b_467,WASP-139b,467,1.0617012189877215,90.0,5.77,2458482.35988,5.9242656,2.77,12.48,12.3,14.11,1.05,6.27,49.56226458333333,-41.30212888888889,1,medium,,5.063918808771842,False,False,0,21.12,2765.7234718245454,2458482.35988,0,0,,,,2026-07-27 11:47:12.290,0.0,16.572044855906693,-14.919482724953154,19.51816173252928,0,2461248.9077811344,1.05,0.052500000000000005,none,4,0.6666666666666666,6.27,13.72547048682617,0.5718946036177571,OK,True,2.189070253082324,1.0,3,0.5,1,3.019175642631552,0.35519713442724143,2,1,4,1,2.3249999999999997,2,1.9987499999999996,1.9987499999999996,0,0.42105263157894735,0.7481203007518797,No significant transit timing variation signal currently detected.,Compatible with PIRATE. Target brightness is V=12.5 and the expected transit depth is 14.1 mmag. Estimated minimum aperture is 14 inches.,Poor observability. Only 0% of the transit is observable. Peak altitude reaches 17°. Average airmass is 19.52 (poor observing conditions).,"The ephemeris remains relatively well constrained (1.1 minute uncertainty), but the target has not been observed recently and would benefit from maintenance observations.",This target has a medium ExoClock priority. 1 recent transit observations have been recorded. No recent literature activity was identified.,This is a high priority target,This target has only partial visibility.,"{'priority': 'This is a high priority target', 'score': 1.9987499999999996, 'visibility': 'Poor observability. Only 0% of the transit is observable. Peak altitude reaches 17°. Average airmass is 19.52 (poor observing conditions).', 'ephemeris': 'The ephemeris remains relatively well constrained (1.1 minute uncertainty), but the target has not been observed recently and would benefit from maintenance observations.', 'science': 'This target has a medium ExoClock priority. 1 recent transit observations have been recorded. No recent literature activity was identified.', 'coordination': 'This target has only partial visibility.', 'network': False, 'campaign': False}","This is a high priority target. The ephemeris remains relatively well constrained (1.1 minute uncertainty), but the target has not been observed recently and would benefit from maintenance observations.. Poor observability. Only 0% of the transit is observable. Peak altitude reaches 17°. Average airmass is 19.52 (poor observing conditions).. This target has a medium ExoClock priority. 1 recent transit observations have been recorded. No recent literature activity was identified..",—
WASP-145Ab_1145,WASP-145Ab,1145,0.321957151832368,90.0,4.04,2459223.52249,1.76903829,1.04,11.59,11.43,10.29,-0.36,8.01,322.25287291666666,-58.836194444444445,2,medium,,16.958366684081213,False,False,0,19.24,2024.5608618333936,2459223.52249,0,0,,,,2026-07-27 13:41:33.906,0.0,-49.64137653368078,-59.58295533263402,,0,2461248.9871979863,0.36,0.018,none,5,0.8333333333333334,8.01,17.410300804875824,0.7254292002031594,OK,True,2.173570637312837,1.0,3,0.3333333333333333,1,4.5,0.5294117647058824,1,1,5,1,2.2999999999999994,3,1.9949999999999999,1.9949999999999999,0,0.42105263157894735,0.7443609022556391,No significant transit timing variation signal currently detected.,Compatible with PIRATE. Target brightness is V=11.6 and the expected transit depth is 10.3 mmag. Estimated minimum aperture is 17 inches.,Poor observability. Only 0% of the transit is observable. Peak altitude reaches -50°.,"The ephemeris remains relatively well constrained (0.3 minute uncertainty), but the target has not been observed recently and would benefit from maintenance observations.",This target has a medium ExoClock priority. 2 recent transit observations have been recorded. No recent literature activity was identified.,This is a high priority target,This target has only partial visibility.,"{'priority': 'This is a high priority target', 'score': 1.9949999999999999, 'visibility': 'Poor observability. Only 0% of the transit is observable. Peak altitude reaches -50°.', 'ephemeris': 'The ephemeris remains relatively well constrained (0.3 minute uncertainty), but the target has not been observed recently and would benefit from maintenance observations.', 'science': 'This target has a medium ExoClock priority. 2 recent transit observations have been recorded. No recent literature activity was identified.', 'coordination': 'This target has only partial visibility.', 'network': False, 'campaign': False}","This is a high priority target. The ephemeris remains relatively well constrained (0.3 minute uncertainty), but the target has not been observed recently and would benefit from maintenance observations.. Poor observability. Only 0% of the transit is observable. Peak altitude reaches -50°.. This target has a medium ExoClock priority. 2 recent transit observations have been recorded. No recent literature activity was identified..",—
WASP-31b_970,WASP-31b,970,0.47143453585834955,90.0,5.67,2457944.64622,3.40588752,2.67,11.66,11.98,17.25,-0.19,5.68,169.43899083333332,-19.054782222222222,3,medium,,8.808276792417384,False,False,0,31.25,3303.437131675426,2457944.64622,0,0,,,,2026-07-26 20:33:05.501,0.0,30.844606150837624,-14.170385851604156,15.905649129384665,0,2461248.2729803356,0.19,0.0095,none,5,0.8333333333333334,5.68,8.667232591098907,0.3611346912957878,OK,True,1.5259212308272725,1.0,3,0.25,1,4.142483037725215,0.4873509456147312,1,1,5,1,2.2874999999999996,3,1.9931249999999998,1.9931249999999998,0,0.42105263157894735,0.7406015037593985,No significant transit timing variation signal currently detected.,Compatible with PIRATE. Target brightness is V=11.7 and the expected transit depth is 17.2 mmag. Estimated minimum aperture is 9 inches.,Poor observability. Only 0% of the transit is observable. Peak altitude reaches 31°. Average airmass is 15.91 (poor observing conditions).,"The ephemeris remains relatively well constrained (0.5 minute uncertainty), but the target has not been observed recently and would benefit from maintenance observations.",This target has a medium ExoClock priority. 3 recent observations indicate moderate monitoring coverage. No recent literature activity was identified.,This is a high priority target,This target has only partial visibility.,"{'priority': 'This is a high priority target', 'score': 1.9931249999999998, 'visibility': 'Poor observability. Only 0% of the transit is observable. Peak altitude reaches 31°. Average airmass is 15.91 (poor observing conditions).', 'ephemeris': 'The ephemeris remains relatively well constrained (0.5 minute uncertainty), but the target has not been observed recently and would benefit from maintenance observations.', 'science': 'This target has a medium ExoClock priority. 3 recent observations indicate moderate monitoring coverage. No recent literature activity was identified.', 'coordination': 'This target has only partial visibility.', 'network': False, 'campaign': False}","This is a high priority target. The ephemeris remains relatively well constrained (0.5 minute uncertainty), but the target has not been observed recently and would benefit from maintenance observations.. Poor observability. Only 0% of the transit is observable. Peak altitude reaches 31°. Average airmass is 15.91 (poor observing conditions).. This target has a medium ExoClock priority. 3 recent observations indicate moderate monitoring coverage. No recent literature activity was identified..",—
WASP-21b_675,WASP-21b,675,0.5946564736046833,90.0,6.4,2458330.7238,4.32250611,3.4,11.55,11.52,14.28,-1.05,5.0,347.49272249999996,18.39607833333333,7,low,,6.940418182543645,True,False,0,38.11,2917.3595516555943,2458330.7238,0,0,,,,2026-07-26 21:57:03.472,0.26666666666666666,33.852348150712864,-15.866734897032249,9.199086882332518,1,2461248.496567963,1.05,0.052500000000000005,none,4,0.6666666666666666,5.0,8.02466792282499,0.3343611634510413,OK,True,1.6049335845649981,1.0,2,0.125,1,5.582125454763093,0.6567206417368345,1,1,4,2,1.5687499999999999,4,1.9853125,1.9853125,0,0.8533834586466166,0.7368421052631579,No significant transit timing variation signal currently detected.,Compatible with PIRATE. Target brightness is V=11.6 and the expected transit depth is 14.3 mmag. Estimated minimum aperture is 8 inches.,Poor observability. Only 27% of the transit is observable. Peak altitude reaches 34°. Average airmass is 9.20 (poor observing conditions).,"The ephemeris remains relatively well constrained (0.6 minute uncertainty), but the target has not been observed recently and would benefit from maintenance observations.",This target has a low ExoClock priority. 7 recent observations indicate strong monitoring coverage. No recent literature activity was identified.,This is a high priority target,"For this target, multi-site coordination is recommended. This target has only partial visibility.","{'priority': 'This is a high priority target', 'score': 1.9853125, 'visibility': 'Poor observability. Only 27% of the transit is observable. Peak altitude reaches 34°. Average airmass is 9.20 (poor observing conditions).', 'ephemeris': 'The ephemeris remains relatively well constrained (0.6 minute uncertainty), but the target has not been observed recently and would benefit from maintenance observations.', 'science': 'This target has a low ExoClock priority. 7 recent observations indicate strong monitoring coverage. No recent literature activity was identified.', 'coordination': 'For this target, multi-site coordination is recommended. This target has only partial visibility.', 'network': True, 'campaign': False}","This is a high priority target. The ephemeris remains relatively well constrained (0.6 minute uncertainty), but the target has not been observed recently and would benefit from maintenance observations.. Poor observability. Only 27% of the transit is observable. Peak altitude reaches 34°. Average airmass is 9.20 (poor observing conditions).. This target has a low ExoClock priority. 7 recent observations indicate strong monitoring coverage. No recent literature activity was identified.. requires multi-site coordination.",🌍 Network
TOI-2109b_2620,TOI-2109b,2620,0.6460725895562418,90.0,4.92,2459486.727696,0.67247371,1.92,10.22,9.93,7.28,2.29,6.64,253.18633416666665,16.579955277777778,16,low,,44.611409418518384,False,False,0,29.68,1761.3556555020623,2459486.727696,3,9,A GHOST Search for Atmospheric Chemistry: Retrieval of Ti and Fe signatures in TOI-2109 b,2026ASTCS..1100122C,2026-06-00,2026-07-27 02:35:32.536,0.5416666666666666,48.251096855041,-3.3744931402117624,6.823965399415761,1,2461248.5246821297,2.29,0.1145,none,4,0.6666666666666666,6.64,8.106144247769526,0.33775601032373026,OK,True,1.2208048565917962,1.0,2,0.058823529411764705,2,3.0,0.35294117647058826,1,1,4,3,1.7088235294117646,2,1.9563235294117647,1.9563235294117647,0,0.9041353383458647,0.7330827067669173,No significant transit timing variation signal currently detected.,Compatible with PIRATE. Target brightness is V=10.2 and the expected transit depth is 7.3 mmag. Estimated minimum aperture is 8 inches.,Moderate observability. Approximately 54% of the transit is observable. Peak altitude reaches 48°. Average airmass is 6.82 (poor observing conditions).,"The ephemeris remains relatively well constrained (0.6 minute uncertainty), but the target has not been observed recently and would benefit from maintenance observations.","This target has a low ExoClock priority. 16 recent observations indicate strong monitoring coverage. 3 papers were identified in the last 12 months and 9 papers in the last 36 months. Latest publication: ""A GHOST Search for Atmospheric Chemistry: Retrieval of Ti and Fe signatures in TOI-2109 b"".",This is a high priority target,There is no special coordination required.,"{'priority': 'This is a high priority target', 'score': 1.9563235294117647, 'visibility': 'Moderate observability. Approximately 54% of the transit is observable. Peak altitude reaches 48°. Average airmass is 6.82 (poor observing conditions).', 'ephemeris': 'The ephemeris remains relatively well constrained (0.6 minute uncertainty), but the target has not been observed recently and would benefit from maintenance observations.', 'science': 'This target has a low ExoClock priority. 16 recent observations indicate strong monitoring coverage. 3 papers were identified in the last 12 months and 9 papers in the last 36 months. Latest publication: ""A GHOST Search for Atmospheric Chemistry: Retrieval of Ti and Fe signatures in TOI-2109 b"".', 'coordination': 'There is no special coordination required.', 'network': False, 'campaign': False}","This is a high priority target. The ephemeris remains relatively well constrained (0.6 minute uncertainty), but the target has not been observed recently and would benefit from maintenance observations.. Moderate observability. Approximately 54% of the transit is observable. Peak altitude reaches 48°. Average airmass is 6.82 (poor observing conditions).. This target has a low ExoClock priority. 16 recent observations indicate strong monitoring coverage. 3 papers were identified in the last 12 months and 9 papers in the last 36 months. Latest publication: ""A GHOST Search for Atmospheric Chemistry: Retrieval of Ti and Fe signatures in TOI-2109 b""..",—
WASP-33b_2238,WASP-33b,2238,0.4078139806341049,90.0,5.87,2458518.16266,1.21987081,2.87,8.14,7.948,14.52,-0.69,5.0,36.712742500000004,37.550482499999994,15,low,,24.592768147308977,False,False,0,170.06,2729.920691683423,2458518.16266,7,13,Atmospheric characterization of six ultra-hot Jupiters from $K$-band high-resolution spectroscopy,2026arXiv260703992F,2026-07-00,2026-07-26 17:35:08.049,0.0,-6.034266925577955,-24.0312535342688,,0,2461248.1493987152,0.69,0.034499999999999996,none,6,1.0,5.0,4.0,0.16666666666666666,OK,True,0.8,1.0,2,0.0625,4,4.5,0.5294117647058824,1,1,5,1,2.009375,3,1.95140625,1.95140625,0,0.42105263157894735,0.7293233082706767,No significant transit timing variation signal currently detected.,Compatible with PIRATE. Target brightness is V=8.1 and the expected transit depth is 14.5 mmag. Estimated minimum aperture is 4 inches.,Poor observability. Only 0% of the transit is observable. Peak altitude reaches -6°.,"The ephemeris remains relatively well constrained (0.4 minute uncertainty), but the target has not been observed recently and would benefit from maintenance observations.","This target has a low ExoClock priority. 15 recent observations indicate strong monitoring coverage. 7 papers were identified in the last 12 months and 13 papers in the last 36 months. Latest publication: ""Atmospheric characterization of six ultra-hot Jupiters from $K$-band high-resolution spectroscopy"".",This is a high priority target,This target has only partial visibility.,"{'priority': 'This is a high priority target', 'score': 1.95140625, 'visibility': 'Poor observability. Only 0% of the transit is observable. Peak altitude reaches -6°.', 'ephemeris': 'The ephemeris remains relatively well constrained (0.4 minute uncertainty), but the target has not been observed recently and would benefit from maintenance observations.', 'science': 'This target has a low ExoClock priority. 15 recent observations indicate strong monitoring coverage. 7 papers were identified in the last 12 months and 13 papers in the last 36 months. Latest publication: ""Atmospheric characterization of six ultra-hot Jupiters from $K$-band high-resolution spectroscopy"".', 'coordination': 'This target has only partial visibility.', 'network': False, 'campaign': False}","This is a high priority target. The ephemeris remains relatively well constrained (0.4 minute uncertainty), but the target has not been observed recently and would benefit from maintenance observations.. Poor observability. Only 0% of the transit is observable. Peak altitude reaches -6°.. This target has a low ExoClock priority. 15 recent observations indicate strong monitoring coverage. 7 papers were identified in the last 12 months and 13 papers in the last 36 months. Latest publication: ""Atmospheric characterization of six ultra-hot Jupiters from $K$-band high-resolution spectroscopy""..",—
KELT-2Ab_368,KELT-2Ab,368,0.37831202920260526,90.0,8.08,2459734.594402,4.11377574,5.08,8.71,8.388,6.86,-0.81,5.0,92.66393833333333,30.95714361111111,1,medium,,7.292570595984894,True,False,0,93.56,1513.4889491177164,2459734.594402,0,0,,,,2026-07-26 23:06:49.558,0.0,-23.641287314217408,-30.74798431063708,,0,2461248.545018032,0.81,0.0405,none,4,0.6666666666666666,5.0,4.0,0.16666666666666666,OK,True,0.8,1.0,3,0.5,1,5.687771178795469,0.6691495504465257,1,1,4,1,2.3249999999999997,4,1.94875,1.94875,0,0.42105263157894735,0.7255639097744361,No significant transit timing variation signal currently detected.,Compatible with PIRATE. Target brightness is V=8.7 and the expected transit depth is 6.9 mmag. Estimated minimum aperture is 4 inches.,Poor observability. Only 0% of the transit is observable. Peak altitude reaches -24°.,"The ephemeris remains relatively well constrained (0.4 minute uncertainty), but the target has not been observed recently and would benefit from maintenance observations.",This target has a medium ExoClock priority. 1 recent transit observations have been recorded. No recent literature activity was identified.,This is a high priority target,"For this target, multi-site coordination is recommended. This target has only partial visibility.","{'priority': 'This is a high priority target', 'score': 1.94875, 'visibility': 'Poor observability. Only 0% of the transit is observable. Peak altitude reaches -24°.', 'ephemeris': 'The ephemeris remains relatively well constrained (0.4 minute uncertainty), but the target has not been observed recently and would benefit from maintenance observations.', 'science': 'This target has a medium ExoClock priority. 1 recent transit observations have been recorded. No recent literature activity was identified.', 'coordination': 'For this target, multi-site coordination is recommended. This target has only partial visibility.', 'network': True, 'campaign': False}","This is a high priority target. The ephemeris remains relatively well constrained (0.4 minute uncertainty), but the target has not been observed recently and would benefit from maintenance observations.. Poor observability. Only 0% of the transit is observable. Peak altitude reaches -24°.. This target has a medium ExoClock priority. 1 recent transit observations have been recorded. No recent literature activity was identified.. requires multi-site coordination.",🌍 Network
K2-329b_245,K2-329b,245,1.6453260345597236,90.0,6.62,2458196.63127,12.4551174,3.62,12.697,12.528,12.31,2.64,6.79,351.13531708333335,-5.164091666666667,2,medium,,2.4086485126185964,True,False,0,18.82,3051.452081102412,2458196.63127,0,0,,,,2026-07-26 15:13:17.668,0.0,-41.08639692549756,-66.7146282305957,,0,2461248.050898935,2.64,0.132,none,3,0.5,6.79,14.20519892967594,0.5918832887364974,OK,True,2.092076425578194,1.0,3,0.3333333333333333,1,4.222594553785579,0.496775829857127,2,1,3,1,2.2999999999999994,3,1.9449999999999998,1.9449999999999998,0,0.42105263157894735,0.7218045112781954,No significant transit timing variation signal currently detected.,Compatible with PIRATE. Target brightness is V=12.7 and the expected transit depth is 12.3 mmag. Estimated minimum aperture is 14 inches.,Poor observability. Only 0% of the transit is observable. Peak altitude reaches -41°.,"The ephemeris remains relatively well constrained (1.6 minute uncertainty), but the target has not been observed recently and would benefit from maintenance observations.",This target has a medium ExoClock priority. 2 recent transit observations have been recorded. No recent literature activity was identified.,This is a high priority target,"For this target, multi-site coordination is recommended. This target has only partial visibility.","{'priority': 'This is a high priority target', 'score': 1.9449999999999998, 'visibility': 'Poor observability. Only 0% of the transit is observable. Peak altitude reaches -41°.', 'ephemeris': 'The ephemeris remains relatively well constrained (1.6 minute uncertainty), but the target has not been observed recently and would benefit from maintenance observations.', 'science': 'This target has a medium ExoClock priority. 2 recent transit observations have been recorded. No recent literature activity was identified.', 'coordination': 'For this target, multi-site coordination is recommended. This target has only partial visibility.', 'network': True, 'campaign': False}","This is a high priority target. The ephemeris remains relatively well constrained (1.6 minute uncertainty), but the target has not been observed recently and would benefit from maintenance observations.. Poor observability. Only 0% of the transit is observable. Peak altitude reaches -41°.. This target has a medium ExoClock priority. 2 recent transit observations have been recorded. No recent literature activity was identified.. requires multi-site coordination.",🌍 Network
WASP-113b_880,WASP-113b,880,0.7119658246180361,90.0,7.33,2457251.604213,4.54216744,4.33,11.771,11.389,10.1,-0.44,5.7,224.87282499999998,46.96013333333334,3,medium,,6.604776331186946,True,False,0,26.73,3996.4791387994774,2457251.604213,0,0,,,,2026-07-27 05:03:29.618,0.0,8.572741373314233,-14.15695638863313,30.328316780879835,0,2461248.6274261344,0.44,0.022,none,4,0.6666666666666666,5.7,9.361080859574384,0.39004503581559935,OK,True,1.6422948876446288,1.0,3,0.25,1,5.481432899356084,0.6448744587477746,1,1,4,1,2.2874999999999996,4,1.9431249999999998,1.9431249999999998,0,0.42105263157894735,0.7180451127819549,No significant transit timing variation signal currently detected.,Compatible with PIRATE. Target brightness is V=11.8 and the expected transit depth is 10.1 mmag. Estimated minimum aperture is 9 inches.,Poor observability. Only 0% of the transit is observable. Peak altitude reaches 9°. Average airmass is 30.33 (poor observing conditions).,"The ephemeris remains relatively well constrained (0.7 minute uncertainty), but the target has not been observed recently and would benefit from maintenance observations.",This target has a medium ExoClock priority. 3 recent observations indicate moderate monitoring coverage. No recent literature activity was identified.,This is a high priority target,"For this target, multi-site coordination is recommended. This target has only partial visibility.","{'priority': 'This is a high priority target', 'score': 1.9431249999999998, 'visibility': 'Poor observability. Only 0% of the transit is observable. Peak altitude reaches 9°. Average airmass is 30.33 (poor observing conditions).', 'ephemeris': 'The ephemeris remains relatively well constrained (0.7 minute uncertainty), but the target has not been observed recently and would benefit from maintenance observations.', 'science': 'This target has a medium ExoClock priority. 3 recent observations indicate moderate monitoring coverage. No recent literature activity was identified.', 'coordination': 'For this target, multi-site coordination is recommended. This target has only partial visibility.', 'network': True, 'campaign': False}","This is a high priority target. The ephemeris remains relatively well constrained (0.7 minute uncertainty), but the target has not been observed recently and would benefit from maintenance observations.. Poor observability. Only 0% of the transit is observable. Peak altitude reaches 9°. Average airmass is 30.33 (poor observing conditions).. This target has a medium ExoClock priority. 3 recent observations indicate moderate monitoring coverage. No recent literature activity was identified.. requires multi-site coordination.",🌍 Network
KELT-11b_595,KELT-11b,595,0.8740515316616358,90.0,10.11,2458430.67207,4.7362056,7.11,8.04,7.587,3.35,0.0,8.23,161.70725041666668,-9.39902611111111,0,high,,6.3341844788157005,True,False,0,75.94,2817.411281131208,2458430.67207,1,1,Upper limits on atmospheric abundances of KELT-11b and WASP-69b from a retrieval approach,2025A&A...704A.161L,2025-12-00,2026-07-27 05:07:35.149,0.0,-37.087189148700006,-71.23821874535388,,0,2461248.795545706,0.0,0.0,none,3,0.5,8.23,4.0,0.16666666666666666,OK,True,0.48602673147023084,1.0,4,1.0,2,5.4002553436447105,0.6353241580758483,1,1,3,1,3.2499999999999996,4,1.9374999999999996,1.9374999999999996,0,0.42105263157894735,0.7142857142857143,No significant transit timing variation signal currently detected.,Compatible with PIRATE. Target brightness is V=8.0 and the expected transit depth is 3.4 mmag. Estimated minimum aperture is 4 inches.,Poor observability. Only 0% of the transit is observable. Peak altitude reaches -37°.,"The ephemeris remains relatively well constrained (0.9 minute uncertainty), but the target has not been observed recently and would benefit from maintenance observations.","This target has a high ExoClock priority. No recent transit observations have been reported. 1 papers were identified in the last 12 months and 1 papers in the last 36 months. Latest publication: ""Upper limits on atmospheric abundances of KELT-11b and WASP-69b from a retrieval approach"".",This is a high priority target,"For this target, multi-site coordination is recommended. This target has only partial visibility.","{'priority': 'This is a high priority target', 'score': 1.9374999999999996, 'visibility': 'Poor observability. Only 0% of the transit is observable. Peak altitude reaches -37°.', 'ephemeris': 'The ephemeris remains relatively well constrained (0.9 minute uncertainty), but the target has not been observed recently and would benefit from maintenance observations.', 'science': 'This target has a high ExoClock priority. No recent transit observations have been reported. 1 papers were identified in the last 12 months and 1 papers in the last 36 months. Latest publication: ""Upper limits on atmospheric abundances of KELT-11b and WASP-69b from a retrieval approach"".', 'coordination': 'For this target, multi-site coordination is recommended. This target has only partial visibility.', 'network': True, 'campaign': False}","This is a high priority target. The ephemeris remains relatively well constrained (0.9 minute uncertainty), but the target has not been observed recently and would benefit from maintenance observations.. Poor observability. Only 0% of the transit is observable. Peak altitude reaches -37°.. This target has a high ExoClock priority. No recent transit observations have been reported. 1 papers were identified in the last 12 months and 1 papers in the last 36 months. Latest publication: ""Upper limits on atmospheric abundances of KELT-11b and WASP-69b from a retrieval approach"".. requires multi-site coordination.",🌍 Network
TIC257060897b_499,TIC257060897b,499,1.1818027976002028,90.0,7.61,2459422.70506,3.6600346,4.61,11.81,11.455,8.95,1.36,6.49,227.53196041666666,72.7103463888889,4,low,,8.19664382407751,True,False,0,23.34,1825.3782912776805,2459422.70506,0,0,,,,2026-07-27 13:28:35.731,0.0,33.71000238735171,17.164844988178984,2.4509971981728214,0,2461249.1434691087,1.36,0.068,none,3,0.5,6.49,9.812251051916471,0.408843793829853,OK,True,1.5119030896635548,1.0,2,0.2,1,5.958993147223253,0.7010580173203826,2,1,3,1,1.5799999999999998,4,1.9369999999999998,1.9369999999999998,0,0.42105263157894735,0.7105263157894737,No significant transit timing variation signal currently detected.,Compatible with PIRATE. Target brightness is V=11.8 and the expected transit depth is 8.9 mmag. Estimated minimum aperture is 10 inches.,Poor observability. Only 0% of the transit is observable. Peak altitude reaches 34°. Average airmass is 2.45 (marginal observing conditions).,"The ephemeris remains relatively well constrained (1.2 minute uncertainty), but the target has not been observed recently and would benefit from maintenance observations.",This target has a low ExoClock priority. 4 recent observations indicate moderate monitoring coverage. No recent literature activity was identified.,This is a high priority target,"For this target, multi-site coordination is recommended. This target has only partial visibility.","{'priority': 'This is a high priority target', 'score': 1.9369999999999998, 'visibility': 'Poor observability. Only 0% of the transit is observable. Peak altitude reaches 34°. Average airmass is 2.45 (marginal observing conditions).', 'ephemeris': 'The ephemeris remains relatively well constrained (1.2 minute uncertainty), but the target has not been observed recently and would benefit from maintenance observations.', 'science': 'This target has a low ExoClock priority. 4 recent observations indicate moderate monitoring coverage. No recent literature activity was identified.', 'coordination': 'For this target, multi-site coordination is recommended. This target has only partial visibility.', 'network': True, 'campaign': False}","This is a high priority target. The ephemeris remains relatively well constrained (1.2 minute uncertainty), but the target has not been observed recently and would benefit from maintenance observations.. Poor observability. Only 0% of the transit is observable. Peak altitude reaches 34°. Average airmass is 2.45 (marginal observing conditions).. This target has a low ExoClock priority. 4 recent observations indicate moderate monitoring coverage. No recent literature activity was identified.. requires multi-site coordination.",🌍 Network
WASP-10b_1421,WASP-10b,1421,0.266540345128924,90.0,5.27,2456853.689643,3.0927278,2.27,12.7,12.03,34.78,-0.55,5.76,348.99291875,31.462859444444444,11,low,,9.700174713080148,False,False,0,53.03,4394.39370862674,2456853.689643,0,0,,,,2026-07-26 22:55:15.980,0.5833333333333334,48.79864991209896,1.3604622525871588,4.753398163508773,1,2461248.5369905094,0.55,0.027500000000000004,none,4,0.6666666666666666,5.76,10.6869287578044,0.44528869824185,OK,True,1.8553695760077085,1.0,2,0.08333333333333333,1,2.9100524139240447,0.3423591075204758,1,1,4,3,1.5624999999999998,2,1.934375,1.934375,0,0.9229323308270677,0.706766917293233,No significant transit timing variation signal currently detected.,Compatible with PIRATE. Target brightness is V=12.7 and the expected transit depth is 34.8 mmag. Estimated minimum aperture is 11 inches.,Moderate observability. Approximately 58% of the transit is observable. Peak altitude reaches 49°. Average airmass is 4.75 (poor observing conditions).,"The ephemeris remains relatively well constrained (0.3 minute uncertainty), but the target has not been observed recently and would benefit from maintenance observations.",This target has a low ExoClock priority. 11 recent observations indicate strong monitoring coverage. No recent literature activity was identified.,This is a high priority target,There is no special coordination required.,"{'priority': 'This is a high priority target', 'score': 1.934375, 'visibility': 'Moderate observability. Approximately 58% of the transit is observable. Peak altitude reaches 49°. Average airmass is 4.75 (poor observing conditions).', 'ephemeris': 'The ephemeris remains relatively well constrained (0.3 minute uncertainty), but the target has not been observed recently and would benefit from maintenance observations.', 'science': 'This target has a low ExoClock priority. 11 recent observations indicate strong monitoring coverage. No recent literature activity was identified.', 'coordination': 'There is no special coordination required.', 'network': False, 'campaign': False}","This is a high priority target. The ephemeris remains relatively well constrained (0.3 minute uncertainty), but the target has not been observed recently and would benefit from maintenance observations.. Moderate observability. Approximately 58% of the transit is observable. Peak altitude reaches 49°. Average airmass is 4.75 (poor observing conditions).. This target has a low ExoClock priority. 11 recent observations indicate strong monitoring coverage. No recent literature activity was identified..",—
WASP-135b_927,WASP-135b,927,0.4761556189152934,90.0,4.65,2459949.43233,1.40137944,1.65,13.28,12.98,20.71,-0.662,7.85,267.28497458333334,29.879094722222224,42,low,,21.407478334347477,False,False,0,15.79,1298.651021816302,2459949.43233,0,0,,,,2026-07-27 00:14:47.341,1.0,88.4160331623714,43.28475431490431,1.1232331089519818,1,2461248.4422145947,0.662,0.033100000000000004,none,2,0.3333333333333333,7.85,21.217714929007993,0.884071455375333,OK,True,2.7028936215296806,1.0,2,0.023255813953488372,1,3.0,0.35294117647058826,1,1,2,5,1.553488372093023,2,1.9330232558139533,1.9330232558139533,0,0.9981203007518797,0.7030075187969925,No significant transit timing variation signal currently detected.,Compatible with PIRATE. Target brightness is V=13.3 and the expected transit depth is 20.7 mmag. Estimated minimum aperture is 21 inches.,Excellent observability. Approximately 100% of the transit is observable. Peak altitude reaches 88°. Average airmass is 1.12 (excellent observing conditions).,"The ephemeris remains relatively well constrained (0.5 minute uncertainty), but the target has not been observed recently and would benefit from maintenance observations.",This target has a low ExoClock priority. 42 recent observations indicate strong monitoring coverage. No recent literature activity was identified.,This is a high priority target,There is no special coordination required.,"{'priority': 'This is a high priority target', 'score': 1.9330232558139533, 'visibility': 'Excellent observability. Approximately 100% of the transit is observable. Peak altitude reaches 88°. Average airmass is 1.12 (excellent observing conditions).', 'ephemeris': 'The ephemeris remains relatively well constrained (0.5 minute uncertainty), but the target has not been observed recently and would benefit from maintenance observations.', 'science': 'This target has a low ExoClock priority. 42 recent observations indicate strong monitoring coverage. No recent literature activity was identified.', 'coordination': 'There is no special coordination required.', 'network': False, 'campaign': False}","This is a high priority target. The ephemeris remains relatively well constrained (0.5 minute uncertainty), but the target has not been observed recently and would benefit from maintenance observations.. Excellent observability. Approximately 100% of the transit is observable. Peak altitude reaches 88°. Average airmass is 1.12 (excellent observing conditions).. This target has a low ExoClock priority. 42 recent observations indicate strong monitoring coverage. No recent literature activity was identified..",—
HD86226c_521,HD86226c,521,2.194144893023985,90.0,5.45,2459172.82934,3.9846542,2.45,7.93,7.71,0.46,0.0,72.08,149.12435041666666,-24.0993875,0,high,,7.528884187742063,False,False,0,6.17,2075.2540109539405,2459172.82934,0,0,,,,2026-07-27 08:00:03.813,0.0,3.5988546700951023,-46.13841753424976,82.76731001292369,0,2461248.91532191,0.0,0.0,none,2,0.3333333333333333,72.08,9.944173057220397,0.41434054405084986,OK,True,0.13796022554412316,1.0,4,1.0,1,3.758665256322619,0.4421959125085434,2,1,2,1,3.0999999999999996,3,1.9149999999999998,1.9149999999999998,0,0.42105263157894735,0.6992481203007519,No significant transit timing variation signal currently detected.,Compatible with PIRATE. Target brightness is V=7.9 and the expected transit depth is 0.5 mmag. Estimated minimum aperture is 10 inches.,Poor observability. Only 0% of the transit is observable. Peak altitude reaches 4°. Average airmass is 82.77 (poor observing conditions).,"The ephemeris remains relatively well constrained (2.2 minute uncertainty), but the target has not been observed recently and would benefit from maintenance observations.",This target has a high ExoClock priority. No recent transit observations have been reported. No recent literature activity was identified.,This is a high priority target,This target has only partial visibility.,"{'priority': 'This is a high priority target', 'score': 1.9149999999999998, 'visibility': 'Poor observability. Only 0% of the transit is observable. Peak altitude reaches 4°. Average airmass is 82.77 (poor observing conditions).', 'ephemeris': 'The ephemeris remains relatively well constrained (2.2 minute uncertainty), but the target has not been observed recently and would benefit from maintenance observations.', 'science': 'This target has a high ExoClock priority. No recent transit observations have been reported. No recent literature activity was identified.', 'coordination': 'This target has only partial visibility.', 'network': False, 'campaign': False}","This is a high priority target. The ephemeris remains relatively well constrained (2.2 minute uncertainty), but the target has not been observed recently and would benefit from maintenance observations.. Poor observability. Only 0% of the transit is observable. Peak altitude reaches 4°. Average airmass is 82.77 (poor observing conditions).. This target has a high ExoClock priority. No recent transit observations have been reported. No recent literature activity was identified..",—
WASP-78b_1424,WASP-78b,1424,0.6978717115179252,90.0,7.8,2458151.07717,2.17518543,4.8,11.96,12.43,8.0,-0.78,9.65,63.756267916666665,-22.1164175,0,high,,13.791927615109117,True,False,0,14.98,3097.0061817406677,2458151.07717,0,0,,,,2026-07-27 00:58:12.425,0.0,-11.644481196380267,-63.38825940785035,,0,2461248.6223660302,0.78,0.039,none,3,0.5,9.65,10.898457112694885,0.45410237969562023,OK,True,1.1293737940616462,1.0,4,1.0,1,6.5,0.7647058823529411,1,1,3,1,3.0999999999999996,4,1.9149999999999996,1.9149999999999996,0,0.42105263157894735,0.6954887218045113,No significant transit timing variation signal currently detected.,Compatible with PIRATE. Target brightness is V=12.0 and the expected transit depth is 8.0 mmag. Estimated minimum aperture is 11 inches.,Poor observability. Only 0% of the transit is observable. Peak altitude reaches -12°.,"The ephemeris remains relatively well constrained (0.7 minute uncertainty), but the target has not been observed recently and would benefit from maintenance observations.",This target has a high ExoClock priority. No recent transit observations have been reported. No recent literature activity was identified.,This is a high priority target,"For this target, multi-site coordination is recommended. This target has only partial visibility.","{'priority': 'This is a high priority target', 'score': 1.9149999999999996, 'visibility': 'Poor observability. Only 0% of the transit is observable. Peak altitude reaches -12°.', 'ephemeris': 'The ephemeris remains relatively well constrained (0.7 minute uncertainty), but the target has not been observed recently and would benefit from maintenance observations.', 'science': 'This target has a high ExoClock priority. No recent transit observations have been reported. No recent literature activity was identified.', 'coordination': 'For this target, multi-site coordination is recommended. This target has only partial visibility.', 'network': True, 'campaign': False}","This is a high priority target. The ephemeris remains relatively well constrained (0.7 minute uncertainty), but the target has not been observed recently and would benefit from maintenance observations.. Poor observability. Only 0% of the transit is observable. Peak altitude reaches -12°.. This target has a high ExoClock priority. No recent transit observations have been reported. No recent literature activity was identified.. requires multi-site coordination.",🌍 Network
WASP-103b_4053,WASP-103b,4053,0.2142173372081487,90.0,5.67,2457497.135821,0.92554545,2.67,12.1,11.971,17.76,-0.63,5.66,249.31489708333334,7.1833663888888895,9,low,,32.41331908659915,False,False,0,25.67,3750.947530790232,2457497.135821,2,7,How rotation rate influences the phase curve of hot Jupiters: theory and observations,2025epsc.conf..907E,2025-09-00,2026-07-26 20:53:50.996,0.35,68.83066664381742,48.197215905686484,1.135240918480335,1,2461248.3929513427,0.63,0.0315,none,4,0.6666666666666666,5.66,10.46052592840047,0.43585524701668626,OK,True,1.8481494573145707,1.0,2,0.1,2,4.5,0.5294117647058824,1,1,4,2,1.7149999999999999,3,1.9072500000000001,1.9072500000000001,0,0.8646616541353384,0.6917293233082706,No significant transit timing variation signal currently detected.,Compatible with PIRATE. Target brightness is V=12.1 and the expected transit depth is 17.8 mmag. Estimated minimum aperture is 10 inches.,Limited observability. Approximately 35% of the transit is observable. Peak altitude reaches 69°. Average airmass is 1.14 (excellent observing conditions).,"The ephemeris remains relatively well constrained (0.2 minute uncertainty), but the target has not been observed recently and would benefit from maintenance observations.","This target has a low ExoClock priority. 9 recent observations indicate strong monitoring coverage. 2 papers were identified in the last 12 months and 7 papers in the last 36 months. Latest publication: ""How rotation rate influences the phase curve of hot Jupiters: theory and observations"".",This is a high priority target,This target has only partial visibility.,"{'priority': 'This is a high priority target', 'score': 1.9072500000000001, 'visibility': 'Limited observability. Approximately 35% of the transit is observable. Peak altitude reaches 69°. Average airmass is 1.14 (excellent observing conditions).', 'ephemeris': 'The ephemeris remains relatively well constrained (0.2 minute uncertainty), but the target has not been observed recently and would benefit from maintenance observations.', 'science': 'This target has a low ExoClock priority. 9 recent observations indicate strong monitoring coverage. 2 papers were identified in the last 12 months and 7 papers in the last 36 months. Latest publication: ""How rotation rate influences the phase curve of hot Jupiters: theory and observations"".', 'coordination': 'This target has only partial visibility.', 'network': False, 'campaign': False}","This is a high priority target. The ephemeris remains relatively well constrained (0.2 minute uncertainty), but the target has not been observed recently and would benefit from maintenance observations.. Limited observability. Approximately 35% of the transit is observable. Peak altitude reaches 69°. Average airmass is 1.14 (excellent observing conditions).. This target has a low ExoClock priority. 9 recent observations indicate strong monitoring coverage. 2 papers were identified in the last 12 months and 7 papers in the last 36 months. Latest publication: ""How rotation rate influences the phase curve of hot Jupiters: theory and observations""..",—
TOI-1518b_858,TOI-1518b,858,0.30618899296845625,90.0,5.359999999999999,2459616.588037,1.90261185,2.36,8.95,8.78,9.39,1.78,5.0,352.2676025,67.03482694444445,16,low,,15.76779835571822,False,False,0,73.86,1631.4953144472092,2459616.588037,3,6,Atmospheric characterization of six ultra-hot Jupiters from $K$-band high-resolution spectroscopy,2026arXiv260703992F,2026-07-00,2026-07-27 12:40:36.788,0.0,23.57817579859271,7.197920718780872,4.5900468821114,0,2461248.9448702317,1.78,0.089,none,5,0.8333333333333334,5.0,4.0,0.16666666666666666,OK,True,0.8,1.0,2,0.058823529411764705,2,4.5,0.5294117647058824,1,1,5,1,1.7088235294117646,3,1.9063235294117646,1.9063235294117646,0,0.42105263157894735,0.6879699248120301,No significant transit timing variation signal currently detected.,Compatible with PIRATE. Target brightness is V=8.9 and the expected transit depth is 9.4 mmag. Estimated minimum aperture is 4 inches.,Poor observability. Only 0% of the transit is observable. Peak altitude reaches 24°. Average airmass is 4.59 (poor observing conditions).,"The ephemeris remains relatively well constrained (0.3 minute uncertainty), but the target has not been observed recently and would benefit from maintenance observations.","This target has a low ExoClock priority. 16 recent observations indicate strong monitoring coverage. 3 papers were identified in the last 12 months and 6 papers in the last 36 months. Latest publication: ""Atmospheric characterization of six ultra-hot Jupiters from $K$-band high-resolution spectroscopy"".",This is a high priority target,This target has only partial visibility.,"{'priority': 'This is a high priority target', 'score': 1.9063235294117646, 'visibility': 'Poor observability. Only 0% of the transit is observable. Peak altitude reaches 24°. Average airmass is 4.59 (poor observing conditions).', 'ephemeris': 'The ephemeris remains relatively well constrained (0.3 minute uncertainty), but the target has not been observed recently and would benefit from maintenance observations.', 'science': 'This target has a low ExoClock priority. 16 recent observations indicate strong monitoring coverage. 3 papers were identified in the last 12 months and 6 papers in the last 36 months. Latest publication: ""Atmospheric characterization of six ultra-hot Jupiters from $K$-band high-resolution spectroscopy"".', 'coordination': 'This target has only partial visibility.', 'network': False, 'campaign': False}","This is a high priority target. The ephemeris remains relatively well constrained (0.3 minute uncertainty), but the target has not been observed recently and would benefit from maintenance observations.. Poor observability. Only 0% of the transit is observable. Peak altitude reaches 24°. Average airmass is 4.59 (poor observing conditions).. This target has a low ExoClock priority. 16 recent observations indicate strong monitoring coverage. 3 papers were identified in the last 12 months and 6 papers in the last 36 months. Latest publication: ""Atmospheric characterization of six ultra-hot Jupiters from $K$-band high-resolution spectroscopy""..",—
TOI-1516b_776,TOI-1516b,776,0.38548175044620786,90.0,5.92,2459653.523161,2.05601465,2.92,10.86,10.528,19.7,0.32,5.0,340.0844191666667,69.5037375,21,low,,14.591335718352008,False,False,0,68.7,1594.5601904434152,2459653.523161,1,1,"A Combined TESS and Ground-based Study of Transit Timing Variations in HAT-P-16, TOI-1516 and TOI-2046 Systems",2025AJ....170..341S,2025-12-00,2026-07-27 11:45:12.557,0.0,24.829755611202923,9.703068050916547,3.8566270371047877,0,2461248.9063953357,0.32,0.016,none,5,0.8333333333333334,5.0,5.365449268702488,0.223560386195937,OK,True,1.0730898537404976,1.0,2,0.045454545454545456,2,4.5,0.5294117647058824,1,1,5,1,1.7068181818181818,3,1.9060227272727273,1.9060227272727273,0,0.42105263157894735,0.6842105263157895,No significant transit timing variation signal currently detected.,Compatible with PIRATE. Target brightness is V=10.9 and the expected transit depth is 19.7 mmag. Estimated minimum aperture is 5 inches.,Poor observability. Only 0% of the transit is observable. Peak altitude reaches 25°. Average airmass is 3.86 (poor observing conditions).,"The ephemeris remains relatively well constrained (0.4 minute uncertainty), but the target has not been observed recently and would benefit from maintenance observations.","This target has a low ExoClock priority. 21 recent observations indicate strong monitoring coverage. 1 papers were identified in the last 12 months and 1 papers in the last 36 months. Latest publication: ""A Combined TESS and Ground-based Study of Transit Timing Variations in HAT-P-16, TOI-1516 and TOI-2046 Systems"".",This is a high priority target,This target has only partial visibility.,"{'priority': 'This is a high priority target', 'score': 1.9060227272727273, 'visibility': 'Poor observability. Only 0% of the transit is observable. Peak altitude reaches 25°. Average airmass is 3.86 (poor observing conditions).', 'ephemeris': 'The ephemeris remains relatively well constrained (0.4 minute uncertainty), but the target has not been observed recently and would benefit from maintenance observations.', 'science': 'This target has a low ExoClock priority. 21 recent observations indicate strong monitoring coverage. 1 papers were identified in the last 12 months and 1 papers in the last 36 months. Latest publication: ""A Combined TESS and Ground-based Study of Transit Timing Variations in HAT-P-16, TOI-1516 and TOI-2046 Systems"".', 'coordination': 'This target has only partial visibility.', 'network': False, 'campaign': False}","This is a high priority target. The ephemeris remains relatively well constrained (0.4 minute uncertainty), but the target has not been observed recently and would benefit from maintenance observations.. Poor observability. Only 0% of the transit is observable. Peak altitude reaches 25°. Average airmass is 3.86 (poor observing conditions).. This target has a low ExoClock priority. 21 recent observations indicate strong monitoring coverage. 1 papers were identified in the last 12 months and 1 papers in the last 36 months. Latest publication: ""A Combined TESS and Ground-based Study of Transit Timing Variations in HAT-P-16, TOI-1516 and TOI-2046 Systems""..",—
WASP-176b_527,WASP-176b,527,1.6503028260291492,90.0,8.08,2459193.34636,3.8990588,5.08,12.01,11.727,8.26,-0.09,7.48,313.6873195833333,9.179089999999999,5,medium,,7.694164550685924,True,False,0,19.04,2054.736991882324,2459193.34636,0,0,,,,2026-07-26 15:35:20.849,0.0,-23.182082817592313,-52.41805744368972,,0,2461248.2314913077,0.09,0.0045,none,2,0.3333333333333333,7.48,10.668632415302918,0.4445263506376216,OK,True,1.4262877560565397,1.0,3,0.16666666666666666,1,5.808249365205778,0.6833234547300915,2,1,2,1,2.2749999999999995,4,1.8912499999999999,1.8912499999999999,0,0.42105263157894735,0.6766917293233082,No significant transit timing variation signal currently detected.,Compatible with PIRATE. Target brightness is V=12.0 and the expected transit depth is 8.3 mmag. Estimated minimum aperture is 11 inches.,Poor observability. Only 0% of the transit is observable. Peak altitude reaches -23°.,"The ephemeris remains relatively well constrained (1.7 minute uncertainty), but the target has not been observed recently and would benefit from maintenance observations.",This target has a medium ExoClock priority. 5 recent observations indicate moderate monitoring coverage. No recent literature activity was identified.,This is a high priority target,"For this target, multi-site coordination is recommended. This target has only partial visibility.","{'priority': 'This is a high priority target', 'score': 1.8912499999999999, 'visibility': 'Poor observability. Only 0% of the transit is observable. Peak altitude reaches -23°.', 'ephemeris': 'The ephemeris remains relatively well constrained (1.7 minute uncertainty), but the target has not been observed recently and would benefit from maintenance observations.', 'science': 'This target has a medium ExoClock priority. 5 recent observations indicate moderate monitoring coverage. No recent literature activity was identified.', 'coordination': 'For this target, multi-site coordination is recommended. This target has only partial visibility.', 'network': True, 'campaign': False}","This is a high priority target. The ephemeris remains relatively well constrained (1.7 minute uncertainty), but the target has not been observed recently and would benefit from maintenance observations.. Poor observability. Only 0% of the transit is observable. Peak altitude reaches -23°.. This target has a medium ExoClock priority. 5 recent observations indicate moderate monitoring coverage. No recent literature activity was identified.. requires multi-site coordination.",🌍 Network
KELT-14b_1350,KELT-14b,1350,0.25244395179921225,90.0,5.25,2458939.595724,1.71005329,2.25,11.0,10.611,13.25,-1.85,5.0,108.30147458333334,-42.409754166666666,3,low,,17.543312933832606,False,False,0,42.56,2308.4876271355897,2458939.595724,0,0,,,,2026-07-26 16:00:17.116,0.0,14.257239775626848,-17.984854944577627,42.59187873133324,0,2461248.083531435,1.85,0.0925,none,5,0.8333333333333334,5.0,7.949346607395966,0.33122277530816524,OK,True,1.5898693214791932,1.0,2,0.25,1,4.5,0.5294117647058824,1,1,5,1,1.5875,3,1.8881249999999998,1.8881249999999998,0,0.42105263157894735,0.6691729323308271,No significant transit timing variation signal currently detected.,Compatible with PIRATE. Target brightness is V=11.0 and the expected transit depth is 13.2 mmag. Estimated minimum aperture is 8 inches.,Poor observability. Only 0% of the transit is observable. Peak altitude reaches 14°. Average airmass is 42.59 (poor observing conditions).,"The ephemeris remains relatively well constrained (0.3 minute uncertainty), but the target has not been observed recently and would benefit from maintenance observations.",This target has a low ExoClock priority. 3 recent observations indicate moderate monitoring coverage. No recent literature activity was identified.,This is a high priority target,This target has only partial visibility.,"{'priority': 'This is a high priority target', 'score': 1.8881249999999998, 'visibility': 'Poor observability. Only 0% of the transit is observable. Peak altitude reaches 14°. Average airmass is 42.59 (poor observing conditions).', 'ephemeris': 'The ephemeris remains relatively well constrained (0.3 minute uncertainty), but the target has not been observed recently and would benefit from maintenance observations.', 'science': 'This target has a low ExoClock priority. 3 recent observations indicate moderate monitoring coverage. No recent literature activity was identified.', 'coordination': 'This target has only partial visibility.', 'network': False, 'campaign': False}","This is a high priority target. The ephemeris remains relatively well constrained (0.3 minute uncertainty), but the target has not been observed recently and would benefit from maintenance observations.. Poor observability. Only 0% of the transit is observable. Peak altitude reaches 14°. Average airmass is 42.59 (poor observing conditions).. This target has a low ExoClock priority. 3 recent observations indicate moderate monitoring coverage. No recent literature activity was identified..",—
WASP-91b_766,WASP-91b,766,0.24562550694911123,90.0,5.359999999999999,2459104.694327,2.79857888,2.36,11.98,11.366,19.09,1.15,5.0,357.84521416666666,-70.15285444444444,3,low,,10.719726434868257,False,False,0,40.48,2143.389024768956,2459104.694327,0,0,,,,2026-07-26 21:43:07.537,0.0,-21.488588072501354,-41.01609384023956,,0,2461248.486892789,1.15,0.057499999999999996,none,5,0.8333333333333334,5.0,10.154806819930307,0.4231169508304295,OK,True,2.0309613639860613,1.0,2,0.25,1,4.5,0.5294117647058824,1,1,5,1,1.5875,3,1.8881249999999998,1.8881249999999998,0,0.42105263157894735,0.6691729323308271,No significant transit timing variation signal currently detected.,Compatible with PIRATE. Target brightness is V=12.0 and the expected transit depth is 19.1 mmag. Estimated minimum aperture is 10 inches.,Poor observability. Only 0% of the transit is observable. Peak altitude reaches -21°.,"The ephemeris remains relatively well constrained (0.2 minute uncertainty), but the target has not been observed recently and would benefit from maintenance observations.",This target has a low ExoClock priority. 3 recent observations indicate moderate monitoring coverage. No recent literature activity was identified.,This is a high priority target,This target has only partial visibility.,"{'priority': 'This is a high priority target', 'score': 1.8881249999999998, 'visibility': 'Poor observability. Only 0% of the transit is observable. Peak altitude reaches -21°.', 'ephemeris': 'The ephemeris remains relatively well constrained (0.2 minute uncertainty), but the target has not been observed recently and would benefit from maintenance observations.', 'science': 'This target has a low ExoClock priority. 3 recent observations indicate moderate monitoring coverage. No recent literature activity was identified.', 'coordination': 'This target has only partial visibility.', 'network': False, 'campaign': False}","This is a high priority target. The ephemeris remains relatively well constrained (0.2 minute uncertainty), but the target has not been observed recently and would benefit from maintenance observations.. Poor observability. Only 0% of the transit is observable. Peak altitude reaches -21°.. This target has a low ExoClock priority. 3 recent observations indicate moderate monitoring coverage. No recent literature activity was identified..",—
WASP-97b_1065,WASP-97b,1065,0.23658025533843627,90.0,5.62,2459041.573915,2.07275981,2.62,10.57,10.196,15.8,-0.47,5.0,24.604402500000003,-55.77209055555556,3,low,,14.473457008991312,False,False,0,65.7,2206.509436781518,2459041.573915,0,0,,,,2026-07-27 13:29:43.750,0.0,-15.84690758135937,-48.440260017109885,,0,2461248.978978588,0.47,0.0235,none,5,0.8333333333333334,5.0,5.534156578990852,0.23058985745795216,OK,True,1.1068313157981704,1.0,2,0.25,1,4.5,0.5294117647058824,1,1,5,1,1.5875,3,1.8881249999999998,1.8881249999999998,0,0.42105263157894735,0.6691729323308271,No significant transit timing variation signal currently detected.,Compatible with PIRATE. Target brightness is V=10.6 and the expected transit depth is 15.8 mmag. Estimated minimum aperture is 6 inches.,Poor observability. Only 0% of the transit is observable. Peak altitude reaches -16°.,"The ephemeris remains relatively well constrained (0.2 minute uncertainty), but the target has not been observed recently and would benefit from maintenance observations.",This target has a low ExoClock priority. 3 recent observations indicate moderate monitoring coverage. No recent literature activity was identified.,This is a high priority target,This target has only partial visibility.,"{'priority': 'This is a high priority target', 'score': 1.8881249999999998, 'visibility': 'Poor observability. Only 0% of the transit is observable. Peak altitude reaches -16°.', 'ephemeris': 'The ephemeris remains relatively well constrained (0.2 minute uncertainty), but the target has not been observed recently and would benefit from maintenance observations.', 'science': 'This target has a low ExoClock priority. 3 recent observations indicate moderate monitoring coverage. No recent literature activity was identified.', 'coordination': 'This target has only partial visibility.', 'network': False, 'campaign': False}","This is a high priority target. The ephemeris remains relatively well constrained (0.2 minute uncertainty), but the target has not been observed recently and would benefit from maintenance observations.. Poor observability. Only 0% of the transit is observable. Peak altitude reaches -16°.. This target has a low ExoClock priority. 3 recent observations indicate moderate monitoring coverage. No recent literature activity was identified..",—
LTT9779b_2702,LTT9779b,2702,0.5345166482415336,90.0,3.82,2459108.25997,0.79206407,0.82,9.76,9.36,1.81,6.6,31.22,358.66753041666664,-37.627923055555556,0,high,,37.87572386663114,False,False,0,7.16,2139.823381229304,2459108.25997,3,4,Glossy Silicate Clouds on the Scorched Dayside of LTT9779b,2026ApJ..1005L..79S,2026-07-00,2026-07-26 21:59:27.145,0.0,-3.8022334242953253,-48.421079522187114,,0,2461248.4982308447,6.6,0.32999999999999996,weak,2,0.3333333333333333,31.22,20.127248937823573,0.8386353724093155,OK,True,0.6446908692448294,1.0,4,1.0,2,4.5,0.5294117647058824,1,2,2,1,3.2499999999999996,3,1.8875,1.8875,0,0.42105263157894735,0.6616541353383458,Weak transit timing variation signal detected. Current timing offset is approximately 6.6 minutes.,Compatible with PIRATE. Target brightness is V=9.8 and the expected transit depth is 1.8 mmag. Estimated minimum aperture is 20 inches.,Poor observability. Only 0% of the transit is observable. Peak altitude reaches -4°.,"The ephemeris remains relatively well constrained (0.5 minute uncertainty), but the target has not been observed recently and would benefit from maintenance observations.","This target has a high ExoClock priority. No recent transit observations have been reported. 3 papers were identified in the last 12 months and 4 papers in the last 36 months. Latest publication: ""Glossy Silicate Clouds on the Scorched Dayside of LTT9779b"".",This is a high priority target,This target has only partial visibility.,"{'priority': 'This is a high priority target', 'score': 1.8875, 'visibility': 'Poor observability. Only 0% of the transit is observable. Peak altitude reaches -4°.', 'ephemeris': 'The ephemeris remains relatively well constrained (0.5 minute uncertainty), but the target has not been observed recently and would benefit from maintenance observations.', 'science': 'This target has a high ExoClock priority. No recent transit observations have been reported. 3 papers were identified in the last 12 months and 4 papers in the last 36 months. Latest publication: ""Glossy Silicate Clouds on the Scorched Dayside of LTT9779b"".', 'coordination': 'This target has only partial visibility.', 'network': False, 'campaign': False}","This is a high priority target. The ephemeris remains relatively well constrained (0.5 minute uncertainty), but the target has not been observed recently and would benefit from maintenance observations.. Poor observability. Only 0% of the transit is observable. Peak altitude reaches -4°.. TTV signal weak. This target has a high ExoClock priority. No recent transit observations have been reported. 3 papers were identified in the last 12 months and 4 papers in the last 36 months. Latest publication: ""Glossy Silicate Clouds on the Scorched Dayside of LTT9779b""..",—
WASP-14b_1592,WASP-14b,1592,0.23177898434064062,90.0,5.85,2457676.650366,2.243766466,2.85,9.745,9.465,10.53,1.45,5.0,218.27648875,21.894717222222223,4,low,,13.370375417670585,False,False,0,65.51,3571.4329856354743,2457676.650366,0,0,,,,2026-07-27 05:25:07.318,0.0,-14.21518695262739,-39.91966401582006,,0,2461248.64244581,1.45,0.0725,none,6,1.0,5.0,4.445227742490444,0.1852178226037685,OK,True,0.8890455484980888,1.0,2,0.2,1,4.5,0.5294117647058824,1,1,5,1,1.5799999999999998,3,1.8869999999999998,1.8869999999999998,0,0.42105263157894735,0.6578947368421053,No significant transit timing variation signal currently detected.,Compatible with PIRATE. Target brightness is V=9.7 and the expected transit depth is 10.5 mmag. Estimated minimum aperture is 4 inches.,Poor observability. Only 0% of the transit is observable. Peak altitude reaches -14°.,"The ephemeris remains relatively well constrained (0.2 minute uncertainty), but the target has not been observed recently and would benefit from maintenance observations.",This target has a low ExoClock priority. 4 recent observations indicate moderate monitoring coverage. No recent literature activity was identified.,This is a high priority target,This target has only partial visibility.,"{'priority': 'This is a high priority target', 'score': 1.8869999999999998, 'visibility': 'Poor observability. Only 0% of the transit is observable. Peak altitude reaches -14°.', 'ephemeris': 'The ephemeris remains relatively well constrained (0.2 minute uncertainty), but the target has not been observed recently and would benefit from maintenance observations.', 'science': 'This target has a low ExoClock priority. 4 recent observations indicate moderate monitoring coverage. No recent literature activity was identified.', 'coordination': 'This target has only partial visibility.', 'network': False, 'campaign': False}","This is a high priority target. The ephemeris remains relatively well constrained (0.2 minute uncertainty), but the target has not been observed recently and would benefit from maintenance observations.. Poor observability. Only 0% of the transit is observable. Peak altitude reaches -14°.. This target has a low ExoClock priority. 4 recent observations indicate moderate monitoring coverage. No recent literature activity was identified..",—
HAT-P-22b_762,HAT-P-22b,762,0.20438166897684257,90.0,5.859999999999999,2458800.961039,3.21223227,2.86,9.76,9.44,14.48,1.05,5.0,155.68163500000003,50.128350833333336,5,low,,9.33929973874523,False,False,0,104.36,2447.122311794199,2458800.961039,0,0,,,,2026-07-27 04:20:58.100,0.0,-1.2677095087507353,-11.703478118846435,,0,2461248.7631724537,1.05,0.052500000000000005,none,6,1.0,5.0,4.0,0.16666666666666666,OK,True,0.8,1.0,2,0.16666666666666666,1,4.301789921623569,0.506092931955714,1,1,5,1,1.5749999999999997,3,1.8862499999999998,1.8862499999999998,0,0.42105263157894735,0.6522556390977443,No significant transit timing variation signal currently detected.,Compatible with PIRATE. Target brightness is V=9.8 and the expected transit depth is 14.5 mmag. Estimated minimum aperture is 4 inches.,Poor observability. Only 0% of the transit is observable. Peak altitude reaches -1°.,"The ephemeris remains relatively well constrained (0.2 minute uncertainty), but the target has not been observed recently and would benefit from maintenance observations.",This target has a low ExoClock priority. 5 recent observations indicate moderate monitoring coverage. No recent literature activity was identified.,This is a high priority target,This target has only partial visibility.,"{'priority': 'This is a high priority target', 'score': 1.8862499999999998, 'visibility': 'Poor observability. Only 0% of the transit is observable. Peak altitude reaches -1°.', 'ephemeris': 'The ephemeris remains relatively well constrained (0.2 minute uncertainty), but the target has not been observed recently and would benefit from maintenance observations.', 'science': 'This target has a low ExoClock priority. 5 recent observations indicate moderate monitoring coverage. No recent literature activity was identified.', 'coordination': 'This target has only partial visibility.', 'network': False, 'campaign': False}","This is a high priority target. The ephemeris remains relatively well constrained (0.2 minute uncertainty), but the target has not been observed recently and would benefit from maintenance observations.. Poor observability. Only 0% of the transit is observable. Peak altitude reaches -1°.. This target has a low ExoClock priority. 5 recent observations indicate moderate monitoring coverage. No recent literature activity was identified..",—
TOI-1431b_638,TOI-1431b,638,0.36258603407325785,90.0,5.49,2459558.098917,2.65023153,2.49,8.02,7.861,6.16,1.16,5.46,316.2036025,55.587919166666666,5,low,,11.31976571118675,False,False,0,72.98,1689.9844344286248,2459558.098917,0,0,,,,2026-07-27 10:41:59.920,0.0,16.437585686209736,-4.655689367097463,24.879202404785875,0,2461248.862499074,1.16,0.057999999999999996,none,5,0.8333333333333334,5.46,4.0,0.16666666666666666,OK,True,0.7326007326007326,1.0,2,0.16666666666666666,1,4.5,0.5294117647058824,1,1,5,1,1.5749999999999997,3,1.8862499999999998,1.8862499999999998,0,0.42105263157894735,0.6522556390977443,No significant transit timing variation signal currently detected.,Compatible with PIRATE. Target brightness is V=8.0 and the expected transit depth is 6.2 mmag. Estimated minimum aperture is 4 inches.,Poor observability. Only 0% of the transit is observable. Peak altitude reaches 16°. Average airmass is 24.88 (poor observing conditions).,"The ephemeris remains relatively well constrained (0.4 minute uncertainty), but the target has not been observed recently and would benefit from maintenance observations.",This target has a low ExoClock priority. 5 recent observations indicate moderate monitoring coverage. No recent literature activity was identified.,This is a high priority target,This target has only partial visibility.,"{'priority': 'This is a high priority target', 'score': 1.8862499999999998, 'visibility': 'Poor observability. Only 0% of the transit is observable. Peak altitude reaches 16°. Average airmass is 24.88 (poor observing conditions).', 'ephemeris': 'The ephemeris remains relatively well constrained (0.4 minute uncertainty), but the target has not been observed recently and would benefit from maintenance observations.', 'science': 'This target has a low ExoClock priority. 5 recent observations indicate moderate monitoring coverage. No recent literature activity was identified.', 'coordination': 'This target has only partial visibility.', 'network': False, 'campaign': False}","This is a high priority target. The ephemeris remains relatively well constrained (0.4 minute uncertainty), but the target has not been observed recently and would benefit from maintenance observations.. Poor observability. Only 0% of the transit is observable. Peak altitude reaches 16°. Average airmass is 24.88 (poor observing conditions).. This target has a low ExoClock priority. 5 recent observations indicate moderate monitoring coverage. No recent literature activity was identified..",—
Kepler-854b_2599,Kepler-854b,2599,0.37571862867842015,90.0,6.9,2455674.713603,2.14463317,3.9,13.644,13.283,15.93,4.23,8.73,293.35129125000003,43.13467555555555,6,low,,13.988406231728664,True,False,0,12.3,5573.369748187717,2455674.713603,0,0,,,,2026-07-27 02:44:45.119,1.0,74.38158921991521,36.205246458966855,1.2412044276163645,1,2461248.5310777663,4.23,0.21150000000000002,none,1,0.16666666666666666,8.73,18.60760336976024,0.7753168070733434,OK,True,2.1314551397205315,1.0,2,0.14285714285714285,1,5.0,0.5882352941176471,1,1,1,5,1.5714285714285712,3,1.885714285714286,1.885714285714286,0,0.9981203007518797,0.6428571428571429,No significant transit timing variation signal currently detected.,Compatible with PIRATE. Target brightness is V=13.6 and the expected transit depth is 15.9 mmag. Estimated minimum aperture is 19 inches.,Excellent observability. Approximately 100% of the transit is observable. Peak altitude reaches 74°. Average airmass is 1.24 (excellent observing conditions).,"The ephemeris remains relatively well constrained (0.4 minute uncertainty), but the target has not been observed recently and would benefit from maintenance observations.",This target has a low ExoClock priority. 6 recent observations indicate strong monitoring coverage. No recent literature activity was identified.,This is a high priority target,"For this target, multi-site coordination is recommended.","{'priority': 'This is a high priority target', 'score': 1.885714285714286, 'visibility': 'Excellent observability. Approximately 100% of the transit is observable. Peak altitude reaches 74°. Average airmass is 1.24 (excellent observing conditions).', 'ephemeris': 'The ephemeris remains relatively well constrained (0.4 minute uncertainty), but the target has not been observed recently and would benefit from maintenance observations.', 'science': 'This target has a low ExoClock priority. 6 recent observations indicate strong monitoring coverage. No recent literature activity was identified.', 'coordination': 'For this target, multi-site coordination is recommended.', 'network': True, 'campaign': False}","This is a high priority target. The ephemeris remains relatively well constrained (0.4 minute uncertainty), but the target has not been observed recently and would benefit from maintenance observations.. Excellent observability. Approximately 100% of the transit is observable. Peak altitude reaches 74°. Average airmass is 1.24 (excellent observing conditions).. This target has a low ExoClock priority. 6 recent observations indicate strong monitoring coverage. No recent literature activity was identified.. requires multi-site coordination.",🌍 Network
WASP-32b_1279,WASP-32b,1279,0.5932480010788304,90.0,5.42,2457771.84578,2.71866169,2.42,11.26,11.63,14.62,0.66,5.12,3.9616987500000005,1.2004405555555555,6,low,,11.03484119055652,False,False,0,32.29,3476.2375716795214,2457771.84578,0,0,,,,2026-07-27 12:19:07.459,0.0,10.240016167960702,-40.590672918999374,44.26174503637495,0,2461248.929947442,0.66,0.033,none,5,0.8333333333333334,5.12,8.225252945695104,0.342718872737296,OK,True,1.606494715956075,1.0,2,0.14285714285714285,1,4.5,0.5294117647058824,1,1,5,1,1.5714285714285712,3,1.8857142857142855,1.8857142857142855,0,0.42105263157894735,0.6390977443609023,No significant transit timing variation signal currently detected.,Compatible with PIRATE. Target brightness is V=11.3 and the expected transit depth is 14.6 mmag. Estimated minimum aperture is 8 inches.,Poor observability. Only 0% of the transit is observable. Peak altitude reaches 10°. Average airmass is 44.26 (poor observing conditions).,"The ephemeris remains relatively well constrained (0.6 minute uncertainty), but the target has not been observed recently and would benefit from maintenance observations.",This target has a low ExoClock priority. 6 recent observations indicate strong monitoring coverage. No recent literature activity was identified.,This is a high priority target,This target has only partial visibility.,"{'priority': 'This is a high priority target', 'score': 1.8857142857142855, 'visibility': 'Poor observability. Only 0% of the transit is observable. Peak altitude reaches 10°. Average airmass is 44.26 (poor observing conditions).', 'ephemeris': 'The ephemeris remains relatively well constrained (0.6 minute uncertainty), but the target has not been observed recently and would benefit from maintenance observations.', 'science': 'This target has a low ExoClock priority. 6 recent observations indicate strong monitoring coverage. No recent literature activity was identified.', 'coordination': 'This target has only partial visibility.', 'network': False, 'campaign': False}","This is a high priority target. The ephemeris remains relatively well constrained (0.6 minute uncertainty), but the target has not been observed recently and would benefit from maintenance observations.. Poor observability. Only 0% of the transit is observable. Peak altitude reaches 10°. Average airmass is 44.26 (poor observing conditions).. This target has a low ExoClock priority. 6 recent observations indicate strong monitoring coverage. No recent literature activity was identified..",—
WASP-24b_2076,WASP-24b,2076,0.5853502447600477,90.0,5.75,2456387.7812,2.34122031,2.75,11.22,11.43,12.2,2.31,5.19,227.21556916666665,2.3433233333333336,7,low,,12.81383040795507,False,False,0,29.13,4860.302151663229,2456387.7812,0,0,,,,2026-07-26 15:41:25.108,0.0,47.83965472721631,-2.8336955963775203,7.425108586898723,0,2461248.2357072686,2.31,0.1155,none,5,0.8333333333333334,5.19,8.292478791193885,0.3455199496330785,OK,True,1.5977801139101897,1.0,2,0.125,1,4.5,0.5294117647058824,1,1,5,1,1.5687499999999999,3,1.8853125,1.8853125,0,0.42105263157894735,0.6353383458646616,No significant transit timing variation signal currently detected.,Compatible with PIRATE. Target brightness is V=11.2 and the expected transit depth is 12.2 mmag. Estimated minimum aperture is 8 inches.,Poor observability. Only 0% of the transit is observable. Peak altitude reaches 48°. Average airmass is 7.43 (poor observing conditions).,"The ephemeris remains relatively well constrained (0.6 minute uncertainty), but the target has not been observed recently and would benefit from maintenance observations.",This target has a low ExoClock priority. 7 recent observations indicate strong monitoring coverage. No recent literature activity was identified.,This is a high priority target,This target has only partial visibility.,"{'priority': 'This is a high priority target', 'score': 1.8853125, 'visibility': 'Poor observability. Only 0% of the transit is observable. Peak altitude reaches 48°. Average airmass is 7.43 (poor observing conditions).', 'ephemeris': 'The ephemeris remains relatively well constrained (0.6 minute uncertainty), but the target has not been observed recently and would benefit from maintenance observations.', 'science': 'This target has a low ExoClock priority. 7 recent observations indicate strong monitoring coverage. No recent literature activity was identified.', 'coordination': 'This target has only partial visibility.', 'network': False, 'campaign': False}","This is a high priority target. The ephemeris remains relatively well constrained (0.6 minute uncertainty), but the target has not been observed recently and would benefit from maintenance observations.. Poor observability. Only 0% of the transit is observable. Peak altitude reaches 48°. Average airmass is 7.43 (poor observing conditions).. This target has a low ExoClock priority. 7 recent observations indicate strong monitoring coverage. No recent literature activity was identified..",—
HAT-P-20b_1024,HAT-P-20b,1024,0.14442609987071764,90.0,4.86,2458304.158616,2.875317895,1.86,11.35,11.0,19.78,0.22,5.0,111.91645291666667,24.336532777777776,10,low,,10.433628939661993,False,False,0,58.96,2943.924734790344,2458304.158616,0,0,,,,2026-07-26 23:36:00.554,0.0,-24.69931492038833,-37.41660253240156,,0,2461248.400006412,0.22,0.011,none,5,0.8333333333333334,5.0,8.407386556530357,0.3503077731887649,OK,True,1.6814773113060713,1.0,2,0.09090909090909091,1,4.5,0.5294117647058824,1,1,5,1,1.5636363636363635,3,1.8845454545454545,1.8845454545454545,0,0.42105263157894735,0.631578947368421,No significant transit timing variation signal currently detected.,Compatible with PIRATE. Target brightness is V=11.3 and the expected transit depth is 19.8 mmag. Estimated minimum aperture is 8 inches.,Poor observability. Only 0% of the transit is observable. Peak altitude reaches -25°.,"The ephemeris remains relatively well constrained (0.1 minute uncertainty), but the target has not been observed recently and would benefit from maintenance observations.",This target has a low ExoClock priority. 10 recent observations indicate strong monitoring coverage. No recent literature activity was identified.,This is a high priority target,This target has only partial visibility.,"{'priority': 'This is a high priority target', 'score': 1.8845454545454545, 'visibility': 'Poor observability. Only 0% of the transit is observable. Peak altitude reaches -25°.', 'ephemeris': 'The ephemeris remains relatively well constrained (0.1 minute uncertainty), but the target has not been observed recently and would benefit from maintenance observations.', 'science': 'This target has a low ExoClock priority. 10 recent observations indicate strong monitoring coverage. No recent literature activity was identified.', 'coordination': 'This target has only partial visibility.', 'network': False, 'campaign': False}","This is a high priority target. The ephemeris remains relatively well constrained (0.1 minute uncertainty), but the target has not been observed recently and would benefit from maintenance observations.. Poor observability. Only 0% of the transit is observable. Peak altitude reaches -25°.. This target has a low ExoClock priority. 10 recent observations indicate strong monitoring coverage. No recent literature activity was identified..",—
WASP-2b_2637,WASP-2b,2637,0.31873521448023207,90.0,4.77,2455573.398556,2.152221956,1.77,11.98,11.308,19.49,1.42,5.0,307.7255329166666,6.429538333333333,12,low,,13.939082777389899,False,False,0,37.82,5674.684795609675,2455573.398556,0,0,,,,2026-07-27 07:22:09.400,0.0,28.645262414596935,-23.008419489631155,30.0006240917575,0,2461248.7237199075,1.42,0.071,none,5,0.8333333333333334,5.0,11.604811191804558,0.4835337996585232,OK,True,2.3209622383609116,1.0,2,0.07692307692307693,1,4.5,0.5294117647058824,1,1,5,1,1.5615384615384613,3,1.8842307692307692,1.8842307692307692,0,0.42105263157894735,0.6278195488721805,No significant transit timing variation signal currently detected.,Compatible with PIRATE. Target brightness is V=12.0 and the expected transit depth is 19.5 mmag. Estimated minimum aperture is 12 inches.,Poor observability. Only 0% of the transit is observable. Peak altitude reaches 29°. Average airmass is 30.00 (poor observing conditions).,"The ephemeris remains relatively well constrained (0.3 minute uncertainty), but the target has not been observed recently and would benefit from maintenance observations.",This target has a low ExoClock priority. 12 recent observations indicate strong monitoring coverage. No recent literature activity was identified.,This is a high priority target,This target has only partial visibility.,"{'priority': 'This is a high priority target', 'score': 1.8842307692307692, 'visibility': 'Poor observability. Only 0% of the transit is observable. Peak altitude reaches 29°. Average airmass is 30.00 (poor observing conditions).', 'ephemeris': 'The ephemeris remains relatively well constrained (0.3 minute uncertainty), but the target has not been observed recently and would benefit from maintenance observations.', 'science': 'This target has a low ExoClock priority. 12 recent observations indicate strong monitoring coverage. No recent literature activity was identified.', 'coordination': 'This target has only partial visibility.', 'network': False, 'campaign': False}","This is a high priority target. The ephemeris remains relatively well constrained (0.3 minute uncertainty), but the target has not been observed recently and would benefit from maintenance observations.. Poor observability. Only 0% of the transit is observable. Peak altitude reaches 29°. Average airmass is 30.00 (poor observing conditions).. This target has a low ExoClock priority. 12 recent observations indicate strong monitoring coverage. No recent literature activity was identified..",—
HAT-P-23b_2337,HAT-P-23b,2337,0.17865551947318747,90.0,5.1899999999999995,2458414.512844,1.212886386,2.19,11.94,12.27,17.48,-0.04,6.21,306.12384791666665,16.762169444444446,18,low,,24.73438596251174,False,False,0,23.27,2833.5705067981035,2458414.512844,0,0,,,,2026-07-27 12:39:38.363,0.0,-31.84084542318813,-44.84977927054615,,0,2461248.944194016,0.04,0.002,none,5,0.8333333333333334,6.21,10.815282306698824,0.4506367627791177,OK,True,1.7415913537357206,1.0,2,0.05263157894736842,1,4.5,0.5294117647058824,1,1,5,1,1.557894736842105,3,1.8836842105263156,1.8836842105263156,0,0.42105263157894735,0.6240601503759399,No significant transit timing variation signal currently detected.,Compatible with PIRATE. Target brightness is V=11.9 and the expected transit depth is 17.5 mmag. Estimated minimum aperture is 11 inches.,Poor observability. Only 0% of the transit is observable. Peak altitude reaches -32°.,"The ephemeris remains relatively well constrained (0.2 minute uncertainty), but the target has not been observed recently and would benefit from maintenance observations.",This target has a low ExoClock priority. 18 recent observations indicate strong monitoring coverage. No recent literature activity was identified.,This is a high priority target,This target has only partial visibility.,"{'priority': 'This is a high priority target', 'score': 1.8836842105263156, 'visibility': 'Poor observability. Only 0% of the transit is observable. Peak altitude reaches -32°.', 'ephemeris': 'The ephemeris remains relatively well constrained (0.2 minute uncertainty), but the target has not been observed recently and would benefit from maintenance observations.', 'science': 'This target has a low ExoClock priority. 18 recent observations indicate strong monitoring coverage. No recent literature activity was identified.', 'coordination': 'This target has only partial visibility.', 'network': False, 'campaign': False}","This is a high priority target. The ephemeris remains relatively well constrained (0.2 minute uncertainty), but the target has not been observed recently and would benefit from maintenance observations.. Poor observability. Only 0% of the transit is observable. Peak altitude reaches -32°.. This target has a low ExoClock priority. 18 recent observations indicate strong monitoring coverage. No recent literature activity was identified..",—
KELT-23Ab_867,KELT-23Ab,867,0.12751027215092292,90.0,5.29,2459292.838984,2.25528757,2.29,10.31,10.24,21.47,0.03,5.0,232.14663583333333,66.35876222222221,26,low,,13.302073047828662,False,False,0,94.12,1955.2443671561778,2459292.838984,0,0,,,,2026-07-26 16:08:24.558,0.0,47.07513700263286,24.80600938256773,1.739789705114552,0,2461248.254450903,0.03,0.0015,none,5,0.8333333333333334,5.0,4.5050215035069305,0.18770922931278877,OK,True,0.9010043007013862,1.0,2,0.037037037037037035,1,4.5,0.5294117647058824,1,1,5,1,1.5555555555555554,3,1.883333333333333,1.883333333333333,0,0.42105263157894735,0.6203007518796992,No significant transit timing variation signal currently detected.,Compatible with PIRATE. Target brightness is V=10.3 and the expected transit depth is 21.5 mmag. Estimated minimum aperture is 5 inches.,Poor observability. Only 0% of the transit is observable. Peak altitude reaches 47°. Average airmass is 1.74 (good observing conditions).,"The ephemeris remains relatively well constrained (0.1 minute uncertainty), but the target has not been observed recently and would benefit from maintenance observations.",This target has a low ExoClock priority. 26 recent observations indicate strong monitoring coverage. No recent literature activity was identified.,This is a high priority target,This target has only partial visibility.,"{'priority': 'This is a high priority target', 'score': 1.883333333333333, 'visibility': 'Poor observability. Only 0% of the transit is observable. Peak altitude reaches 47°. Average airmass is 1.74 (good observing conditions).', 'ephemeris': 'The ephemeris remains relatively well constrained (0.1 minute uncertainty), but the target has not been observed recently and would benefit from maintenance observations.', 'science': 'This target has a low ExoClock priority. 26 recent observations indicate strong monitoring coverage. No recent literature activity was identified.', 'coordination': 'This target has only partial visibility.', 'network': False, 'campaign': False}","This is a high priority target. The ephemeris remains relatively well constrained (0.1 minute uncertainty), but the target has not been observed recently and would benefit from maintenance observations.. Poor observability. Only 0% of the transit is observable. Peak altitude reaches 47°. Average airmass is 1.74 (good observing conditions).. This target has a low ExoClock priority. 26 recent observations indicate strong monitoring coverage. No recent literature activity was identified..",—
KELT-16b_2530,KELT-16b,2530,0.2575251492793778,90.0,5.49,2458796.667818,0.968992961,2.49,11.72,11.601,14.77,-0.24,5.08,314.2684941666667,31.661008055555556,27,low,,30.95997722113484,False,False,0,25.35,2451.415533139836,2458796.667818,0,0,,,,2026-07-26 17:15:39.623,0.0,8.255215835571097,-26.330438834882493,32.53142195420717,0,2461248.3011530438,0.24,0.012,none,5,0.8333333333333334,5.08,9.971045785925284,0.41546024108022017,OK,True,1.9628042885679693,1.0,2,0.03571428571428571,1,4.5,0.5294117647058824,1,1,5,1,1.5553571428571427,3,1.8833035714285713,1.8833035714285713,0,0.42105263157894735,0.6165413533834586,No significant transit timing variation signal currently detected.,Compatible with PIRATE. Target brightness is V=11.7 and the expected transit depth is 14.8 mmag. Estimated minimum aperture is 10 inches.,Poor observability. Only 0% of the transit is observable. Peak altitude reaches 8°. Average airmass is 32.53 (poor observing conditions).,"The ephemeris remains relatively well constrained (0.3 minute uncertainty), but the target has not been observed recently and would benefit from maintenance observations.",This target has a low ExoClock priority. 27 recent observations indicate strong monitoring coverage. No recent literature activity was identified.,This is a high priority target,This target has only partial visibility.,"{'priority': 'This is a high priority target', 'score': 1.8833035714285713, 'visibility': 'Poor observability. Only 0% of the transit is observable. Peak altitude reaches 8°. Average airmass is 32.53 (poor observing conditions).', 'ephemeris': 'The ephemeris remains relatively well constrained (0.3 minute uncertainty), but the target has not been observed recently and would benefit from maintenance observations.', 'science': 'This target has a low ExoClock priority. 27 recent observations indicate strong monitoring coverage. No recent literature activity was identified.', 'coordination': 'This target has only partial visibility.', 'network': False, 'campaign': False}","This is a high priority target. The ephemeris remains relatively well constrained (0.3 minute uncertainty), but the target has not been observed recently and would benefit from maintenance observations.. Poor observability. Only 0% of the transit is observable. Peak altitude reaches 8°. Average airmass is 32.53 (poor observing conditions).. This target has a low ExoClock priority. 27 recent observations indicate strong monitoring coverage. No recent literature activity was identified..",—
Qatar-6b_533,Qatar-6b,533,0.479589270672268,90.0,4.59,2459379.354484,3.50620196,1.59,11.5,11.161,19.68,-1.29,5.0,222.21031833333336,22.152544444444445,29,low,,8.556266964153998,False,False,0,49.06,1868.7288672681898,2459379.354484,0,0,,,,2026-07-26 15:49:25.934,0.0,64.20931597334663,12.42836143042637,1.9584588871125186,0,2461248.2412723843,1.29,0.0645,none,5,0.8333333333333334,5.0,9.768311999072278,0.40701299996134493,OK,True,1.9536623998144556,1.0,2,0.03333333333333333,1,4.066880089246199,0.47845648108778815,1,1,5,1,1.5549999999999997,3,1.8832499999999999,1.8832499999999999,0,0.42105263157894735,0.6127819548872181,No significant transit timing variation signal currently detected.,Compatible with PIRATE. Target brightness is V=11.5 and the expected transit depth is 19.7 mmag. Estimated minimum aperture is 10 inches.,Poor observability. Only 0% of the transit is observable. Peak altitude reaches 64°. Average airmass is 1.96 (good observing conditions).,"The ephemeris remains relatively well constrained (0.5 minute uncertainty), but the target has not been observed recently and would benefit from maintenance observations.",This target has a low ExoClock priority. 29 recent observations indicate strong monitoring coverage. No recent literature activity was identified.,This is a high priority target,This target has only partial visibility.,"{'priority': 'This is a high priority target', 'score': 1.8832499999999999, 'visibility': 'Poor observability. Only 0% of the transit is observable. Peak altitude reaches 64°. Average airmass is 1.96 (good observing conditions).', 'ephemeris': 'The ephemeris remains relatively well constrained (0.5 minute uncertainty), but the target has not been observed recently and would benefit from maintenance observations.', 'science': 'This target has a low ExoClock priority. 29 recent observations indicate strong monitoring coverage. No recent literature activity was identified.', 'coordination': 'This target has only partial visibility.', 'network': False, 'campaign': False}","This is a high priority target. The ephemeris remains relatively well constrained (0.5 minute uncertainty), but the target has not been observed recently and would benefit from maintenance observations.. Poor observability. Only 0% of the transit is observable. Peak altitude reaches 64°. Average airmass is 1.96 (good observing conditions).. This target has a low ExoClock priority. 29 recent observations indicate strong monitoring coverage. No recent literature activity was identified..",—
WASP-96b_546,WASP-96b,546,0.16646168053748872,90.0,5.45,2459378.471656,3.42525672,2.45,12.2,12.15,15.55,-1.29,5.98,1.0464066666666667,-47.360645,1,medium,,8.758467598889931,False,False,0,19.93,1869.6116957780905,2459378.471656,1,7,Benchmarking two chemical networks used in general circulation models of hot Jupiters,2026MNRAS.548ag741C,2026-06-00,2026-07-27 03:51:52.507,0.0,14.49250236034066,4.239030693217386,5.458117101107591,0,2461248.702691053,1.29,0.0645,none,4,0.6666666666666666,5.98,12.22031477717876,0.5091797823824483,OK,True,2.0435308991937724,1.0,3,0.5,2,4.127540279666979,0.48559297407846813,1,1,4,1,2.4749999999999996,3,1.8712499999999999,1.8712499999999999,0,0.42105263157894735,0.6090225563909775,No significant transit timing variation signal currently detected.,Compatible with PIRATE. Target brightness is V=12.2 and the expected transit depth is 15.6 mmag. Estimated minimum aperture is 12 inches.,Poor observability. Only 0% of the transit is observable. Peak altitude reaches 14°. Average airmass is 5.46 (poor observing conditions).,"The ephemeris remains relatively well constrained (0.2 minute uncertainty), but the target has not been observed recently and would benefit from maintenance observations.","This target has a medium ExoClock priority. 1 recent transit observations have been recorded. 1 papers were identified in the last 12 months and 7 papers in the last 36 months. Latest publication: ""Benchmarking two chemical networks used in general circulation models of hot Jupiters"".",This is a high priority target,This target has only partial visibility.,"{'priority': 'This is a high priority target', 'score': 1.8712499999999999, 'visibility': 'Poor observability. Only 0% of the transit is observable. Peak altitude reaches 14°. Average airmass is 5.46 (poor observing conditions).', 'ephemeris': 'The ephemeris remains relatively well constrained (0.2 minute uncertainty), but the target has not been observed recently and would benefit from maintenance observations.', 'science': 'This target has a medium ExoClock priority. 1 recent transit observations have been recorded. 1 papers were identified in the last 12 months and 7 papers in the last 36 months. Latest publication: ""Benchmarking two chemical networks used in general circulation models of hot Jupiters"".', 'coordination': 'This target has only partial visibility.', 'network': False, 'campaign': False}","This is a high priority target. The ephemeris remains relatively well constrained (0.2 minute uncertainty), but the target has not been observed recently and would benefit from maintenance observations.. Poor observability. Only 0% of the transit is observable. Peak altitude reaches 14°. Average airmass is 5.46 (poor observing conditions).. This target has a medium ExoClock priority. 1 recent transit observations have been recorded. 1 papers were identified in the last 12 months and 7 papers in the last 36 months. Latest publication: ""Benchmarking two chemical networks used in general circulation models of hot Jupiters""..",—
WASP-4b_3865,WASP-4b,3865,0.11971724930752368,90.0,5.17,2456076.176644,1.338231335,2.17,12.48,11.9,31.37,1.07,5.54,353.5628575,-42.0614025,2,medium,,22.417648739334,False,False,0,38.57,5171.906707617454,2456076.176644,3,3,Scaling-up autonomous scientific discovery: Lessons from AI studying WASP-4b TTV in TESS data.,2026AAS...24713508S,2026-02-00,2026-07-26 22:33:31.943,0.0,1.8456006707367123,-38.254589671933054,108.85970252523124,0,2461248.5218974883,1.07,0.053500000000000006,none,4,0.6666666666666666,5.54,10.400243449849745,0.4333434770770727,OK,True,1.8773002617057302,1.0,3,0.3333333333333333,2,4.5,0.5294117647058824,1,1,4,1,2.4499999999999993,3,1.8675,1.8675,0,0.42105263157894735,0.6052631578947368,No significant transit timing variation signal currently detected.,Compatible with PIRATE. Target brightness is V=12.5 and the expected transit depth is 31.4 mmag. Estimated minimum aperture is 10 inches.,Poor observability. Only 0% of the transit is observable. Peak altitude reaches 2°. Average airmass is 108.86 (poor observing conditions).,"The ephemeris remains relatively well constrained (0.1 minute uncertainty), but the target has not been observed recently and would benefit from maintenance observations.","This target has a medium ExoClock priority. 2 recent transit observations have been recorded. 3 papers were identified in the last 12 months and 3 papers in the last 36 months. Latest publication: ""Scaling-up autonomous scientific discovery: Lessons from AI studying WASP-4b TTV in TESS data."".",This is a high priority target,This target has only partial visibility.,"{'priority': 'This is a high priority target', 'score': 1.8675, 'visibility': 'Poor observability. Only 0% of the transit is observable. Peak altitude reaches 2°. Average airmass is 108.86 (poor observing conditions).', 'ephemeris': 'The ephemeris remains relatively well constrained (0.1 minute uncertainty), but the target has not been observed recently and would benefit from maintenance observations.', 'science': 'This target has a medium ExoClock priority. 2 recent transit observations have been recorded. 3 papers were identified in the last 12 months and 3 papers in the last 36 months. Latest publication: ""Scaling-up autonomous scientific discovery: Lessons from AI studying WASP-4b TTV in TESS data."".', 'coordination': 'This target has only partial visibility.', 'network': False, 'campaign': False}","This is a high priority target. The ephemeris remains relatively well constrained (0.1 minute uncertainty), but the target has not been observed recently and would benefit from maintenance observations.. Poor observability. Only 0% of the transit is observable. Peak altitude reaches 2°. Average airmass is 108.86 (poor observing conditions).. This target has a medium ExoClock priority. 2 recent transit observations have been recorded. 3 papers were identified in the last 12 months and 3 papers in the last 36 months. Latest publication: ""Scaling-up autonomous scientific discovery: Lessons from AI studying WASP-4b TTV in TESS data.""..",—
WASP-26b_1378,WASP-26b,1378,0.9338085708327305,90.0,5.3,2457450.20769,2.75659766,2.3,11.3,10.99,9.9,2.06,5.93,4.60292,-15.267299166666668,0,medium,,10.882981015082192,False,False,0,28.49,3797.8756616674364,2457450.20769,0,0,,,,2026-07-27 07:09:47.354,0.0,46.57483167597017,17.100098501158115,1.8607463322831506,0,2461248.7151314123,2.06,0.10300000000000001,none,4,0.6666666666666666,5.93,10.443573231045521,0.4351488846268967,OK,True,1.7611421974781656,1.0,3,1.0,1,4.5,0.5294117647058824,1,1,4,1,2.3999999999999995,3,1.8599999999999999,1.8599999999999999,0,0.42105263157894735,0.6015037593984962,No significant transit timing variation signal currently detected.,Compatible with PIRATE. Target brightness is V=11.3 and the expected transit depth is 9.9 mmag. Estimated minimum aperture is 10 inches.,Poor observability. Only 0% of the transit is observable. Peak altitude reaches 47°. Average airmass is 1.86 (good observing conditions).,"The ephemeris remains relatively well constrained (0.9 minute uncertainty), but the target has not been observed recently and would benefit from maintenance observations.",This target has a medium ExoClock priority. No recent transit observations have been reported. No recent literature activity was identified.,This is a high priority target,This target has only partial visibility.,"{'priority': 'This is a high priority target', 'score': 1.8599999999999999, 'visibility': 'Poor observability. Only 0% of the transit is observable. Peak altitude reaches 47°. Average airmass is 1.86 (good observing conditions).', 'ephemeris': 'The ephemeris remains relatively well constrained (0.9 minute uncertainty), but the target has not been observed recently and would benefit from maintenance observations.', 'science': 'This target has a medium ExoClock priority. No recent transit observations have been reported. No recent literature activity was identified.', 'coordination': 'This target has only partial visibility.', 'network': False, 'campaign': False}","This is a high priority target. The ephemeris remains relatively well constrained (0.9 minute uncertainty), but the target has not been observed recently and would benefit from maintenance observations.. Poor observability. Only 0% of the transit is observable. Peak altitude reaches 47°. Average airmass is 1.86 (good observing conditions).. This target has a medium ExoClock priority. No recent transit observations have been reported. No recent literature activity was identified..",—
TOI-1694b_597,TOI-1694b,597,2.3692799265801745,90.0,5.859999999999999,2458998.23331,3.770145,2.86,11.45,11.054,4.95,-4.28,11.46,97.7482125,66.36068277777777,6,low,,7.95725363348094,False,False,0,13.83,2249.850041460246,2458998.23331,1,2,The GAPS Programme at TNG LXXIV. A reanalysis of the planetary systems TOI-1272 and TOI-1694 with HARPS-N and retraction of the planetary interpretation of TOI-1272 c,2026arXiv260621625M,2026-06-00,2026-07-27 12:13:04.017,0.0,51.9597705510655,43.79870192347648,1.3132268580780069,0,2461248.9715742706,4.28,0.21400000000000002,none,3,0.5,11.46,14.192046180276124,0.5913352575115052,OK,True,1.2383984450502725,1.0,2,0.14285714285714285,2,3.8871760900442824,0.4573148341228568,2,1,3,1,1.7214285714285713,3,1.8582142857142856,1.8582142857142856,0,0.42105263157894735,0.5977443609022557,No significant transit timing variation signal currently detected.,Compatible with PIRATE. Target brightness is V=11.4 and the expected transit depth is 5.0 mmag. Estimated minimum aperture is 14 inches.,Poor observability. Only 0% of the transit is observable. Peak altitude reaches 52°. Average airmass is 1.31 (excellent observing conditions).,"The ephemeris remains relatively well constrained (2.4 minute uncertainty), but the target has not been observed recently and would benefit from maintenance observations.","This target has a low ExoClock priority. 6 recent observations indicate strong monitoring coverage. 1 papers were identified in the last 12 months and 2 papers in the last 36 months. Latest publication: ""The GAPS Programme at TNG LXXIV. A reanalysis of the planetary systems TOI-1272 and TOI-1694 with HARPS-N and retraction of the planetary interpretation of TOI-1272 c"".",This is a moderate priority target,This target has only partial visibility.,"{'priority': 'This is a moderate priority target', 'score': 1.8582142857142856, 'visibility': 'Poor observability. Only 0% of the transit is observable. Peak altitude reaches 52°. Average airmass is 1.31 (excellent observing conditions).', 'ephemeris': 'The ephemeris remains relatively well constrained (2.4 minute uncertainty), but the target has not been observed recently and would benefit from maintenance observations.', 'science': 'This target has a low ExoClock priority. 6 recent observations indicate strong monitoring coverage. 1 papers were identified in the last 12 months and 2 papers in the last 36 months. Latest publication: ""The GAPS Programme at TNG LXXIV. A reanalysis of the planetary systems TOI-1272 and TOI-1694 with HARPS-N and retraction of the planetary interpretation of TOI-1272 c"".', 'coordination': 'This target has only partial visibility.', 'network': False, 'campaign': False}","This is a moderate priority target. The ephemeris remains relatively well constrained (2.4 minute uncertainty), but the target has not been observed recently and would benefit from maintenance observations.. Poor observability. Only 0% of the transit is observable. Peak altitude reaches 52°. Average airmass is 1.31 (excellent observing conditions).. This target has a low ExoClock priority. 6 recent observations indicate strong monitoring coverage. 1 papers were identified in the last 12 months and 2 papers in the last 36 months. Latest publication: ""The GAPS Programme at TNG LXXIV. A reanalysis of the planetary systems TOI-1272 and TOI-1694 with HARPS-N and retraction of the planetary interpretation of TOI-1272 c""..",—
KELT-21b_597,KELT-21b,597,0.772923443517185,90.0,7.11,2459091.48021,3.61277072,4.11,10.48,10.453,12.2,0.79,5.0,304.80002041666665,32.581045,7,low,,8.303875979154304,True,False,0,49.51,2156.6031411518343,2459091.48021,1,1,"Cross-correlation transmission spectroscopy of ultra-hot Jupiters WASP-189b, HAT-P-57b, KELT-17b, and KELT-21b with GIANO-B",2026arXiv260627221M,2026-06-00,2026-07-26 19:17:04.915,0.0,40.25910767654455,-5.207630259995969,9.279853056692573,0,2461248.385473553,0.79,0.0395,none,4,0.6666666666666666,5.0,4.824249998912621,0.2010104166213592,OK,True,0.9648499997825242,1.0,2,0.125,2,5.991162793746291,0.7048426816172108,1,1,4,1,1.71875,4,1.8578125,1.8578125,0,0.42105263157894735,0.5939849624060151,No significant transit timing variation signal currently detected.,Compatible with PIRATE. Target brightness is V=10.5 and the expected transit depth is 12.2 mmag. Estimated minimum aperture is 5 inches.,Poor observability. Only 0% of the transit is observable. Peak altitude reaches 40°. Average airmass is 9.28 (poor observing conditions).,"The ephemeris remains relatively well constrained (0.8 minute uncertainty), but the target has not been observed recently and would benefit from maintenance observations.","This target has a low ExoClock priority. 7 recent observations indicate strong monitoring coverage. 1 papers were identified in the last 12 months and 1 papers in the last 36 months. Latest publication: ""Cross-correlation transmission spectroscopy of ultra-hot Jupiters WASP-189b, HAT-P-57b, KELT-17b, and KELT-21b with GIANO-B"".",This is a moderate priority target,"For this target, multi-site coordination is recommended. This target has only partial visibility.","{'priority': 'This is a moderate priority target', 'score': 1.8578125, 'visibility': 'Poor observability. Only 0% of the transit is observable. Peak altitude reaches 40°. Average airmass is 9.28 (poor observing conditions).', 'ephemeris': 'The ephemeris remains relatively well constrained (0.8 minute uncertainty), but the target has not been observed recently and would benefit from maintenance observations.', 'science': 'This target has a low ExoClock priority. 7 recent observations indicate strong monitoring coverage. 1 papers were identified in the last 12 months and 1 papers in the last 36 months. Latest publication: ""Cross-correlation transmission spectroscopy of ultra-hot Jupiters WASP-189b, HAT-P-57b, KELT-17b, and KELT-21b with GIANO-B"".', 'coordination': 'For this target, multi-site coordination is recommended. This target has only partial visibility.', 'network': True, 'campaign': False}","This is a moderate priority target. The ephemeris remains relatively well constrained (0.8 minute uncertainty), but the target has not been observed recently and would benefit from maintenance observations.. Poor observability. Only 0% of the transit is observable. Peak altitude reaches 40°. Average airmass is 9.28 (poor observing conditions).. This target has a low ExoClock priority. 7 recent observations indicate strong monitoring coverage. 1 papers were identified in the last 12 months and 1 papers in the last 36 months. Latest publication: ""Cross-correlation transmission spectroscopy of ultra-hot Jupiters WASP-189b, HAT-P-57b, KELT-17b, and KELT-21b with GIANO-B"".. requires multi-site coordination.",🌍 Network
HAT-P-32b_2060,HAT-P-32b,2060,0.15104394964327594,90.0,6.13,2456819.856194,2.150008096,3.13,11.44,11.23,29.39,0.1,5.0,31.04282291666667,46.68783611111111,12,low,,13.953435829294662,True,False,0,84.02,4428.227156808134,2456819.856194,3,6,Multicolor Transit Photometry: Searching for Traces of Exoplanet Atmospheres,2025ARep...69.1135B,2025-11-00,2026-07-27 08:55:46.937,0.0,71.47179219935758,39.888999286614926,1.2067062636160764,0,2461248.7887376966,0.1,0.005,none,4,0.6666666666666666,5.0,5.5418998077263035,0.23091249198859598,OK,True,1.1083799615452608,1.0,2,0.07692307692307693,2,6.5,0.7647058823529411,1,1,4,1,1.7115384615384615,4,1.856730769230769,1.856730769230769,0,0.42105263157894735,0.5902255639097744,No significant transit timing variation signal currently detected.,Compatible with PIRATE. Target brightness is V=11.4 and the expected transit depth is 29.4 mmag. Estimated minimum aperture is 6 inches.,Poor observability. Only 0% of the transit is observable. Peak altitude reaches 71°. Average airmass is 1.21 (excellent observing conditions).,"The ephemeris remains relatively well constrained (0.2 minute uncertainty), but the target has not been observed recently and would benefit from maintenance observations.","This target has a low ExoClock priority. 12 recent observations indicate strong monitoring coverage. 3 papers were identified in the last 12 months and 6 papers in the last 36 months. Latest publication: ""Multicolor Transit Photometry: Searching for Traces of Exoplanet Atmospheres"".",This is a moderate priority target,"For this target, multi-site coordination is recommended. This target has only partial visibility.","{'priority': 'This is a moderate priority target', 'score': 1.856730769230769, 'visibility': 'Poor observability. Only 0% of the transit is observable. Peak altitude reaches 71°. Average airmass is 1.21 (excellent observing conditions).', 'ephemeris': 'The ephemeris remains relatively well constrained (0.2 minute uncertainty), but the target has not been observed recently and would benefit from maintenance observations.', 'science': 'This target has a low ExoClock priority. 12 recent observations indicate strong monitoring coverage. 3 papers were identified in the last 12 months and 6 papers in the last 36 months. Latest publication: ""Multicolor Transit Photometry: Searching for Traces of Exoplanet Atmospheres"".', 'coordination': 'For this target, multi-site coordination is recommended. This target has only partial visibility.', 'network': True, 'campaign': False}","This is a moderate priority target. The ephemeris remains relatively well constrained (0.2 minute uncertainty), but the target has not been observed recently and would benefit from maintenance observations.. Poor observability. Only 0% of the transit is observable. Peak altitude reaches 71°. Average airmass is 1.21 (excellent observing conditions).. This target has a low ExoClock priority. 12 recent observations indicate strong monitoring coverage. 3 papers were identified in the last 12 months and 6 papers in the last 36 months. Latest publication: ""Multicolor Transit Photometry: Searching for Traces of Exoplanet Atmospheres"".. requires multi-site coordination.",🌍 Network
WASP-167b_1304,WASP-167b,1304,0.5061430220538375,90.0,5.98,2458612.4016,2.02195908,2.98,10.52,10.424,9.03,1.61,5.37,196.04389166666667,-35.54953361111111,1,medium,,14.837095516295019,False,False,0,34.04,2635.6817518649623,2458612.4016,0,0,,,,2026-07-27 12:51:01.980,0.0,13.054279211867193,-27.509429777258482,20.630036088086413,0,2461249.1173840277,1.61,0.0805,none,4,0.6666666666666666,5.37,6.707777130419161,0.27949071376746504,OK,True,1.2491205084579442,1.0,3,0.5,1,4.5,0.5294117647058824,1,1,4,1,2.3249999999999997,3,1.84875,1.84875,0,0.42105263157894735,0.5864661654135338,No significant transit timing variation signal currently detected.,Compatible with PIRATE. Target brightness is V=10.5 and the expected transit depth is 9.0 mmag. Estimated minimum aperture is 7 inches.,Poor observability. Only 0% of the transit is observable. Peak altitude reaches 13°. Average airmass is 20.63 (poor observing conditions).,"The ephemeris remains relatively well constrained (0.5 minute uncertainty), but the target has not been observed recently and would benefit from maintenance observations.",This target has a medium ExoClock priority. 1 recent transit observations have been recorded. No recent literature activity was identified.,This is a moderate priority target,This target has only partial visibility.,"{'priority': 'This is a moderate priority target', 'score': 1.84875, 'visibility': 'Poor observability. Only 0% of the transit is observable. Peak altitude reaches 13°. Average airmass is 20.63 (poor observing conditions).', 'ephemeris': 'The ephemeris remains relatively well constrained (0.5 minute uncertainty), but the target has not been observed recently and would benefit from maintenance observations.', 'science': 'This target has a medium ExoClock priority. 1 recent transit observations have been recorded. No recent literature activity was identified.', 'coordination': 'This target has only partial visibility.', 'network': False, 'campaign': False}","This is a moderate priority target. The ephemeris remains relatively well constrained (0.5 minute uncertainty), but the target has not been observed recently and would benefit from maintenance observations.. Poor observability. Only 0% of the transit is observable. Peak altitude reaches 13°. Average airmass is 20.63 (poor observing conditions).. This target has a medium ExoClock priority. 1 recent transit observations have been recorded. No recent literature activity was identified..",—
HATS-1b_594,HATS-1b,594,0.5254507900865263,90.0,5.5,2459201.26601,3.44645571,2.5,12.059,12.08,19.17,-0.42,5.85,175.52533541666665,-23.354841111111114,2,medium,,8.70459466893889,False,False,0,31.94,2046.8173408531584,2459201.26601,0,0,,,,2026-07-26 23:02:15.447,0.0,6.679644045990461,-42.837504164832716,50.345655141789926,0,2461248.3765676734,0.42,0.020999999999999998,none,4,0.6666666666666666,5.85,10.210560216808515,0.4254400090336881,OK,True,1.7453949088561564,1.0,3,0.3333333333333333,1,4.111378400681667,0.4836915765507843,1,1,4,1,2.2999999999999994,3,1.845,1.845,0,0.42105263157894735,0.5770676691729323,No significant transit timing variation signal currently detected.,Compatible with PIRATE. Target brightness is V=12.1 and the expected transit depth is 19.2 mmag. Estimated minimum aperture is 10 inches.,Poor observability. Only 0% of the transit is observable. Peak altitude reaches 7°. Average airmass is 50.35 (poor observing conditions).,"The ephemeris remains relatively well constrained (0.5 minute uncertainty), but the target has not been observed recently and would benefit from maintenance observations.",This target has a medium ExoClock priority. 2 recent transit observations have been recorded. No recent literature activity was identified.,This is a moderate priority target,This target has only partial visibility.,"{'priority': 'This is a moderate priority target', 'score': 1.845, 'visibility': 'Poor observability. Only 0% of the transit is observable. Peak altitude reaches 7°. Average airmass is 50.35 (poor observing conditions).', 'ephemeris': 'The ephemeris remains relatively well constrained (0.5 minute uncertainty), but the target has not been observed recently and would benefit from maintenance observations.', 'science': 'This target has a medium ExoClock priority. 2 recent transit observations have been recorded. No recent literature activity was identified.', 'coordination': 'This target has only partial visibility.', 'network': False, 'campaign': False}","This is a moderate priority target. The ephemeris remains relatively well constrained (0.5 minute uncertainty), but the target has not been observed recently and would benefit from maintenance observations.. Poor observability. Only 0% of the transit is observable. Peak altitude reaches 7°. Average airmass is 50.35 (poor observing conditions).. This target has a medium ExoClock priority. 2 recent transit observations have been recorded. No recent literature activity was identified..",—
HIP65Ab_2277,HIP65Ab,2277,0.1719448188693256,90.0,3.77,2459014.746691,0.980972159,0.77,11.13,10.32,7.14,-0.04,9.74,0.18712208333333336,-54.830514722222226,2,medium,,30.581907676749875,False,False,0,18.96,2233.336659988854,2459014.746691,0,0,,,,2026-07-26 22:04:04.481,0.0,-13.1801307683806,-46.389944695332254,,0,2461248.5014407523,0.04,0.002,none,4,0.6666666666666666,9.74,19.653330757966962,0.8188887815819568,OK,True,2.017795765705027,1.0,3,0.3333333333333333,1,4.5,0.5294117647058824,1,1,4,1,2.2999999999999994,3,1.845,1.845,0,0.42105263157894735,0.5770676691729323,No significant transit timing variation signal currently detected.,Compatible with PIRATE. Target brightness is V=11.1 and the expected transit depth is 7.1 mmag. Estimated minimum aperture is 20 inches.,Poor observability. Only 0% of the transit is observable. Peak altitude reaches -13°.,"The ephemeris remains relatively well constrained (0.2 minute uncertainty), but the target has not been observed recently and would benefit from maintenance observations.",This target has a medium ExoClock priority. 2 recent transit observations have been recorded. No recent literature activity was identified.,This is a moderate priority target,This target has only partial visibility.,"{'priority': 'This is a moderate priority target', 'score': 1.845, 'visibility': 'Poor observability. Only 0% of the transit is observable. Peak altitude reaches -13°.', 'ephemeris': 'The ephemeris remains relatively well constrained (0.2 minute uncertainty), but the target has not been observed recently and would benefit from maintenance observations.', 'science': 'This target has a medium ExoClock priority. 2 recent transit observations have been recorded. No recent literature activity was identified.', 'coordination': 'This target has only partial visibility.', 'network': False, 'campaign': False}","This is a moderate priority target. The ephemeris remains relatively well constrained (0.2 minute uncertainty), but the target has not been observed recently and would benefit from maintenance observations.. Poor observability. Only 0% of the transit is observable. Peak altitude reaches -13°.. This target has a medium ExoClock priority. 2 recent transit observations have been recorded. No recent literature activity was identified..",—
K2-34b_1138,K2-34b,1138,0.3338122513269799,90.0,5.48,2457839.334478,2.99563555,2.48,11.45,11.231,8.08,-0.27,7.59,127.57878875000002,22.235914722222223,2,medium,,10.014569362417935,False,False,0,18.26,3408.7488730298355,2457839.334478,0,0,,,,2026-07-26 20:48:23.026,0.0,16.897897731647888,-27.510559119209546,15.051221627286075,0,2461248.283599838,0.27,0.013500000000000002,none,4,0.6666666666666666,7.59,11.928864649308125,0.49703602705450517,OK,True,1.571655421516222,1.0,3,0.3333333333333333,1,4.5,0.5294117647058824,1,1,4,1,2.2999999999999994,3,1.845,1.845,0,0.42105263157894735,0.5770676691729323,No significant transit timing variation signal currently detected.,Compatible with PIRATE. Target brightness is V=11.4 and the expected transit depth is 8.1 mmag. Estimated minimum aperture is 12 inches.,Poor observability. Only 0% of the transit is observable. Peak altitude reaches 17°. Average airmass is 15.05 (poor observing conditions).,"The ephemeris remains relatively well constrained (0.3 minute uncertainty), but the target has not been observed recently and would benefit from maintenance observations.",This target has a medium ExoClock priority. 2 recent transit observations have been recorded. No recent literature activity was identified.,This is a moderate priority target,This target has only partial visibility.,"{'priority': 'This is a moderate priority target', 'score': 1.845, 'visibility': 'Poor observability. Only 0% of the transit is observable. Peak altitude reaches 17°. Average airmass is 15.05 (poor observing conditions).', 'ephemeris': 'The ephemeris remains relatively well constrained (0.3 minute uncertainty), but the target has not been observed recently and would benefit from maintenance observations.', 'science': 'This target has a medium ExoClock priority. 2 recent transit observations have been recorded. No recent literature activity was identified.', 'coordination': 'This target has only partial visibility.', 'network': False, 'campaign': False}","This is a moderate priority target. The ephemeris remains relatively well constrained (0.3 minute uncertainty), but the target has not been observed recently and would benefit from maintenance observations.. Poor observability. Only 0% of the transit is observable. Peak altitude reaches 17°. Average airmass is 15.05 (poor observing conditions).. This target has a medium ExoClock priority. 2 recent transit observations have been recorded. No recent literature activity was identified..",—
TOI-157b_870,TOI-157b,870,0.3389095601838077,90.0,5.15,2459435.522677,2.08453969,2.15,12.725,12.274,13.24,0.21,6.49,73.70122083333334,-76.68052444444444,2,medium,,14.391666488249978,False,False,0,15.14,1812.5606742901728,2459435.522677,0,0,,,,2026-07-27 13:42:49.527,0.0,-16.658193143697204,-27.60836797120936,,0,2461248.9880732293,0.21,0.010499999999999999,none,4,0.6666666666666666,6.49,18.003933874886734,0.7501639114536139,OK,True,2.77410383280227,1.0,3,0.3333333333333333,1,4.5,0.5294117647058824,1,1,4,1,2.2999999999999994,3,1.845,1.845,0,0.42105263157894735,0.5770676691729323,No significant transit timing variation signal currently detected.,Compatible with PIRATE. Target brightness is V=12.7 and the expected transit depth is 13.2 mmag. Estimated minimum aperture is 18 inches.,Poor observability. Only 0% of the transit is observable. Peak altitude reaches -17°.,"The ephemeris remains relatively well constrained (0.3 minute uncertainty), but the target has not been observed recently and would benefit from maintenance observations.",This target has a medium ExoClock priority. 2 recent transit observations have been recorded. No recent literature activity was identified.,This is a moderate priority target,This target has only partial visibility.,"{'priority': 'This is a moderate priority target', 'score': 1.845, 'visibility': 'Poor observability. Only 0% of the transit is observable. Peak altitude reaches -17°.', 'ephemeris': 'The ephemeris remains relatively well constrained (0.3 minute uncertainty), but the target has not been observed recently and would benefit from maintenance observations.', 'science': 'This target has a medium ExoClock priority. 2 recent transit observations have been recorded. No recent literature activity was identified.', 'coordination': 'This target has only partial visibility.', 'network': False, 'campaign': False}","This is a moderate priority target. The ephemeris remains relatively well constrained (0.3 minute uncertainty), but the target has not been observed recently and would benefit from maintenance observations.. Poor observability. Only 0% of the transit is observable. Peak altitude reaches -17°.. This target has a medium ExoClock priority. 2 recent transit observations have been recorded. No recent literature activity was identified..",—
HD17156b_220,HD17156b,220,0.18443561374094863,90.0,6.13,2456581.344218,21.21643907,3.13,8.16,7.824,6.89,0.9,5.0,42.43536083333333,71.7532311111111,3,medium,,1.4139978863097689,True,False,0,93.38,4666.739132942166,2456581.344218,0,0,,,,2026-07-27 11:02:25.094,0.0,44.93458607385849,29.64176996993516,1.6426363697116162,0,2461248.8766793287,0.9,0.045,none,4,0.6666666666666666,5.0,4.0,0.16666666666666666,OK,True,0.8,1.0,3,0.25,1,3.924199365892931,0.46167051363446243,1,1,4,1,2.2874999999999996,3,1.843125,1.843125,0,0.42105263157894735,0.5676691729323309,No significant transit timing variation signal currently detected.,Compatible with PIRATE. Target brightness is V=8.2 and the expected transit depth is 6.9 mmag. Estimated minimum aperture is 4 inches.,Poor observability. Only 0% of the transit is observable. Peak altitude reaches 45°. Average airmass is 1.64 (good observing conditions).,"The ephemeris remains relatively well constrained (0.2 minute uncertainty), but the target has not been observed recently and would benefit from maintenance observations.",This target has a medium ExoClock priority. 3 recent observations indicate moderate monitoring coverage. No recent literature activity was identified.,This is a moderate priority target,"For this target, multi-site coordination is recommended. This target has only partial visibility.","{'priority': 'This is a moderate priority target', 'score': 1.843125, 'visibility': 'Poor observability. Only 0% of the transit is observable. Peak altitude reaches 45°. Average airmass is 1.64 (good observing conditions).', 'ephemeris': 'The ephemeris remains relatively well constrained (0.2 minute uncertainty), but the target has not been observed recently and would benefit from maintenance observations.', 'science': 'This target has a medium ExoClock priority. 3 recent observations indicate moderate monitoring coverage. No recent literature activity was identified.', 'coordination': 'For this target, multi-site coordination is recommended. This target has only partial visibility.', 'network': True, 'campaign': False}","This is a moderate priority target. The ephemeris remains relatively well constrained (0.2 minute uncertainty), but the target has not been observed recently and would benefit from maintenance observations.. Poor observability. Only 0% of the transit is observable. Peak altitude reaches 45°. Average airmass is 1.64 (good observing conditions).. This target has a medium ExoClock priority. 3 recent observations indicate moderate monitoring coverage. No recent literature activity was identified.. requires multi-site coordination.",🌍 Network
WASP-22b_1194,WASP-22b,1194,0.7908250435706686,90.0,6.48,2457030.6052,3.53272911,3.48,11.99,11.41,12.55,0.67,5.0,52.818028749999996,-23.819678055555556,3,low,,8.492018228932363,True,False,0,29.57,4217.478151659016,2457030.6052,0,0,,,,2026-07-27 04:23:27.451,0.0,30.815151783618248,-10.137184209781438,8.864437148828362,0,2461248.764901053,0.67,0.0335,none,4,0.6666666666666666,5.0,10.361416865867314,0.4317257027444714,OK,True,2.072283373173463,1.0,2,0.25,1,6.047605468679709,0.7114829963152599,1,1,4,1,1.5875,4,1.8381249999999998,1.8381249999999998,0,0.42105263157894735,0.5620300751879699,No significant transit timing variation signal currently detected.,Compatible with PIRATE. Target brightness is V=12.0 and the expected transit depth is 12.6 mmag. Estimated minimum aperture is 10 inches.,Poor observability. Only 0% of the transit is observable. Peak altitude reaches 31°. Average airmass is 8.86 (poor observing conditions).,"The ephemeris remains relatively well constrained (0.8 minute uncertainty), but the target has not been observed recently and would benefit from maintenance observations.",This target has a low ExoClock priority. 3 recent observations indicate moderate monitoring coverage. No recent literature activity was identified.,This is a moderate priority target,"For this target, multi-site coordination is recommended. This target has only partial visibility.","{'priority': 'This is a moderate priority target', 'score': 1.8381249999999998, 'visibility': 'Poor observability. Only 0% of the transit is observable. Peak altitude reaches 31°. Average airmass is 8.86 (poor observing conditions).', 'ephemeris': 'The ephemeris remains relatively well constrained (0.8 minute uncertainty), but the target has not been observed recently and would benefit from maintenance observations.', 'science': 'This target has a low ExoClock priority. 3 recent observations indicate moderate monitoring coverage. No recent literature activity was identified.', 'coordination': 'For this target, multi-site coordination is recommended. This target has only partial visibility.', 'network': True, 'campaign': False}","This is a moderate priority target. The ephemeris remains relatively well constrained (0.8 minute uncertainty), but the target has not been observed recently and would benefit from maintenance observations.. Poor observability. Only 0% of the transit is observable. Peak altitude reaches 31°. Average airmass is 8.86 (poor observing conditions).. This target has a low ExoClock priority. 3 recent observations indicate moderate monitoring coverage. No recent literature activity was identified.. requires multi-site coordination.",🌍 Network
WASP-55b_866,WASP-55b,866,0.5914363989090937,90.0,6.5600000000000005,2457381.2917,4.46562934,3.56,11.75,11.555,20.5,0.43,5.02,203.75814041666666,-17.503479444444444,3,low,,6.717978075627746,True,False,0,44.22,3866.7916517113335,2457381.2917,0,0,,,,2026-07-27 00:37:18.426,0.0,13.459875656897049,-36.923492098493725,22.417573363352503,0,2461248.442574375,0.43,0.0215,none,4,0.6666666666666666,5.02,7.17676461161663,0.29903185881735955,OK,True,1.4296343847841892,1.0,2,0.25,1,5.515393422688324,0.6488698144339204,1,1,4,1,1.5875,4,1.8381249999999998,1.8381249999999998,0,0.42105263157894735,0.5620300751879699,No significant transit timing variation signal currently detected.,Compatible with PIRATE. Target brightness is V=11.8 and the expected transit depth is 20.5 mmag. Estimated minimum aperture is 7 inches.,Poor observability. Only 0% of the transit is observable. Peak altitude reaches 13°. Average airmass is 22.42 (poor observing conditions).,"The ephemeris remains relatively well constrained (0.6 minute uncertainty), but the target has not been observed recently and would benefit from maintenance observations.",This target has a low ExoClock priority. 3 recent observations indicate moderate monitoring coverage. No recent literature activity was identified.,This is a moderate priority target,"For this target, multi-site coordination is recommended. This target has only partial visibility.","{'priority': 'This is a moderate priority target', 'score': 1.8381249999999998, 'visibility': 'Poor observability. Only 0% of the transit is observable. Peak altitude reaches 13°. Average airmass is 22.42 (poor observing conditions).', 'ephemeris': 'The ephemeris remains relatively well constrained (0.6 minute uncertainty), but the target has not been observed recently and would benefit from maintenance observations.', 'science': 'This target has a low ExoClock priority. 3 recent observations indicate moderate monitoring coverage. No recent literature activity was identified.', 'coordination': 'For this target, multi-site coordination is recommended. This target has only partial visibility.', 'network': True, 'campaign': False}","This is a moderate priority target. The ephemeris remains relatively well constrained (0.6 minute uncertainty), but the target has not been observed recently and would benefit from maintenance observations.. Poor observability. Only 0% of the transit is observable. Peak altitude reaches 13°. Average airmass is 22.42 (poor observing conditions).. This target has a low ExoClock priority. 3 recent observations indicate moderate monitoring coverage. No recent literature activity was identified.. requires multi-site coordination.",🌍 Network
TOI-622b_305,TOI-622b,305,0.7310663160069356,90.0,6.9399999999999995,2459295.39747,6.4025277,3.94,9.0,8.706,4.21,0.0,8.06,125.30508291666666,-46.48422083333333,0,high,,4.685649388131503,True,False,0,44.49,1952.6858813664876,2459295.39747,1,1,"PLATOSpec's first results: Planets WASP-35b and TOI-622b are on aligned orbits, and K2-237b is on a polar orbit",2025A&A...702A.266Z,2025-10-00,2026-07-26 16:01:22.175,0.0,14.266244589937118,-9.20774537188212,26.265435085590333,0,2461248.0842844327,0.0,0.0,none,3,0.5,8.06,4.242691684884191,0.17677882020350796,OK,True,0.5263885465116862,1.0,4,1.0,2,4.905694816439451,0.5771405666399354,1,1,3,1,3.2499999999999996,3,1.8374999999999997,1.8374999999999997,0,0.42105263157894735,0.556390977443609,No significant transit timing variation signal currently detected.,Compatible with PIRATE. Target brightness is V=9.0 and the expected transit depth is 4.2 mmag. Estimated minimum aperture is 4 inches.,Poor observability. Only 0% of the transit is observable. Peak altitude reaches 14°. Average airmass is 26.27 (poor observing conditions).,"The ephemeris remains relatively well constrained (0.7 minute uncertainty), but the target has not been observed recently and would benefit from maintenance observations.","This target has a high ExoClock priority. No recent transit observations have been reported. 1 papers were identified in the last 12 months and 1 papers in the last 36 months. Latest publication: ""PLATOSpec's first results: Planets WASP-35b and TOI-622b are on aligned orbits, and K2-237b is on a polar orbit"".",This is a moderate priority target,"For this target, multi-site coordination is recommended. This target has only partial visibility.","{'priority': 'This is a moderate priority target', 'score': 1.8374999999999997, 'visibility': 'Poor observability. Only 0% of the transit is observable. Peak altitude reaches 14°. Average airmass is 26.27 (poor observing conditions).', 'ephemeris': 'The ephemeris remains relatively well constrained (0.7 minute uncertainty), but the target has not been observed recently and would benefit from maintenance observations.', 'science': 'This target has a high ExoClock priority. No recent transit observations have been reported. 1 papers were identified in the last 12 months and 1 papers in the last 36 months. Latest publication: ""PLATOSpec\'s first results: Planets WASP-35b and TOI-622b are on aligned orbits, and K2-237b is on a polar orbit"".', 'coordination': 'For this target, multi-site coordination is recommended. This target has only partial visibility.', 'network': True, 'campaign': False}","This is a moderate priority target. The ephemeris remains relatively well constrained (0.7 minute uncertainty), but the target has not been observed recently and would benefit from maintenance observations.. Poor observability. Only 0% of the transit is observable. Peak altitude reaches 14°. Average airmass is 26.27 (poor observing conditions).. This target has a high ExoClock priority. No recent transit observations have been reported. 1 papers were identified in the last 12 months and 1 papers in the last 36 months. Latest publication: ""PLATOSpec's first results: Planets WASP-35b and TOI-622b are on aligned orbits, and K2-237b is on a polar orbit"".. requires multi-site coordination.",🌍 Network
WASP-48b_1099,WASP-48b,1099,0.25242711068854967,90.0,6.109999999999999,2458892.97779,2.14363676,3.11,11.65,11.61,10.69,0.04,6.08,291.16233958333333,55.4731475,10,low,,13.994908353782847,True,False,0,24.8,2355.105561705772,2458892.97779,0,0,,,,2026-07-27 08:00:39.327,0.0,24.480566538963632,-1.5424423543925347,22.718014176310685,0,2461248.7504551737,0.04,0.002,none,4,0.6666666666666666,6.08,10.154571095438547,0.42310712897660613,OK,True,1.6701597196444977,1.0,2,0.09090909090909091,1,6.5,0.7647058823529411,1,1,4,1,1.5636363636363635,4,1.8345454545454545,1.8345454545454545,0,0.42105263157894735,0.5526315789473685,No significant transit timing variation signal currently detected.,Compatible with PIRATE. Target brightness is V=11.7 and the expected transit depth is 10.7 mmag. Estimated minimum aperture is 10 inches.,Poor observability. Only 0% of the transit is observable. Peak altitude reaches 24°. Average airmass is 22.72 (poor observing conditions).,"The ephemeris remains relatively well constrained (0.3 minute uncertainty), but the target has not been observed recently and would benefit from maintenance observations.",This target has a low ExoClock priority. 10 recent observations indicate strong monitoring coverage. No recent literature activity was identified.,This is a moderate priority target,"For this target, multi-site coordination is recommended. This target has only partial visibility.","{'priority': 'This is a moderate priority target', 'score': 1.8345454545454545, 'visibility': 'Poor observability. Only 0% of the transit is observable. Peak altitude reaches 24°. Average airmass is 22.72 (poor observing conditions).', 'ephemeris': 'The ephemeris remains relatively well constrained (0.3 minute uncertainty), but the target has not been observed recently and would benefit from maintenance observations.', 'science': 'This target has a low ExoClock priority. 10 recent observations indicate strong monitoring coverage. No recent literature activity was identified.', 'coordination': 'For this target, multi-site coordination is recommended. This target has only partial visibility.', 'network': True, 'campaign': False}","This is a moderate priority target. The ephemeris remains relatively well constrained (0.3 minute uncertainty), but the target has not been observed recently and would benefit from maintenance observations.. Poor observability. Only 0% of the transit is observable. Peak altitude reaches 24°. Average airmass is 22.72 (poor observing conditions).. This target has a low ExoClock priority. 10 recent observations indicate strong monitoring coverage. No recent literature activity was identified.. requires multi-site coordination.",🌍 Network
TOI-1728b_505,TOI-1728b,505,2.16175620605091,90.0,4.91,2459485.69358,3.4914034,1.91,12.397,11.915,7.1,-2.35,11.14,120.61062625,64.79692527777777,14,low,,8.592533306234394,False,False,0,15.13,1762.3897714642808,2459485.69358,0,0,,,,2026-07-27 08:26:09.277,0.0,46.94502313890481,22.8282649273049,1.8071150723507858,0,2461248.933440706,2.35,0.11750000000000001,none,3,0.5,11.14,22.42770183365802,0.9344875764024175,OK,True,2.0132586924289066,1.0,2,0.06666666666666667,1,4.077759991870318,0.4797364696318021,2,1,3,1,1.5599999999999998,3,1.8339999999999999,1.8339999999999999,0,0.42105263157894735,0.5488721804511278,No significant transit timing variation signal currently detected.,Compatible with PIRATE. Target brightness is V=12.4 and the expected transit depth is 7.1 mmag. Estimated minimum aperture is 22 inches.,Poor observability. Only 0% of the transit is observable. Peak altitude reaches 47°. Average airmass is 1.81 (good observing conditions).,"The ephemeris remains relatively well constrained (2.2 minute uncertainty), but the target has not been observed recently and would benefit from maintenance observations.",This target has a low ExoClock priority. 14 recent observations indicate strong monitoring coverage. No recent literature activity was identified.,This is a moderate priority target,This target has only partial visibility.,"{'priority': 'This is a moderate priority target', 'score': 1.8339999999999999, 'visibility': 'Poor observability. Only 0% of the transit is observable. Peak altitude reaches 47°. Average airmass is 1.81 (good observing conditions).', 'ephemeris': 'The ephemeris remains relatively well constrained (2.2 minute uncertainty), but the target has not been observed recently and would benefit from maintenance observations.', 'science': 'This target has a low ExoClock priority. 14 recent observations indicate strong monitoring coverage. No recent literature activity was identified.', 'coordination': 'This target has only partial visibility.', 'network': False, 'campaign': False}","This is a moderate priority target. The ephemeris remains relatively well constrained (2.2 minute uncertainty), but the target has not been observed recently and would benefit from maintenance observations.. Poor observability. Only 0% of the transit is observable. Peak altitude reaches 47°. Average airmass is 1.81 (good observing conditions).. This target has a low ExoClock priority. 14 recent observations indicate strong monitoring coverage. No recent literature activity was identified..",—
TOI-2803Ab_800,TOI-2803Ab,800,0.7877997715155557,90.0,6.09,2459678.63667,1.96229283,3.09,12.544,12.486,23.51,1.37,6.65,93.11473624999999,-23.49254666666667,0,medium,,15.28823809645169,True,False,0,29.75,1569.44668154791,2459678.63667,0,0,,,,2026-07-26 23:16:59.514,0.0,-59.49046454629812,-85.1965727024188,,0,2461248.5520777083,1.37,0.0685,none,3,0.5,6.65,10.368718343146314,0.43202993096442976,OK,True,1.5592057658866638,1.0,3,1.0,1,6.5,0.7647058823529411,1,1,3,1,2.3999999999999995,4,1.8099999999999996,1.8099999999999996,0,0.42105263157894735,0.5413533834586466,No significant transit timing variation signal currently detected.,Compatible with PIRATE. Target brightness is V=12.5 and the expected transit depth is 23.5 mmag. Estimated minimum aperture is 10 inches.,Poor observability. Only 0% of the transit is observable. Peak altitude reaches -59°.,"The ephemeris remains relatively well constrained (0.8 minute uncertainty), but the target has not been observed recently and would benefit from maintenance observations.",This target has a medium ExoClock priority. No recent transit observations have been reported. No recent literature activity was identified.,This is a moderate priority target,"For this target, multi-site coordination is recommended. This target has only partial visibility.","{'priority': 'This is a moderate priority target', 'score': 1.8099999999999996, 'visibility': 'Poor observability. Only 0% of the transit is observable. Peak altitude reaches -59°.', 'ephemeris': 'The ephemeris remains relatively well constrained (0.8 minute uncertainty), but the target has not been observed recently and would benefit from maintenance observations.', 'science': 'This target has a medium ExoClock priority. No recent transit observations have been reported. No recent literature activity was identified.', 'coordination': 'For this target, multi-site coordination is recommended. This target has only partial visibility.', 'network': True, 'campaign': False}","This is a moderate priority target. The ephemeris remains relatively well constrained (0.8 minute uncertainty), but the target has not been observed recently and would benefit from maintenance observations.. Poor observability. Only 0% of the transit is observable. Peak altitude reaches -59°.. This target has a medium ExoClock priority. No recent transit observations have been reported. No recent literature activity was identified.. requires multi-site coordination.",🌍 Network
WASP-43b_4423,WASP-43b,4423,0.09727553421381355,90.0,4.23,2457650.409087,0.813474057,1.23,12.4,12.08,29.73,-0.082,5.85,154.90837041666666,-9.806278611111113,25,low,,36.87886508715053,False,False,0,44.26,3597.6742646968924,2457650.409087,3,27,Investigating the Link Between Photometric Variability in Kepler Phase Curves and Dynamic Cloud Formation,2026ASTCS..1100115E,2026-06-00,2026-07-26 21:41:49.089,0.0,13.871727135972872,-37.919466348946216,20.12734968408612,0,2461248.3207070488,0.082,0.0041,none,4,0.6666666666666666,5.85,13.676677976169177,0.5698615823403824,OK,True,2.3378936711400304,1.0,2,0.038461538461538464,4,4.5,0.5294117647058824,1,1,4,1,2.0057692307692307,3,1.8008653846153846,1.8008653846153846,0,0.42105263157894735,0.5375939849624061,No significant transit timing variation signal currently detected.,Compatible with PIRATE. Target brightness is V=12.4 and the expected transit depth is 29.7 mmag. Estimated minimum aperture is 14 inches.,Poor observability. Only 0% of the transit is observable. Peak altitude reaches 14°. Average airmass is 20.13 (poor observing conditions).,"The ephemeris remains relatively well constrained (0.1 minute uncertainty), but the target has not been observed recently and would benefit from maintenance observations.","This target has a low ExoClock priority. 25 recent observations indicate strong monitoring coverage. 3 papers were identified in the last 12 months and 27 papers in the last 36 months. Latest publication: ""Investigating the Link Between Photometric Variability in Kepler Phase Curves and Dynamic Cloud Formation"".",This is a moderate priority target,This target has only partial visibility.,"{'priority': 'This is a moderate priority target', 'score': 1.8008653846153846, 'visibility': 'Poor observability. Only 0% of the transit is observable. Peak altitude reaches 14°. Average airmass is 20.13 (poor observing conditions).', 'ephemeris': 'The ephemeris remains relatively well constrained (0.1 minute uncertainty), but the target has not been observed recently and would benefit from maintenance observations.', 'science': 'This target has a low ExoClock priority. 25 recent observations indicate strong monitoring coverage. 3 papers were identified in the last 12 months and 27 papers in the last 36 months. Latest publication: ""Investigating the Link Between Photometric Variability in Kepler Phase Curves and Dynamic Cloud Formation"".', 'coordination': 'This target has only partial visibility.', 'network': False, 'campaign': False}","This is a moderate priority target. The ephemeris remains relatively well constrained (0.1 minute uncertainty), but the target has not been observed recently and would benefit from maintenance observations.. Poor observability. Only 0% of the transit is observable. Peak altitude reaches 14°. Average airmass is 20.13 (poor observing conditions).. This target has a low ExoClock priority. 25 recent observations indicate strong monitoring coverage. 3 papers were identified in the last 12 months and 27 papers in the last 36 months. Latest publication: ""Investigating the Link Between Photometric Variability in Kepler Phase Curves and Dynamic Cloud Formation""..",—
WASP-87b_1695,WASP-87b,1695,0.5787911752748129,90.0,6.05,2458396.33927,1.68279423,3.05,10.73,10.513,9.08,4.63,5.43,185.32469166666667,-52.84083305555556,1,medium,,17.827491600087075,True,False,0,33.65,2851.744081757497,2458396.33927,0,0,,,,2026-07-27 04:11:33.140,0.0,-49.159685800293964,-65.3075263178034,,0,2461248.591355787,4.63,0.23149999999999998,none,3,0.5,5.43,7.283460809916701,0.3034775337465292,OK,True,1.3413371657305158,1.0,3,0.5,1,6.5,0.7647058823529411,1,1,3,1,2.3249999999999997,4,1.7987499999999996,1.7987499999999996,0,0.42105263157894735,0.5338345864661654,No significant transit timing variation signal currently detected.,Compatible with PIRATE. Target brightness is V=10.7 and the expected transit depth is 9.1 mmag. Estimated minimum aperture is 7 inches.,Poor observability. Only 0% of the transit is observable. Peak altitude reaches -49°.,"The ephemeris remains relatively well constrained (0.6 minute uncertainty), but the target has not been observed recently and would benefit from maintenance observations.",This target has a medium ExoClock priority. 1 recent transit observations have been recorded. No recent literature activity was identified.,This is a moderate priority target,"For this target, multi-site coordination is recommended. This target has only partial visibility.","{'priority': 'This is a moderate priority target', 'score': 1.7987499999999996, 'visibility': 'Poor observability. Only 0% of the transit is observable. Peak altitude reaches -49°.', 'ephemeris': 'The ephemeris remains relatively well constrained (0.6 minute uncertainty), but the target has not been observed recently and would benefit from maintenance observations.', 'science': 'This target has a medium ExoClock priority. 1 recent transit observations have been recorded. No recent literature activity was identified.', 'coordination': 'For this target, multi-site coordination is recommended. This target has only partial visibility.', 'network': True, 'campaign': False}","This is a moderate priority target. The ephemeris remains relatively well constrained (0.6 minute uncertainty), but the target has not been observed recently and would benefit from maintenance observations.. Poor observability. Only 0% of the transit is observable. Peak altitude reaches -49°.. This target has a medium ExoClock priority. 1 recent transit observations have been recorded. No recent literature activity was identified.. requires multi-site coordination.",🌍 Network
HATS-35b_1095,HATS-35b,1095,0.5739807486109306,90.0,6.15,2459254.41147,1.82100027,3.15,12.56,12.55,14.34,0.6,6.79,296.68825416666664,-63.56559361111111,2,medium,,16.474462137229665,True,False,0,18.79,1993.6718808934093,2459254.41147,0,0,,,,2026-07-26 21:44:35.369,0.0,-2.420731045592938,-18.081941617259062,,0,2461248.4879093636,0.6,0.03,none,3,0.5,6.79,13.246488876637692,0.5519370365265704,OK,True,1.950882014232355,1.0,3,0.3333333333333333,1,6.5,0.7647058823529411,1,1,3,1,2.2999999999999994,4,1.795,1.795,0,0.42105263157894735,0.5263157894736842,No significant transit timing variation signal currently detected.,Compatible with PIRATE. Target brightness is V=12.6 and the expected transit depth is 14.3 mmag. Estimated minimum aperture is 13 inches.,Poor observability. Only 0% of the transit is observable. Peak altitude reaches -2°.,"The ephemeris remains relatively well constrained (0.6 minute uncertainty), but the target has not been observed recently and would benefit from maintenance observations.",This target has a medium ExoClock priority. 2 recent transit observations have been recorded. No recent literature activity was identified.,This is a moderate priority target,"For this target, multi-site coordination is recommended. This target has only partial visibility.","{'priority': 'This is a moderate priority target', 'score': 1.795, 'visibility': 'Poor observability. Only 0% of the transit is observable. Peak altitude reaches -2°.', 'ephemeris': 'The ephemeris remains relatively well constrained (0.6 minute uncertainty), but the target has not been observed recently and would benefit from maintenance observations.', 'science': 'This target has a medium ExoClock priority. 2 recent transit observations have been recorded. No recent literature activity was identified.', 'coordination': 'For this target, multi-site coordination is recommended. This target has only partial visibility.', 'network': True, 'campaign': False}","This is a moderate priority target. The ephemeris remains relatively well constrained (0.6 minute uncertainty), but the target has not been observed recently and would benefit from maintenance observations.. Poor observability. Only 0% of the transit is observable. Peak altitude reaches -2°.. This target has a medium ExoClock priority. 2 recent transit observations have been recorded. No recent literature activity was identified.. requires multi-site coordination.",🌍 Network
TOI-1107b_382,TOI-1107b,382,0.9062457152363359,90.0,7.92,2459690.8805,4.0782393,4.92,10.55,10.175,7.14,-0.55,5.91,155.6075754166667,-82.2188825,2,medium,,7.356115664914514,True,False,0,40.08,1557.2028513937257,2459690.8805,0,0,,,,2026-07-27 06:24:38.465,0.0,-29.519787781049594,-35.48934955259634,,0,2461248.8490563077,0.55,0.027500000000000004,none,3,0.5,5.91,5.952494111121969,0.2480205879634154,OK,True,1.0071902049275752,1.0,3,0.3333333333333333,1,5.706834699474354,0.6713923175852181,1,1,3,1,2.2999999999999994,4,1.795,1.795,0,0.42105263157894735,0.5263157894736842,No significant transit timing variation signal currently detected.,Compatible with PIRATE. Target brightness is V=10.6 and the expected transit depth is 7.1 mmag. Estimated minimum aperture is 6 inches.,Poor observability. Only 0% of the transit is observable. Peak altitude reaches -30°.,"The ephemeris remains relatively well constrained (0.9 minute uncertainty), but the target has not been observed recently and would benefit from maintenance observations.",This target has a medium ExoClock priority. 2 recent transit observations have been recorded. No recent literature activity was identified.,This is a moderate priority target,"For this target, multi-site coordination is recommended. This target has only partial visibility.","{'priority': 'This is a moderate priority target', 'score': 1.795, 'visibility': 'Poor observability. Only 0% of the transit is observable. Peak altitude reaches -30°.', 'ephemeris': 'The ephemeris remains relatively well constrained (0.9 minute uncertainty), but the target has not been observed recently and would benefit from maintenance observations.', 'science': 'This target has a medium ExoClock priority. 2 recent transit observations have been recorded. No recent literature activity was identified.', 'coordination': 'For this target, multi-site coordination is recommended. This target has only partial visibility.', 'network': True, 'campaign': False}","This is a moderate priority target. The ephemeris remains relatively well constrained (0.9 minute uncertainty), but the target has not been observed recently and would benefit from maintenance observations.. Poor observability. Only 0% of the transit is observable. Peak altitude reaches -30°.. This target has a medium ExoClock priority. 2 recent transit observations have been recorded. No recent literature activity was identified.. requires multi-site coordination.",🌍 Network
WASP-83b_645,WASP-83b,645,0.7822013493825877,90.0,6.42,2458041.68529,4.97129237,3.42,12.88,11.766,13.86,-2.18,5.33,190.15206124999997,-19.284297222222225,2,medium,,6.034648088903289,True,False,0,26.55,3206.398061752785,2458041.68529,0,0,,,,2026-07-26 16:02:01.068,0.0,42.26816507646104,20.550336166532595,1.8003687012653276,0,2461248.229179028,2.18,0.10900000000000001,none,3,0.5,5.33,14.984282889649437,0.6243451204020599,OK,True,2.811310110628412,1.0,3,0.3333333333333333,1,5.310394426670987,0.6247522854907044,1,1,3,1,2.2999999999999994,4,1.795,1.795,0,0.42105263157894735,0.5263157894736842,No significant transit timing variation signal currently detected.,Compatible with PIRATE. Target brightness is V=12.9 and the expected transit depth is 13.9 mmag. Estimated minimum aperture is 15 inches.,Poor observability. Only 0% of the transit is observable. Peak altitude reaches 42°. Average airmass is 1.80 (good observing conditions).,"The ephemeris remains relatively well constrained (0.8 minute uncertainty), but the target has not been observed recently and would benefit from maintenance observations.",This target has a medium ExoClock priority. 2 recent transit observations have been recorded. No recent literature activity was identified.,This is a moderate priority target,"For this target, multi-site coordination is recommended. This target has only partial visibility.","{'priority': 'This is a moderate priority target', 'score': 1.795, 'visibility': 'Poor observability. Only 0% of the transit is observable. Peak altitude reaches 42°. Average airmass is 1.80 (good observing conditions).', 'ephemeris': 'The ephemeris remains relatively well constrained (0.8 minute uncertainty), but the target has not been observed recently and would benefit from maintenance observations.', 'science': 'This target has a medium ExoClock priority. 2 recent transit observations have been recorded. No recent literature activity was identified.', 'coordination': 'For this target, multi-site coordination is recommended. This target has only partial visibility.', 'network': True, 'campaign': False}","This is a moderate priority target. The ephemeris remains relatively well constrained (0.8 minute uncertainty), but the target has not been observed recently and would benefit from maintenance observations.. Poor observability. Only 0% of the transit is observable. Peak altitude reaches 42°. Average airmass is 1.80 (good observing conditions).. This target has a medium ExoClock priority. 2 recent transit observations have been recorded. No recent literature activity was identified.. requires multi-site coordination.",🌍 Network
WASP-19b_5060,WASP-19b,5060,0.1399956002417195,90.0,4.66,2457257.025896,0.788838987,1.66,12.31,12.12,22.96,-0.24,5.92,148.416985,-45.65918194444444,3,low,,38.03057467290216,False,False,0,29.31,3991.0574556505308,2457257.025896,4,8,"VizieR Online Data Catalog: Midtransit times &amp; orbit parameters of WASP-19b (Biswas+, 2025)",2026yCat..51700133B,2026-06-00,2026-07-27 01:12:31.924,0.0,-45.61104520488367,-72.51311444108381,,0,2461248.4670361574,0.24,0.012,none,4,0.6666666666666666,5.92,12.852589766941708,0.5355245736225712,OK,True,2.1710455687401535,1.0,2,0.25,2,4.5,0.5294117647058824,1,1,4,1,1.7375,3,1.7606249999999999,1.7606249999999999,0,0.42105263157894735,0.518796992481203,No significant transit timing variation signal currently detected.,Compatible with PIRATE. Target brightness is V=12.3 and the expected transit depth is 23.0 mmag. Estimated minimum aperture is 13 inches.,Poor observability. Only 0% of the transit is observable. Peak altitude reaches -46°.,"The ephemeris remains relatively well constrained (0.1 minute uncertainty), but the target has not been observed recently and would benefit from maintenance observations.","This target has a low ExoClock priority. 3 recent observations indicate moderate monitoring coverage. 4 papers were identified in the last 12 months and 8 papers in the last 36 months. Latest publication: ""VizieR Online Data Catalog: Midtransit times &amp; orbit parameters of WASP-19b (Biswas+, 2025)"".",This is a moderate priority target,This target has only partial visibility.,"{'priority': 'This is a moderate priority target', 'score': 1.7606249999999999, 'visibility': 'Poor observability. Only 0% of the transit is observable. Peak altitude reaches -46°.', 'ephemeris': 'The ephemeris remains relatively well constrained (0.1 minute uncertainty), but the target has not been observed recently and would benefit from maintenance observations.', 'science': 'This target has a low ExoClock priority. 3 recent observations indicate moderate monitoring coverage. 4 papers were identified in the last 12 months and 8 papers in the last 36 months. Latest publication: ""VizieR Online Data Catalog: Midtransit times &amp; orbit parameters of WASP-19b (Biswas+, 2025)"".', 'coordination': 'This target has only partial visibility.', 'network': False, 'campaign': False}","This is a moderate priority target. The ephemeris remains relatively well constrained (0.1 minute uncertainty), but the target has not been observed recently and would benefit from maintenance observations.. Poor observability. Only 0% of the transit is observable. Peak altitude reaches -46°.. This target has a low ExoClock priority. 3 recent observations indicate moderate monitoring coverage. 4 papers were identified in the last 12 months and 8 papers in the last 36 months. Latest publication: ""VizieR Online Data Catalog: Midtransit times &amp; orbit parameters of WASP-19b (Biswas+, 2025)""..",—
Qatar-1b_2301,Qatar-1b,2301,0.11199748985084262,90.0,4.66,2457980.733187,1.420024447,1.66,12.84,12.65,25.4,0.153,7.02,303.3817399999999,65.16208055555556,55,low,,21.12639684716639,False,False,0,27.71,3267.3501642560586,2457980.733187,2,5,Transit Depth Variability and Observational Effects in the Hot Jupiter Qatar-1b,2026ASTCS..1100136K,2026-06-00,2026-07-26 17:00:26.393,0.0,25.14537899092533,6.286022125695494,4.659919803910068,0,2461248.2905832524,0.153,0.00765,none,4,0.6666666666666666,7.02,15.597670058699563,0.6499029191124818,OK,True,2.221890321752075,1.0,2,0.017857142857142856,2,4.5,0.5294117647058824,1,1,4,1,1.7026785714285715,3,1.7554017857142858,1.7554017857142858,0,0.42105263157894735,0.5150375939849624,No significant transit timing variation signal currently detected.,Compatible with PIRATE. Target brightness is V=12.8 and the expected transit depth is 25.4 mmag. Estimated minimum aperture is 16 inches.,Poor observability. Only 0% of the transit is observable. Peak altitude reaches 25°. Average airmass is 4.66 (poor observing conditions).,"The ephemeris remains relatively well constrained (0.1 minute uncertainty), but the target has not been observed recently and would benefit from maintenance observations.","This target has a low ExoClock priority. 55 recent observations indicate strong monitoring coverage. 2 papers were identified in the last 12 months and 5 papers in the last 36 months. Latest publication: ""Transit Depth Variability and Observational Effects in the Hot Jupiter Qatar-1b"".",This is a moderate priority target,This target has only partial visibility.,"{'priority': 'This is a moderate priority target', 'score': 1.7554017857142858, 'visibility': 'Poor observability. Only 0% of the transit is observable. Peak altitude reaches 25°. Average airmass is 4.66 (poor observing conditions).', 'ephemeris': 'The ephemeris remains relatively well constrained (0.1 minute uncertainty), but the target has not been observed recently and would benefit from maintenance observations.', 'science': 'This target has a low ExoClock priority. 55 recent observations indicate strong monitoring coverage. 2 papers were identified in the last 12 months and 5 papers in the last 36 months. Latest publication: ""Transit Depth Variability and Observational Effects in the Hot Jupiter Qatar-1b"".', 'coordination': 'This target has only partial visibility.', 'network': False, 'campaign': False}","This is a moderate priority target. The ephemeris remains relatively well constrained (0.1 minute uncertainty), but the target has not been observed recently and would benefit from maintenance observations.. Poor observability. Only 0% of the transit is observable. Peak altitude reaches 25°. Average airmass is 4.66 (poor observing conditions).. This target has a low ExoClock priority. 55 recent observations indicate strong monitoring coverage. 2 papers were identified in the last 12 months and 5 papers in the last 36 months. Latest publication: ""Transit Depth Variability and Observational Effects in the Hot Jupiter Qatar-1b""..",—
HATS-10b_1243,HATS-10b,1243,1.3932093636149987,90.0,6.029999999999999,2457130.38683,3.31282814,3.03,13.113,12.753,10.55,-0.67,8.82,294.3068133333333,-22.20447638888889,1,medium,,9.055706705026962,True,False,0,9.94,4117.696520863101,2457130.38683,0,0,,,,2026-07-26 17:33:13.590,0.0,2.723387886593731,-47.789649729026834,57.67599809305773,0,2461248.313351736,0.67,0.0335,none,1,0.16666666666666666,8.82,20.313421849935345,0.8463925770806394,OK,True,2.3031090532806515,1.0,3,0.5,1,6.216712011508089,0.731377883706834,2,1,1,1,2.3249999999999997,4,1.7487499999999998,1.7487499999999998,0,0.42105263157894735,0.5112781954887218,No significant transit timing variation signal currently detected.,Compatible with PIRATE. Target brightness is V=13.1 and the expected transit depth is 10.6 mmag. Estimated minimum aperture is 20 inches.,Poor observability. Only 0% of the transit is observable. Peak altitude reaches 3°. Average airmass is 57.68 (poor observing conditions).,"The ephemeris remains relatively well constrained (1.4 minute uncertainty), but the target has not been observed recently and would benefit from maintenance observations.",This target has a medium ExoClock priority. 1 recent transit observations have been recorded. No recent literature activity was identified.,This is a moderate priority target,"For this target, multi-site coordination is recommended. This target has only partial visibility.","{'priority': 'This is a moderate priority target', 'score': 1.7487499999999998, 'visibility': 'Poor observability. Only 0% of the transit is observable. Peak altitude reaches 3°. Average airmass is 57.68 (poor observing conditions).', 'ephemeris': 'The ephemeris remains relatively well constrained (1.4 minute uncertainty), but the target has not been observed recently and would benefit from maintenance observations.', 'science': 'This target has a medium ExoClock priority. 1 recent transit observations have been recorded. No recent literature activity was identified.', 'coordination': 'For this target, multi-site coordination is recommended. This target has only partial visibility.', 'network': True, 'campaign': False}","This is a moderate priority target. The ephemeris remains relatively well constrained (1.4 minute uncertainty), but the target has not been observed recently and would benefit from maintenance observations.. Poor observability. Only 0% of the transit is observable. Peak altitude reaches 3°. Average airmass is 57.68 (poor observing conditions).. This target has a medium ExoClock priority. 1 recent transit observations have been recorded. No recent literature activity was identified.. requires multi-site coordination.",🌍 Network
WASP-186b_349,WASP-186b,349,0.8481981994793266,90.0,5.7,2459494.4842,5.026797,2.7,10.81,10.459,6.13,0.01,8.13,18.995211666666666,21.616946111111112,2,medium,,5.968015020300203,False,False,0,22.64,1753.5991518925875,2459494.4842,0,0,,,,2026-07-27 08:03:11.716,0.0,83.4565560655689,36.173133689969156,1.198864277149455,0,2461248.752218935,0.01,0.0005,none,4,0.6666666666666666,8.13,9.775039305154442,0.4072933043814351,OK,True,1.2023418579525758,1.0,3,0.3333333333333333,1,3.2904045060900606,0.3871064124811836,1,1,4,1,2.2999999999999994,2,1.7449999999999999,1.7449999999999999,0,0.42105263157894735,0.5075187969924813,No significant transit timing variation signal currently detected.,Compatible with PIRATE. Target brightness is V=10.8 and the expected transit depth is 6.1 mmag. Estimated minimum aperture is 10 inches.,Poor observability. Only 0% of the transit is observable. Peak altitude reaches 83°. Average airmass is 1.20 (excellent observing conditions).,"The ephemeris remains relatively well constrained (0.8 minute uncertainty), but the target has not been observed recently and would benefit from maintenance observations.",This target has a medium ExoClock priority. 2 recent transit observations have been recorded. No recent literature activity was identified.,This is a moderate priority target,This target has only partial visibility.,"{'priority': 'This is a moderate priority target', 'score': 1.7449999999999999, 'visibility': 'Poor observability. Only 0% of the transit is observable. Peak altitude reaches 83°. Average airmass is 1.20 (excellent observing conditions).', 'ephemeris': 'The ephemeris remains relatively well constrained (0.8 minute uncertainty), but the target has not been observed recently and would benefit from maintenance observations.', 'science': 'This target has a medium ExoClock priority. 2 recent transit observations have been recorded. No recent literature activity was identified.', 'coordination': 'This target has only partial visibility.', 'network': False, 'campaign': False}","This is a moderate priority target. The ephemeris remains relatively well constrained (0.8 minute uncertainty), but the target has not been observed recently and would benefit from maintenance observations.. Poor observability. Only 0% of the transit is observable. Peak altitude reaches 83°. Average airmass is 1.20 (excellent observing conditions).. This target has a medium ExoClock priority. 2 recent transit observations have been recorded. No recent literature activity was identified..",—
HATS-24b_1441,HATS-24b,1441,0.41973212309491464,90.0,5.45,2459305.29725,1.34849667,2.45,12.83,12.82,22.23,1.09,7.43,268.89069708333335,-61.747324166666665,3,low,,22.246995982570724,False,False,0,21.92,1942.7861008797772,2459305.29725,0,0,,,,2026-07-26 23:31:25.024,0.0,-0.053618010245854275,-5.944566079129848,,0,2461248.448206296,1.09,0.05450000000000001,none,4,0.6666666666666666,7.43,13.660854261514793,0.5692022608964497,OK,True,1.8386075722092587,1.0,2,0.25,1,4.5,0.5294117647058824,1,1,4,1,1.5875,3,1.738125,1.738125,0,0.42105263157894735,0.4981203007518797,No significant transit timing variation signal currently detected.,Compatible with PIRATE. Target brightness is V=12.8 and the expected transit depth is 22.2 mmag. Estimated minimum aperture is 14 inches.,Poor observability. Only 0% of the transit is observable. Peak altitude reaches -0°.,"The ephemeris remains relatively well constrained (0.4 minute uncertainty), but the target has not been observed recently and would benefit from maintenance observations.",This target has a low ExoClock priority. 3 recent observations indicate moderate monitoring coverage. No recent literature activity was identified.,This is a moderate priority target,This target has only partial visibility.,"{'priority': 'This is a moderate priority target', 'score': 1.738125, 'visibility': 'Poor observability. Only 0% of the transit is observable. Peak altitude reaches -0°.', 'ephemeris': 'The ephemeris remains relatively well constrained (0.4 minute uncertainty), but the target has not been observed recently and would benefit from maintenance observations.', 'science': 'This target has a low ExoClock priority. 3 recent observations indicate moderate monitoring coverage. No recent literature activity was identified.', 'coordination': 'This target has only partial visibility.', 'network': False, 'campaign': False}","This is a moderate priority target. The ephemeris remains relatively well constrained (0.4 minute uncertainty), but the target has not been observed recently and would benefit from maintenance observations.. Poor observability. Only 0% of the transit is observable. Peak altitude reaches -0°.. This target has a low ExoClock priority. 3 recent observations indicate moderate monitoring coverage. No recent literature activity was identified..",—
HATS-30b_768,HATS-30b,768,0.6106958339468271,90.0,5.76,2458810.54139,3.17435059,2.76,12.205,12.19,16.11,-1.08,6.05,5.618716666666666,-59.942568055555554,3,low,,9.45075194104505,False,False,0,25.2,2437.5419608885422,2458810.54139,0,0,,,,2026-07-26 22:36:15.182,0.0,-14.60301463544469,-43.43074109154188,,0,2461248.523786829,1.08,0.054000000000000006,none,4,0.6666666666666666,6.05,11.337787696967958,0.4724078207069982,OK,True,1.8740144953666047,1.0,2,0.25,1,4.335225582313515,0.5100265390957076,1,1,4,1,1.5875,3,1.738125,1.738125,0,0.42105263157894735,0.4981203007518797,No significant transit timing variation signal currently detected.,Compatible with PIRATE. Target brightness is V=12.2 and the expected transit depth is 16.1 mmag. Estimated minimum aperture is 11 inches.,Poor observability. Only 0% of the transit is observable. Peak altitude reaches -15°.,"The ephemeris remains relatively well constrained (0.6 minute uncertainty), but the target has not been observed recently and would benefit from maintenance observations.",This target has a low ExoClock priority. 3 recent observations indicate moderate monitoring coverage. No recent literature activity was identified.,This is a moderate priority target,This target has only partial visibility.,"{'priority': 'This is a moderate priority target', 'score': 1.738125, 'visibility': 'Poor observability. Only 0% of the transit is observable. Peak altitude reaches -15°.', 'ephemeris': 'The ephemeris remains relatively well constrained (0.6 minute uncertainty), but the target has not been observed recently and would benefit from maintenance observations.', 'science': 'This target has a low ExoClock priority. 3 recent observations indicate moderate monitoring coverage. No recent literature activity was identified.', 'coordination': 'This target has only partial visibility.', 'network': False, 'campaign': False}","This is a moderate priority target. The ephemeris remains relatively well constrained (0.6 minute uncertainty), but the target has not been observed recently and would benefit from maintenance observations.. Poor observability. Only 0% of the transit is observable. Peak altitude reaches -15°.. This target has a low ExoClock priority. 3 recent observations indicate moderate monitoring coverage. No recent literature activity was identified..",—
WASP-46b_2156,WASP-46b,2156,0.32660874847211824,90.0,4.65,2458164.37754,1.430371864,1.65,12.9,13.06,21.92,1.09,8.07,318.736915,-55.87179444444445,3,low,,20.97356691294649,False,False,0,16.78,3083.7058117021807,2458164.37754,0,0,,,,2026-07-26 18:12:12.503,0.0,-22.347906503360917,-54.43745494683793,,0,2461248.3404224883,1.09,0.05450000000000001,none,4,0.6666666666666666,8.07,17.312842760734917,0.7213684483639549,OK,True,2.1453336754318357,1.0,2,0.25,1,4.5,0.5294117647058824,1,1,4,1,1.5875,3,1.738125,1.738125,0,0.42105263157894735,0.4981203007518797,No significant transit timing variation signal currently detected.,Compatible with PIRATE. Target brightness is V=12.9 and the expected transit depth is 21.9 mmag. Estimated minimum aperture is 17 inches.,Poor observability. Only 0% of the transit is observable. Peak altitude reaches -22°.,"The ephemeris remains relatively well constrained (0.3 minute uncertainty), but the target has not been observed recently and would benefit from maintenance observations.",This target has a low ExoClock priority. 3 recent observations indicate moderate monitoring coverage. No recent literature activity was identified.,This is a moderate priority target,This target has only partial visibility.,"{'priority': 'This is a moderate priority target', 'score': 1.738125, 'visibility': 'Poor observability. Only 0% of the transit is observable. Peak altitude reaches -22°.', 'ephemeris': 'The ephemeris remains relatively well constrained (0.3 minute uncertainty), but the target has not been observed recently and would benefit from maintenance observations.', 'science': 'This target has a low ExoClock priority. 3 recent observations indicate moderate monitoring coverage. No recent literature activity was identified.', 'coordination': 'This target has only partial visibility.', 'network': False, 'campaign': False}","This is a moderate priority target. The ephemeris remains relatively well constrained (0.3 minute uncertainty), but the target has not been observed recently and would benefit from maintenance observations.. Poor observability. Only 0% of the transit is observable. Peak altitude reaches -22°.. This target has a low ExoClock priority. 3 recent observations indicate moderate monitoring coverage. No recent literature activity was identified..",—
WASP-110b_363,WASP-110b,363,1.026434272724669,90.0,5.83,2459876.83674,3.778397,2.83,12.59,12.64,25.6,2.41,6.99,305.8726820833333,-44.05847472222222,3,low,,7.939875031660252,False,False,0,31.45,1371.2466117953882,2459876.83674,0,0,,,,2026-07-26 21:27:25.943,0.0,13.672735165118537,-16.87091102515143,19.432062852019826,0,2461248.475994711,2.41,0.12050000000000001,none,4,0.6666666666666666,6.99,10.605165034694,0.44188187644558335,OK,True,1.5171909920878397,1.0,2,0.25,1,3.8819625094980754,0.45670147170565595,1,1,4,1,1.5875,3,1.738125,1.738125,0,0.42105263157894735,0.4981203007518797,No significant transit timing variation signal currently detected.,Compatible with PIRATE. Target brightness is V=12.6 and the expected transit depth is 25.6 mmag. Estimated minimum aperture is 11 inches.,Poor observability. Only 0% of the transit is observable. Peak altitude reaches 14°. Average airmass is 19.43 (poor observing conditions).,"The ephemeris remains relatively well constrained (1.0 minute uncertainty), but the target has not been observed recently and would benefit from maintenance observations.",This target has a low ExoClock priority. 3 recent observations indicate moderate monitoring coverage. No recent literature activity was identified.,This is a moderate priority target,This target has only partial visibility.,"{'priority': 'This is a moderate priority target', 'score': 1.738125, 'visibility': 'Poor observability. Only 0% of the transit is observable. Peak altitude reaches 14°. Average airmass is 19.43 (poor observing conditions).', 'ephemeris': 'The ephemeris remains relatively well constrained (1.0 minute uncertainty), but the target has not been observed recently and would benefit from maintenance observations.', 'science': 'This target has a low ExoClock priority. 3 recent observations indicate moderate monitoring coverage. No recent literature activity was identified.', 'coordination': 'This target has only partial visibility.', 'network': False, 'campaign': False}","This is a moderate priority target. The ephemeris remains relatively well constrained (1.0 minute uncertainty), but the target has not been observed recently and would benefit from maintenance observations.. Poor observability. Only 0% of the transit is observable. Peak altitude reaches 14°. Average airmass is 19.43 (poor observing conditions).. This target has a low ExoClock priority. 3 recent observations indicate moderate monitoring coverage. No recent literature activity was identified..",—
WASP-164b_1318,WASP-164b,1318,0.4232349856238522,90.0,4.62,2458906.35171,1.77713697,1.62,12.62,12.48,15.67,0.88,6.64,344.87341125,-60.44780972222222,4,low,,16.881084860892855,False,False,0,15.71,2341.731641860213,2458906.35171,0,0,,,,2026-07-27 02:49:06.447,0.0,1.3992144721592565,-5.867812743282834,225.7784341235819,0,2461248.657713507,0.88,0.044,none,4,0.6666666666666666,6.64,18.16513484864653,0.7568806186936055,OK,True,2.7357130796154414,1.0,2,0.2,1,4.5,0.5294117647058824,1,1,4,1,1.5799999999999998,3,1.7369999999999999,1.7369999999999999,0,0.42105263157894735,0.48872180451127817,No significant transit timing variation signal currently detected.,Compatible with PIRATE. Target brightness is V=12.6 and the expected transit depth is 15.7 mmag. Estimated minimum aperture is 18 inches.,Poor observability. Only 0% of the transit is observable. Peak altitude reaches 1°. Average airmass is 225.78 (poor observing conditions).,"The ephemeris remains relatively well constrained (0.4 minute uncertainty), but the target has not been observed recently and would benefit from maintenance observations.",This target has a low ExoClock priority. 4 recent observations indicate moderate monitoring coverage. No recent literature activity was identified.,This is a moderate priority target,This target has only partial visibility.,"{'priority': 'This is a moderate priority target', 'score': 1.7369999999999999, 'visibility': 'Poor observability. Only 0% of the transit is observable. Peak altitude reaches 1°. Average airmass is 225.78 (poor observing conditions).', 'ephemeris': 'The ephemeris remains relatively well constrained (0.4 minute uncertainty), but the target has not been observed recently and would benefit from maintenance observations.', 'science': 'This target has a low ExoClock priority. 4 recent observations indicate moderate monitoring coverage. No recent literature activity was identified.', 'coordination': 'This target has only partial visibility.', 'network': False, 'campaign': False}","This is a moderate priority target. The ephemeris remains relatively well constrained (0.4 minute uncertainty), but the target has not been observed recently and would benefit from maintenance observations.. Poor observability. Only 0% of the transit is observable. Peak altitude reaches 1°. Average airmass is 225.78 (poor observing conditions).. This target has a low ExoClock priority. 4 recent observations indicate moderate monitoring coverage. No recent literature activity was identified..",—
TOI-1268b_214,TOI-1268b,214,0.7665683616324483,90.0,6.92,2459503.04701,8.157727,3.92,10.92,10.441,10.74,1.31,5.0,198.3892033333333,62.30544583333333,5,low,,3.677494968880425,True,False,0,49.4,1745.0363414171152,2459503.04701,0,0,,,,2026-07-27 07:11:41.620,0.0,8.090605537459105,0.4690889112108031,50.51730787995784,0,2461248.881731713,1.31,0.0655,none,4,0.6666666666666666,5.0,6.447412509057794,0.26864218787740807,OK,True,1.2894825018115588,1.0,2,0.16666666666666666,1,4.603248490664127,0.5415586459604855,1,1,4,1,1.5749999999999997,3,1.7362499999999998,1.7362499999999998,0,0.42105263157894735,0.4830827067669173,No significant transit timing variation signal currently detected.,Compatible with PIRATE. Target brightness is V=10.9 and the expected transit depth is 10.7 mmag. Estimated minimum aperture is 6 inches.,Poor observability. Only 0% of the transit is observable. Peak altitude reaches 8°. Average airmass is 50.52 (poor observing conditions).,"The ephemeris remains relatively well constrained (0.8 minute uncertainty), but the target has not been observed recently and would benefit from maintenance observations.",This target has a low ExoClock priority. 5 recent observations indicate moderate monitoring coverage. No recent literature activity was identified.,This is a moderate priority target,"For this target, multi-site coordination is recommended. This target has only partial visibility.","{'priority': 'This is a moderate priority target', 'score': 1.7362499999999998, 'visibility': 'Poor observability. Only 0% of the transit is observable. Peak altitude reaches 8°. Average airmass is 50.52 (poor observing conditions).', 'ephemeris': 'The ephemeris remains relatively well constrained (0.8 minute uncertainty), but the target has not been observed recently and would benefit from maintenance observations.', 'science': 'This target has a low ExoClock priority. 5 recent observations indicate moderate monitoring coverage. No recent literature activity was identified.', 'coordination': 'For this target, multi-site coordination is recommended. This target has only partial visibility.', 'network': True, 'campaign': False}","This is a moderate priority target. The ephemeris remains relatively well constrained (0.8 minute uncertainty), but the target has not been observed recently and would benefit from maintenance observations.. Poor observability. Only 0% of the transit is observable. Peak altitude reaches 8°. Average airmass is 50.52 (poor observing conditions).. This target has a low ExoClock priority. 5 recent observations indicate moderate monitoring coverage. No recent literature activity was identified.. requires multi-site coordination.",🌍 Network
WASP-163b_1120,WASP-163b,1120,0.7565669554084644,90.0,5.26,2459446.05704,1.60968837,2.26,12.663,12.276,18.07,0.14,6.22,256.53755458333336,-10.412983888888888,5,low,,18.637147760469936,False,False,0,26.41,1802.0263118566945,2459446.05704,0,0,,,,2026-07-27 09:46:23.261,0.0,-55.27167783612529,-72.14749313298655,,0,2461248.823880336,0.14,0.007000000000000001,none,4,0.6666666666666666,6.22,14.608221181359042,0.6086758825566267,OK,True,2.3485886143664056,1.0,2,0.16666666666666666,1,4.5,0.5294117647058824,1,1,4,1,1.5749999999999997,3,1.7362499999999998,1.7362499999999998,0,0.42105263157894735,0.4830827067669173,No significant transit timing variation signal currently detected.,Compatible with PIRATE. Target brightness is V=12.7 and the expected transit depth is 18.1 mmag. Estimated minimum aperture is 15 inches.,Poor observability. Only 0% of the transit is observable. Peak altitude reaches -55°.,"The ephemeris remains relatively well constrained (0.8 minute uncertainty), but the target has not been observed recently and would benefit from maintenance observations.",This target has a low ExoClock priority. 5 recent observations indicate moderate monitoring coverage. No recent literature activity was identified.,This is a moderate priority target,This target has only partial visibility.,"{'priority': 'This is a moderate priority target', 'score': 1.7362499999999998, 'visibility': 'Poor observability. Only 0% of the transit is observable. Peak altitude reaches -55°.', 'ephemeris': 'The ephemeris remains relatively well constrained (0.8 minute uncertainty), but the target has not been observed recently and would benefit from maintenance observations.', 'science': 'This target has a low ExoClock priority. 5 recent observations indicate moderate monitoring coverage. No recent literature activity was identified.', 'coordination': 'This target has only partial visibility.', 'network': False, 'campaign': False}","This is a moderate priority target. The ephemeris remains relatively well constrained (0.8 minute uncertainty), but the target has not been observed recently and would benefit from maintenance observations.. Poor observability. Only 0% of the transit is observable. Peak altitude reaches -55°.. This target has a low ExoClock priority. 5 recent observations indicate moderate monitoring coverage. No recent literature activity was identified..",—
K2-29b_709,K2-29b,709,0.29305879546603697,90.0,5.220000000000001,2458938.26109,3.25883434,2.22,12.56,11.934,24.57,0.38,5.6,62.67034416666667,24.401750277777776,6,low,,9.205745634802659,False,False,0,37.09,2309.822261012625,2458938.26109,0,0,,,,2026-07-27 06:34:19.459,0.1,83.07335467220065,31.395658385497516,1.273364114213718,1,2461248.8557807757,0.38,0.019,none,4,0.6666666666666666,5.6,12.05456564250371,0.5022735684376546,OK,True,2.1526010075899484,1.0,2,0.14285714285714285,1,4.261723690440798,0.5013792576989173,1,1,4,1,1.5714285714285712,3,1.7357142857142855,1.7357142857142855,0,0.8458646616541353,0.47368421052631576,No significant transit timing variation signal currently detected.,Compatible with PIRATE. Target brightness is V=12.6 and the expected transit depth is 24.6 mmag. Estimated minimum aperture is 12 inches.,Poor observability. Only 10% of the transit is observable. Peak altitude reaches 83°. Average airmass is 1.27 (excellent observing conditions).,"The ephemeris remains relatively well constrained (0.3 minute uncertainty), but the target has not been observed recently and would benefit from maintenance observations.",This target has a low ExoClock priority. 6 recent observations indicate strong monitoring coverage. No recent literature activity was identified.,This is a moderate priority target,This target has only partial visibility.,"{'priority': 'This is a moderate priority target', 'score': 1.7357142857142855, 'visibility': 'Poor observability. Only 10% of the transit is observable. Peak altitude reaches 83°. Average airmass is 1.27 (excellent observing conditions).', 'ephemeris': 'The ephemeris remains relatively well constrained (0.3 minute uncertainty), but the target has not been observed recently and would benefit from maintenance observations.', 'science': 'This target has a low ExoClock priority. 6 recent observations indicate strong monitoring coverage. No recent literature activity was identified.', 'coordination': 'This target has only partial visibility.', 'network': False, 'campaign': False}","This is a moderate priority target. The ephemeris remains relatively well constrained (0.3 minute uncertainty), but the target has not been observed recently and would benefit from maintenance observations.. Poor observability. Only 10% of the transit is observable. Peak altitude reaches 83°. Average airmass is 1.27 (excellent observing conditions).. This target has a low ExoClock priority. 6 recent observations indicate strong monitoring coverage. No recent literature activity was identified..",—
WASP-65b_1026,WASP-65b,1026,0.2560051504481899,90.0,5.75,2458877.458483,2.31142053,2.75,12.45,11.76,17.15,0.78,5.32,133.3242858333333,8.523003055555556,6,low,,12.979031556840935,False,False,0,33.26,2370.624868729152,2458877.458483,0,0,,,,2026-07-27 11:24:12.618,0.0,69.69824298612991,26.783391145993427,1.3808997942005954,0,2461249.057090486,0.78,0.039,none,4,0.6666666666666666,5.32,12.323447594658893,0.5134769831107872,OK,True,2.316437517793025,1.0,2,0.14285714285714285,1,4.5,0.5294117647058824,1,1,4,1,1.5714285714285712,3,1.7357142857142855,1.7357142857142855,0,0.42105263157894735,0.47368421052631576,No significant transit timing variation signal currently detected.,Compatible with PIRATE. Target brightness is V=12.4 and the expected transit depth is 17.1 mmag. Estimated minimum aperture is 12 inches.,Poor observability. Only 0% of the transit is observable. Peak altitude reaches 70°. Average airmass is 1.38 (excellent observing conditions).,"The ephemeris remains relatively well constrained (0.3 minute uncertainty), but the target has not been observed recently and would benefit from maintenance observations.",This target has a low ExoClock priority. 6 recent observations indicate strong monitoring coverage. No recent literature activity was identified.,This is a moderate priority target,This target has only partial visibility.,"{'priority': 'This is a moderate priority target', 'score': 1.7357142857142855, 'visibility': 'Poor observability. Only 0% of the transit is observable. Peak altitude reaches 70°. Average airmass is 1.38 (excellent observing conditions).', 'ephemeris': 'The ephemeris remains relatively well constrained (0.3 minute uncertainty), but the target has not been observed recently and would benefit from maintenance observations.', 'science': 'This target has a low ExoClock priority. 6 recent observations indicate strong monitoring coverage. No recent literature activity was identified.', 'coordination': 'This target has only partial visibility.', 'network': False, 'campaign': False}","This is a moderate priority target. The ephemeris remains relatively well constrained (0.3 minute uncertainty), but the target has not been observed recently and would benefit from maintenance observations.. Poor observability. Only 0% of the transit is observable. Peak altitude reaches 70°. Average airmass is 1.38 (excellent observing conditions).. This target has a low ExoClock priority. 6 recent observations indicate strong monitoring coverage. No recent literature activity was identified..",—
WASP-156b_467,WASP-156b,467,0.6342077225308452,90.0,5.41,2459457.57218,3.83616303,2.41,11.587,11.063,6.43,0.32,9.18,32.78176499999999,2.418021111111111,6,low,,7.820314143426798,False,False,0,16.46,1790.5111718424596,2459457.57218,0,0,,,,2026-07-27 13:25:42.033,0.0,21.427571200443968,-30.242429647643156,13.656942196998452,0,2461248.9761809376,0.32,0.016,none,4,0.6666666666666666,9.18,14.448295785818464,0.6020123244091027,OK,True,1.5738884298277196,1.0,2,0.14285714285714285,1,3.8460942430280394,0.4524816756503576,1,1,4,1,1.5714285714285712,3,1.7357142857142855,1.7357142857142855,0,0.42105263157894735,0.47368421052631576,No significant transit timing variation signal currently detected.,Compatible with PIRATE. Target brightness is V=11.6 and the expected transit depth is 6.4 mmag. Estimated minimum aperture is 14 inches.,Poor observability. Only 0% of the transit is observable. Peak altitude reaches 21°. Average airmass is 13.66 (poor observing conditions).,"The ephemeris remains relatively well constrained (0.6 minute uncertainty), but the target has not been observed recently and would benefit from maintenance observations.",This target has a low ExoClock priority. 6 recent observations indicate strong monitoring coverage. No recent literature activity was identified.,This is a moderate priority target,This target has only partial visibility.,"{'priority': 'This is a moderate priority target', 'score': 1.7357142857142855, 'visibility': 'Poor observability. Only 0% of the transit is observable. Peak altitude reaches 21°. Average airmass is 13.66 (poor observing conditions).', 'ephemeris': 'The ephemeris remains relatively well constrained (0.6 minute uncertainty), but the target has not been observed recently and would benefit from maintenance observations.', 'science': 'This target has a low ExoClock priority. 6 recent observations indicate strong monitoring coverage. No recent literature activity was identified.', 'coordination': 'This target has only partial visibility.', 'network': False, 'campaign': False}","This is a moderate priority target. The ephemeris remains relatively well constrained (0.6 minute uncertainty), but the target has not been observed recently and would benefit from maintenance observations.. Poor observability. Only 0% of the transit is observable. Peak altitude reaches 21°. Average airmass is 13.66 (poor observing conditions).. This target has a low ExoClock priority. 6 recent observations indicate strong monitoring coverage. No recent literature activity was identified..",—
WASP-36b_2654,WASP-36b,2654,0.25301627270984056,90.0,4.82,2457168.698136,1.537365592,1.82,12.7,12.412,21.27,0.93,6.49,131.58040708333334,-8.026947777777778,7,low,,19.513901024005747,False,False,0,19.35,4079.385215688031,2457168.698136,0,0,,,,2026-07-27 08:46:29.260,0.0,35.399346885667015,-14.204118228301047,8.92730644880255,0,2461248.9475608794,0.93,0.0465,none,4,0.6666666666666666,6.49,15.2619909872437,0.6359162911351541,OK,True,2.351616484937396,1.0,2,0.125,1,4.5,0.5294117647058824,1,1,4,1,1.5687499999999999,3,1.7353125,1.7353125,0,0.42105263157894735,0.46616541353383456,No significant transit timing variation signal currently detected.,Compatible with PIRATE. Target brightness is V=12.7 and the expected transit depth is 21.3 mmag. Estimated minimum aperture is 15 inches.,Poor observability. Only 0% of the transit is observable. Peak altitude reaches 35°. Average airmass is 8.93 (poor observing conditions).,"The ephemeris remains relatively well constrained (0.3 minute uncertainty), but the target has not been observed recently and would benefit from maintenance observations.",This target has a low ExoClock priority. 7 recent observations indicate strong monitoring coverage. No recent literature activity was identified.,This is a moderate priority target,This target has only partial visibility.,"{'priority': 'This is a moderate priority target', 'score': 1.7353125, 'visibility': 'Poor observability. Only 0% of the transit is observable. Peak altitude reaches 35°. Average airmass is 8.93 (poor observing conditions).', 'ephemeris': 'The ephemeris remains relatively well constrained (0.3 minute uncertainty), but the target has not been observed recently and would benefit from maintenance observations.', 'science': 'This target has a low ExoClock priority. 7 recent observations indicate strong monitoring coverage. No recent literature activity was identified.', 'coordination': 'This target has only partial visibility.', 'network': False, 'campaign': False}","This is a moderate priority target. The ephemeris remains relatively well constrained (0.3 minute uncertainty), but the target has not been observed recently and would benefit from maintenance observations.. Poor observability. Only 0% of the transit is observable. Peak altitude reaches 35°. Average airmass is 8.93 (poor observing conditions).. This target has a low ExoClock priority. 7 recent observations indicate strong monitoring coverage. No recent literature activity was identified..",—
WASP-114b_1937,WASP-114b,1937,0.5585711472643359,90.0,5.83,2458249.03575,1.54877476,2.83,12.743,12.294,11.67,-0.29,6.96,327.66572041666666,10.462975277777778,9,low,,19.37015037615928,False,False,0,14.32,2999.047601803206,2458249.03575,0,0,,,,2026-07-27 12:16:47.371,0.0,-16.027318855807295,-50.745858457415295,,0,2461248.928326053,0.29,0.014499999999999999,none,4,0.6666666666666666,6.96,16.853961049688273,0.7022483770703447,OK,True,2.421546127828775,1.0,2,0.1,1,4.5,0.5294117647058824,1,1,4,1,1.5649999999999997,3,1.73475,1.73475,0,0.42105263157894735,0.45864661654135336,No significant transit timing variation signal currently detected.,Compatible with PIRATE. Target brightness is V=12.7 and the expected transit depth is 11.7 mmag. Estimated minimum aperture is 17 inches.,Poor observability. Only 0% of the transit is observable. Peak altitude reaches -16°.,"The ephemeris remains relatively well constrained (0.6 minute uncertainty), but the target has not been observed recently and would benefit from maintenance observations.",This target has a low ExoClock priority. 9 recent observations indicate strong monitoring coverage. No recent literature activity was identified.,This is a moderate priority target,This target has only partial visibility.,"{'priority': 'This is a moderate priority target', 'score': 1.73475, 'visibility': 'Poor observability. Only 0% of the transit is observable. Peak altitude reaches -16°.', 'ephemeris': 'The ephemeris remains relatively well constrained (0.6 minute uncertainty), but the target has not been observed recently and would benefit from maintenance observations.', 'science': 'This target has a low ExoClock priority. 9 recent observations indicate strong monitoring coverage. No recent literature activity was identified.', 'coordination': 'This target has only partial visibility.', 'network': False, 'campaign': False}","This is a moderate priority target. The ephemeris remains relatively well constrained (0.6 minute uncertainty), but the target has not been observed recently and would benefit from maintenance observations.. Poor observability. Only 0% of the transit is observable. Peak altitude reaches -16°.. This target has a low ExoClock priority. 9 recent observations indicate strong monitoring coverage. No recent literature activity was identified..",—
WASP-92b_1229,WASP-92b,1229,0.5243877175897647,90.0,5.8,2458575.52943,2.17467324,2.8,12.92,12.89,14.94,1.41,7.61,246.69207791666665,51.04108111111111,14,low,,13.795175959400686,False,False,0,14.59,2672.5539217730984,2458575.52943,0,0,,,,2026-07-26 16:50:56.362,0.0,54.39146551854865,17.898744130516313,1.8642078607469803,0,2461248.283985671,1.41,0.0705,none,4,0.6666666666666666,7.61,16.247117348981998,0.6769632228742499,OK,True,2.134969428249934,1.0,2,0.06666666666666667,1,4.5,0.5294117647058824,1,1,4,1,1.5599999999999998,3,1.734,1.734,0,0.42105263157894735,0.4548872180451128,No significant transit timing variation signal currently detected.,Compatible with PIRATE. Target brightness is V=12.9 and the expected transit depth is 14.9 mmag. Estimated minimum aperture is 16 inches.,Poor observability. Only 0% of the transit is observable. Peak altitude reaches 54°. Average airmass is 1.86 (good observing conditions).,"The ephemeris remains relatively well constrained (0.5 minute uncertainty), but the target has not been observed recently and would benefit from maintenance observations.",This target has a low ExoClock priority. 14 recent observations indicate strong monitoring coverage. No recent literature activity was identified.,This is a moderate priority target,This target has only partial visibility.,"{'priority': 'This is a moderate priority target', 'score': 1.734, 'visibility': 'Poor observability. Only 0% of the transit is observable. Peak altitude reaches 54°. Average airmass is 1.86 (good observing conditions).', 'ephemeris': 'The ephemeris remains relatively well constrained (0.5 minute uncertainty), but the target has not been observed recently and would benefit from maintenance observations.', 'science': 'This target has a low ExoClock priority. 14 recent observations indicate strong monitoring coverage. No recent literature activity was identified.', 'coordination': 'This target has only partial visibility.', 'network': False, 'campaign': False}","This is a moderate priority target. The ephemeris remains relatively well constrained (0.5 minute uncertainty), but the target has not been observed recently and would benefit from maintenance observations.. Poor observability. Only 0% of the transit is observable. Peak altitude reaches 54°. Average airmass is 1.86 (good observing conditions).. This target has a low ExoClock priority. 14 recent observations indicate strong monitoring coverage. No recent literature activity was identified..",—
HAT-P-19b_907,HAT-P-19b,907,0.4246842201813608,90.0,5.87,2457613.059809,4.00878324,2.87,12.901,12.82,26.46,0.31,7.43,9.516723333333333,34.71154222222223,17,low,,7.4835675076310695,False,False,0,34.82,3635.0235417857766,2457613.059809,0,0,,,,2026-07-27 12:36:35.160,0.0,24.98930784689158,-15.202762113823733,45.67425858424531,0,2461248.942073611,0.31,0.0155,none,4,0.6666666666666666,7.43,11.953491124139598,0.49806213017248324,OK,True,1.6088144177846027,1.0,2,0.05555555555555555,1,3.7450702522893207,0.44059650026933184,1,1,4,1,1.5583333333333331,3,1.73375,1.73375,0,0.42105263157894735,0.45112781954887216,No significant transit timing variation signal currently detected.,Compatible with PIRATE. Target brightness is V=12.9 and the expected transit depth is 26.5 mmag. Estimated minimum aperture is 12 inches.,Poor observability. Only 0% of the transit is observable. Peak altitude reaches 25°. Average airmass is 45.67 (poor observing conditions).,"The ephemeris remains relatively well constrained (0.4 minute uncertainty), but the target has not been observed recently and would benefit from maintenance observations.",This target has a low ExoClock priority. 17 recent observations indicate strong monitoring coverage. No recent literature activity was identified.,This is a moderate priority target,This target has only partial visibility.,"{'priority': 'This is a moderate priority target', 'score': 1.73375, 'visibility': 'Poor observability. Only 0% of the transit is observable. Peak altitude reaches 25°. Average airmass is 45.67 (poor observing conditions).', 'ephemeris': 'The ephemeris remains relatively well constrained (0.4 minute uncertainty), but the target has not been observed recently and would benefit from maintenance observations.', 'science': 'This target has a low ExoClock priority. 17 recent observations indicate strong monitoring coverage. No recent literature activity was identified.', 'coordination': 'This target has only partial visibility.', 'network': False, 'campaign': False}","This is a moderate priority target. The ephemeris remains relatively well constrained (0.4 minute uncertainty), but the target has not been observed recently and would benefit from maintenance observations.. Poor observability. Only 0% of the transit is observable. Peak altitude reaches 25°. Average airmass is 45.67 (poor observing conditions).. This target has a low ExoClock priority. 17 recent observations indicate strong monitoring coverage. No recent literature activity was identified..",—
HAT-P-36b_2114,HAT-P-36b,2114,0.23553087401178657,90.0,5.220000000000001,2458442.869734,1.327346889,2.22,12.15,12.27,20.66,0.87,6.21,188.26627541666667,44.9153325,37,low,,22.60147686231553,False,False,0,29.48,2805.2136168130673,2458442.869734,0,0,,,,2026-07-27 09:07:34.171,0.0,17.17161722082093,-12.948194964685852,26.54434378875697,0,2461248.9622010533,0.87,0.0435,none,4,0.6666666666666666,6.21,10.884011347052393,0.4535004727938497,OK,True,1.7526588320535255,1.0,2,0.02631578947368421,1,4.5,0.5294117647058824,1,1,4,1,1.5539473684210525,3,1.7330921052631578,1.7330921052631578,0,0.42105263157894735,0.4473684210526316,No significant transit timing variation signal currently detected.,Compatible with PIRATE. Target brightness is V=12.2 and the expected transit depth is 20.7 mmag. Estimated minimum aperture is 11 inches.,Poor observability. Only 0% of the transit is observable. Peak altitude reaches 17°. Average airmass is 26.54 (poor observing conditions).,"The ephemeris remains relatively well constrained (0.2 minute uncertainty), but the target has not been observed recently and would benefit from maintenance observations.",This target has a low ExoClock priority. 37 recent observations indicate strong monitoring coverage. No recent literature activity was identified.,This is a moderate priority target,This target has only partial visibility.,"{'priority': 'This is a moderate priority target', 'score': 1.7330921052631578, 'visibility': 'Poor observability. Only 0% of the transit is observable. Peak altitude reaches 17°. Average airmass is 26.54 (poor observing conditions).', 'ephemeris': 'The ephemeris remains relatively well constrained (0.2 minute uncertainty), but the target has not been observed recently and would benefit from maintenance observations.', 'science': 'This target has a low ExoClock priority. 37 recent observations indicate strong monitoring coverage. No recent literature activity was identified.', 'coordination': 'This target has only partial visibility.', 'network': False, 'campaign': False}","This is a moderate priority target. The ephemeris remains relatively well constrained (0.2 minute uncertainty), but the target has not been observed recently and would benefit from maintenance observations.. Poor observability. Only 0% of the transit is observable. Peak altitude reaches 17°. Average airmass is 26.54 (poor observing conditions).. This target has a low ExoClock priority. 37 recent observations indicate strong monitoring coverage. No recent literature activity was identified..",—
Qatar-10b_979,Qatar-10b,979,0.36122928120514497,90.0,5.77,2459638.208236,1.64532658,2.77,12.868,12.483,20.57,0.88,6.64,284.44397375,69.57085166666667,41,low,,18.233462198124823,False,False,0,21.52,1609.8751152735204,2459638.208236,0,0,,,,2026-07-27 11:34:18.372,0.0,10.656148492959153,7.908065655682708,6.635477454000414,0,2461248.89882375,0.88,0.044,none,4,0.6666666666666666,6.64,13.591694405051335,0.5663206002104723,OK,True,2.0469419284715866,1.0,2,0.023809523809523808,1,4.5,0.5294117647058824,1,1,4,1,1.5535714285714284,3,1.7330357142857142,1.7330357142857142,0,0.42105263157894735,0.44360902255639095,No significant transit timing variation signal currently detected.,Compatible with PIRATE. Target brightness is V=12.9 and the expected transit depth is 20.6 mmag. Estimated minimum aperture is 14 inches.,Poor observability. Only 0% of the transit is observable. Peak altitude reaches 11°. Average airmass is 6.64 (poor observing conditions).,"The ephemeris remains relatively well constrained (0.4 minute uncertainty), but the target has not been observed recently and would benefit from maintenance observations.",This target has a low ExoClock priority. 41 recent observations indicate strong monitoring coverage. No recent literature activity was identified.,This is a moderate priority target,This target has only partial visibility.,"{'priority': 'This is a moderate priority target', 'score': 1.7330357142857142, 'visibility': 'Poor observability. Only 0% of the transit is observable. Peak altitude reaches 11°. Average airmass is 6.64 (poor observing conditions).', 'ephemeris': 'The ephemeris remains relatively well constrained (0.4 minute uncertainty), but the target has not been observed recently and would benefit from maintenance observations.', 'science': 'This target has a low ExoClock priority. 41 recent observations indicate strong monitoring coverage. No recent literature activity was identified.', 'coordination': 'This target has only partial visibility.', 'network': False, 'campaign': False}","This is a moderate priority target. The ephemeris remains relatively well constrained (0.4 minute uncertainty), but the target has not been observed recently and would benefit from maintenance observations.. Poor observability. Only 0% of the transit is observable. Peak altitude reaches 11°. Average airmass is 6.64 (poor observing conditions).. This target has a low ExoClock priority. 41 recent observations indicate strong monitoring coverage. No recent literature activity was identified..",—
HAT-P-7b_2482,HAT-P-7b,2482,0.15500206472171765,90.0,6.95,2455776.724909,2.204736276,3.95,10.48,10.178,7.41,4.86,5.89,292.2473075,47.969504444444446,5,low,,13.60706961942327,True,False,0,37.18,5471.358441764023,2455776.724909,1,6,Probing Transit Timing Variations Amid Heteroscedasticity: Lessons from HAT-P-7b and TrES-2b,2025epsc.conf.1287B,2025-09-00,2026-07-27 09:06:32.714,0.0,12.8992940155826,-12.043111265396474,125.55165802692834,0,2461248.7962119677,4.86,0.24300000000000002,none,3,0.5,5.89,6.314267548451266,0.2630944811854694,OK,True,1.0720318418423203,1.0,2,0.16666666666666666,2,6.5,0.7647058823529411,1,1,3,1,1.7249999999999999,4,1.7087499999999998,1.7087499999999998,0,0.42105263157894735,0.4398496240601504,No significant transit timing variation signal currently detected.,Compatible with PIRATE. Target brightness is V=10.5 and the expected transit depth is 7.4 mmag. Estimated minimum aperture is 6 inches.,Poor observability. Only 0% of the transit is observable. Peak altitude reaches 13°. Average airmass is 125.55 (poor observing conditions).,"The ephemeris remains relatively well constrained (0.2 minute uncertainty), but the target has not been observed recently and would benefit from maintenance observations.","This target has a low ExoClock priority. 5 recent observations indicate moderate monitoring coverage. 1 papers were identified in the last 12 months and 6 papers in the last 36 months. Latest publication: ""Probing Transit Timing Variations Amid Heteroscedasticity: Lessons from HAT-P-7b and TrES-2b"".",This is a moderate priority target,"For this target, multi-site coordination is recommended. This target has only partial visibility.","{'priority': 'This is a moderate priority target', 'score': 1.7087499999999998, 'visibility': 'Poor observability. Only 0% of the transit is observable. Peak altitude reaches 13°. Average airmass is 125.55 (poor observing conditions).', 'ephemeris': 'The ephemeris remains relatively well constrained (0.2 minute uncertainty), but the target has not been observed recently and would benefit from maintenance observations.', 'science': 'This target has a low ExoClock priority. 5 recent observations indicate moderate monitoring coverage. 1 papers were identified in the last 12 months and 6 papers in the last 36 months. Latest publication: ""Probing Transit Timing Variations Amid Heteroscedasticity: Lessons from HAT-P-7b and TrES-2b"".', 'coordination': 'For this target, multi-site coordination is recommended. This target has only partial visibility.', 'network': True, 'campaign': False}","This is a moderate priority target. The ephemeris remains relatively well constrained (0.2 minute uncertainty), but the target has not been observed recently and would benefit from maintenance observations.. Poor observability. Only 0% of the transit is observable. Peak altitude reaches 13°. Average airmass is 125.55 (poor observing conditions).. This target has a low ExoClock priority. 5 recent observations indicate moderate monitoring coverage. 1 papers were identified in the last 12 months and 6 papers in the last 36 months. Latest publication: ""Probing Transit Timing Variations Amid Heteroscedasticity: Lessons from HAT-P-7b and TrES-2b"".. requires multi-site coordination.",🌍 Network
WASP-142b_1296,WASP-142b,1296,0.9024718590622567,90.0,5.76,2458588.48837,2.05286924,2.76,12.3,12.54,9.84,3.86,8.98,140.50639083333334,-23.946167222222222,2,medium,,14.613692589597182,False,False,0,10.29,2659.59498182917,2458588.48837,0,0,,,,2026-07-27 12:08:47.412,0.0,37.63941719212018,12.051035780677003,2.32520855281313,0,2461249.08804875,3.86,0.193,none,3,0.5,8.98,15.15578868878359,0.6314911953659829,OK,True,1.6877270254770143,1.0,3,0.3333333333333333,1,4.5,0.5294117647058824,1,1,3,1,2.2999999999999994,3,1.6949999999999998,1.6949999999999998,0,0.42105263157894735,0.43609022556390975,No significant transit timing variation signal currently detected.,Compatible with PIRATE. Target brightness is V=12.3 and the expected transit depth is 9.8 mmag. Estimated minimum aperture is 15 inches.,Poor observability. Only 0% of the transit is observable. Peak altitude reaches 38°. Average airmass is 2.33 (marginal observing conditions).,"The ephemeris remains relatively well constrained (0.9 minute uncertainty), but the target has not been observed recently and would benefit from maintenance observations.",This target has a medium ExoClock priority. 2 recent transit observations have been recorded. No recent literature activity was identified.,This is a moderate priority target,This target has only partial visibility.,"{'priority': 'This is a moderate priority target', 'score': 1.6949999999999998, 'visibility': 'Poor observability. Only 0% of the transit is observable. Peak altitude reaches 38°. Average airmass is 2.33 (marginal observing conditions).', 'ephemeris': 'The ephemeris remains relatively well constrained (0.9 minute uncertainty), but the target has not been observed recently and would benefit from maintenance observations.', 'science': 'This target has a medium ExoClock priority. 2 recent transit observations have been recorded. No recent literature activity was identified.', 'coordination': 'This target has only partial visibility.', 'network': False, 'campaign': False}","This is a moderate priority target. The ephemeris remains relatively well constrained (0.9 minute uncertainty), but the target has not been observed recently and would benefit from maintenance observations.. Poor observability. Only 0% of the transit is observable. Peak altitude reaches 38°. Average airmass is 2.33 (marginal observing conditions).. This target has a medium ExoClock priority. 2 recent transit observations have been recorded. No recent literature activity was identified..",—
HAT-P-4b_1354,HAT-P-4b,1354,0.35662288187182845,90.0,7.25,2457109.7776,3.05652325,4.25,11.12,10.848,9.84,-0.06,5.11,229.99133541666666,36.22964916666667,3,low,,9.815073384440966,True,False,0,35.33,4138.305750756059,2457109.7776,0,0,,,,2026-07-26 19:25:21.772,0.0,82.16281546507788,54.7174677018089,1.060600572395267,0,2461248.339835324,0.06,0.003,none,3,0.5,5.11,7.093141399482375,0.29554755831176566,OK,True,1.388090293440778,1.0,2,0.25,1,6.44452201533229,0.7581790606273282,1,1,3,1,1.5875,4,1.6881249999999999,1.6881249999999999,0,0.42105263157894735,0.4323308270676692,No significant transit timing variation signal currently detected.,Compatible with PIRATE. Target brightness is V=11.1 and the expected transit depth is 9.8 mmag. Estimated minimum aperture is 7 inches.,Poor observability. Only 0% of the transit is observable. Peak altitude reaches 82°. Average airmass is 1.06 (excellent observing conditions).,"The ephemeris remains relatively well constrained (0.4 minute uncertainty), but the target has not been observed recently and would benefit from maintenance observations.",This target has a low ExoClock priority. 3 recent observations indicate moderate monitoring coverage. No recent literature activity was identified.,This is a moderate priority target,"For this target, multi-site coordination is recommended. This target has only partial visibility.","{'priority': 'This is a moderate priority target', 'score': 1.6881249999999999, 'visibility': 'Poor observability. Only 0% of the transit is observable. Peak altitude reaches 82°. Average airmass is 1.06 (excellent observing conditions).', 'ephemeris': 'The ephemeris remains relatively well constrained (0.4 minute uncertainty), but the target has not been observed recently and would benefit from maintenance observations.', 'science': 'This target has a low ExoClock priority. 3 recent observations indicate moderate monitoring coverage. No recent literature activity was identified.', 'coordination': 'For this target, multi-site coordination is recommended. This target has only partial visibility.', 'network': True, 'campaign': False}","This is a moderate priority target. The ephemeris remains relatively well constrained (0.4 minute uncertainty), but the target has not been observed recently and would benefit from maintenance observations.. Poor observability. Only 0% of the transit is observable. Peak altitude reaches 82°. Average airmass is 1.06 (excellent observing conditions).. This target has a low ExoClock priority. 3 recent observations indicate moderate monitoring coverage. No recent literature activity was identified.. requires multi-site coordination.",🌍 Network
55Cnce_2300,55Cnce,2300,0.48552563516256525,90.0,4.5600000000000005,2459554.20747,0.73654635,1.56,5.96,5.4,0.45,0.0,71.29,133.14921375000003,28.33082111111111,0,high,,40.73063426354635,False,False,0,7.94,1693.8758806819096,2459554.20747,1,1,Volatile−Rich Magma─Atmosphere Equilibria on Hot Rocky Exoplanets,2025epsc.conf.1367M,2025-09-00,2026-07-26 18:19:06.897,0.0,55.70832684610441,6.081363566973081,2.729486548074175,0,2461248.1799409376,0.0,0.0,none,2,0.3333333333333333,71.29,5.08583276797051,0.21190969866543793,OK,True,0.07134005846500925,1.0,4,1.0,2,4.5,0.5294117647058824,1,1,2,1,3.2499999999999996,3,1.6875,1.6875,0,0.42105263157894735,0.4266917293233083,No significant transit timing variation signal currently detected.,Compatible with PIRATE. Target brightness is V=6.0 and the expected transit depth is 0.5 mmag. Estimated minimum aperture is 5 inches.,Poor observability. Only 0% of the transit is observable. Peak altitude reaches 56°. Average airmass is 2.73 (marginal observing conditions).,"The ephemeris remains relatively well constrained (0.5 minute uncertainty), but the target has not been observed recently and would benefit from maintenance observations.","This target has a high ExoClock priority. No recent transit observations have been reported. 1 papers were identified in the last 12 months and 1 papers in the last 36 months. Latest publication: ""Volatile−Rich Magma─Atmosphere Equilibria on Hot Rocky Exoplanets"".",This is a moderate priority target,This target has only partial visibility.,"{'priority': 'This is a moderate priority target', 'score': 1.6875, 'visibility': 'Poor observability. Only 0% of the transit is observable. Peak altitude reaches 56°. Average airmass is 2.73 (marginal observing conditions).', 'ephemeris': 'The ephemeris remains relatively well constrained (0.5 minute uncertainty), but the target has not been observed recently and would benefit from maintenance observations.', 'science': 'This target has a high ExoClock priority. No recent transit observations have been reported. 1 papers were identified in the last 12 months and 1 papers in the last 36 months. Latest publication: ""Volatile−Rich Magma─Atmosphere Equilibria on Hot Rocky Exoplanets"".', 'coordination': 'This target has only partial visibility.', 'network': False, 'campaign': False}","This is a moderate priority target. The ephemeris remains relatively well constrained (0.5 minute uncertainty), but the target has not been observed recently and would benefit from maintenance observations.. Poor observability. Only 0% of the transit is observable. Peak altitude reaches 56°. Average airmass is 2.73 (marginal observing conditions).. This target has a high ExoClock priority. No recent transit observations have been reported. 1 papers were identified in the last 12 months and 1 papers in the last 36 months. Latest publication: ""Volatile−Rich Magma─Atmosphere Equilibria on Hot Rocky Exoplanets""..",—
55Cnce_2301,55Cnce,2301,0.4857181680960858,90.0,4.5600000000000005,2459554.20747,0.73654635,1.56,5.96,5.4,0.45,0.0,71.29,133.14921375000003,28.33082111111111,0,high,,40.73063426354635,False,False,0,7.94,1693.8758806865662,2459554.20747,1,1,Volatile−Rich Magma─Atmosphere Equilibria on Hot Rocky Exoplanets,2025epsc.conf.1367M,2025-09-00,2026-07-27 11:59:44.501,0.0,89.85612257035966,42.00008716603508,1.1338893875922496,0,2461249.069265058,0.0,0.0,none,2,0.3333333333333333,71.29,5.08583276797051,0.21190969866543793,OK,True,0.07134005846500925,1.0,4,1.0,2,4.5,0.5294117647058824,1,1,2,1,3.2499999999999996,3,1.6875,1.6875,0,0.42105263157894735,0.4266917293233083,No significant transit timing variation signal currently detected.,Compatible with PIRATE. Target brightness is V=6.0 and the expected transit depth is 0.5 mmag. Estimated minimum aperture is 5 inches.,Poor observability. Only 0% of the transit is observable. Peak altitude reaches 90°. Average airmass is 1.13 (excellent observing conditions).,"The ephemeris remains relatively well constrained (0.5 minute uncertainty), but the target has not been observed recently and would benefit from maintenance observations.","This target has a high ExoClock priority. No recent transit observations have been reported. 1 papers were identified in the last 12 months and 1 papers in the last 36 months. Latest publication: ""Volatile−Rich Magma─Atmosphere Equilibria on Hot Rocky Exoplanets"".",This is a moderate priority target,This target has only partial visibility.,"{'priority': 'This is a moderate priority target', 'score': 1.6875, 'visibility': 'Poor observability. Only 0% of the transit is observable. Peak altitude reaches 90°. Average airmass is 1.13 (excellent observing conditions).', 'ephemeris': 'The ephemeris remains relatively well constrained (0.5 minute uncertainty), but the target has not been observed recently and would benefit from maintenance observations.', 'science': 'This target has a high ExoClock priority. No recent transit observations have been reported. 1 papers were identified in the last 12 months and 1 papers in the last 36 months. Latest publication: ""Volatile−Rich Magma─Atmosphere Equilibria on Hot Rocky Exoplanets"".', 'coordination': 'This target has only partial visibility.', 'network': False, 'campaign': False}","This is a moderate priority target. The ephemeris remains relatively well constrained (0.5 minute uncertainty), but the target has not been observed recently and would benefit from maintenance observations.. Poor observability. Only 0% of the transit is observable. Peak altitude reaches 90°. Average airmass is 1.13 (excellent observing conditions).. This target has a high ExoClock priority. No recent transit observations have been reported. 1 papers were identified in the last 12 months and 1 papers in the last 36 months. Latest publication: ""Volatile−Rich Magma─Atmosphere Equilibria on Hot Rocky Exoplanets""..",—
WASP-28b_936,WASP-28b,936,0.5023964983317675,90.0,6.29,2458058.38003,3.40883447,3.29,12.03,11.817,17.53,0.41,5.41,353.61617291666664,-1.5800311111111112,4,low,,8.800662004570729,True,False,0,30.69,3189.7033216711134,2458058.38003,0,0,,,,2026-07-27 13:09:32.531,0.0,-11.299877010132326,-57.962280311653025,,0,2461248.9649598496,0.41,0.020499999999999997,none,3,0.5,5.41,9.184208291701273,0.38267534548755305,OK,True,1.6976355437525457,1.0,2,0.2,1,6.140198601371218,0.7223763060436728,1,1,3,1,1.5799999999999998,4,1.6869999999999998,1.6869999999999998,0,0.42105263157894735,0.41541353383458646,No significant transit timing variation signal currently detected.,Compatible with PIRATE. Target brightness is V=12.0 and the expected transit depth is 17.5 mmag. Estimated minimum aperture is 9 inches.,Poor observability. Only 0% of the transit is observable. Peak altitude reaches -11°.,"The ephemeris remains relatively well constrained (0.5 minute uncertainty), but the target has not been observed recently and would benefit from maintenance observations.",This target has a low ExoClock priority. 4 recent observations indicate moderate monitoring coverage. No recent literature activity was identified.,This is a moderate priority target,"For this target, multi-site coordination is recommended. This target has only partial visibility.","{'priority': 'This is a moderate priority target', 'score': 1.6869999999999998, 'visibility': 'Poor observability. Only 0% of the transit is observable. Peak altitude reaches -11°.', 'ephemeris': 'The ephemeris remains relatively well constrained (0.5 minute uncertainty), but the target has not been observed recently and would benefit from maintenance observations.', 'science': 'This target has a low ExoClock priority. 4 recent observations indicate moderate monitoring coverage. No recent literature activity was identified.', 'coordination': 'For this target, multi-site coordination is recommended. This target has only partial visibility.', 'network': True, 'campaign': False}","This is a moderate priority target. The ephemeris remains relatively well constrained (0.5 minute uncertainty), but the target has not been observed recently and would benefit from maintenance observations.. Poor observability. Only 0% of the transit is observable. Peak altitude reaches -11°.. This target has a low ExoClock priority. 4 recent observations indicate moderate monitoring coverage. No recent literature activity was identified.. requires multi-site coordination.",🌍 Network
WASP-37b_749,WASP-37b,749,0.4960380104145291,90.0,6.140000000000001,2458569.08367,3.5774788,3.14,12.704,12.87,18.89,-2.14,7.56,221.9440075,1.064945,4,low,,8.385793928394488,True,False,0,23.52,2678.999681691639,2458569.08367,0,0,,,,2026-07-27 02:44:51.976,0.0,11.749517216718777,-39.34795118274891,22.513566719031452,0,2461248.5311571294,2.14,0.10700000000000001,none,3,0.5,7.56,12.352356824259756,0.5146815343441565,OK,True,1.633909632838592,1.0,2,0.2,1,6.015738178518347,0.7077339033550996,1,1,3,1,1.5799999999999998,4,1.6869999999999998,1.6869999999999998,0,0.42105263157894735,0.41541353383458646,No significant transit timing variation signal currently detected.,Compatible with PIRATE. Target brightness is V=12.7 and the expected transit depth is 18.9 mmag. Estimated minimum aperture is 12 inches.,Poor observability. Only 0% of the transit is observable. Peak altitude reaches 12°. Average airmass is 22.51 (poor observing conditions).,"The ephemeris remains relatively well constrained (0.5 minute uncertainty), but the target has not been observed recently and would benefit from maintenance observations.",This target has a low ExoClock priority. 4 recent observations indicate moderate monitoring coverage. No recent literature activity was identified.,This is a moderate priority target,"For this target, multi-site coordination is recommended. This target has only partial visibility.","{'priority': 'This is a moderate priority target', 'score': 1.6869999999999998, 'visibility': 'Poor observability. Only 0% of the transit is observable. Peak altitude reaches 12°. Average airmass is 22.51 (poor observing conditions).', 'ephemeris': 'The ephemeris remains relatively well constrained (0.5 minute uncertainty), but the target has not been observed recently and would benefit from maintenance observations.', 'science': 'This target has a low ExoClock priority. 4 recent observations indicate moderate monitoring coverage. No recent literature activity was identified.', 'coordination': 'For this target, multi-site coordination is recommended. This target has only partial visibility.', 'network': True, 'campaign': False}","This is a moderate priority target. The ephemeris remains relatively well constrained (0.5 minute uncertainty), but the target has not been observed recently and would benefit from maintenance observations.. Poor observability. Only 0% of the transit is observable. Peak altitude reaches 12°. Average airmass is 22.51 (poor observing conditions).. This target has a low ExoClock priority. 4 recent observations indicate moderate monitoring coverage. No recent literature activity was identified.. requires multi-site coordination.",🌍 Network
WASP-81b_1104,WASP-81b,1104,0.7029234496308528,90.0,6.5,2458249.23761,2.7164845,3.5,12.47,12.37,16.66,0.25,6.41,304.207875,3.294015,4,low,,11.04368532196668,True,False,0,25.33,2998.845741748344,2458249.23761,0,0,,,,2026-07-26 17:39:24.244,0.0,8.47869632056727,-41.54834623831823,50.82435410036749,0,2461248.317641713,0.25,0.0125,none,3,0.5,6.41,11.185595523653763,0.4660664801522401,OK,True,1.745022702598091,1.0,2,0.2,1,6.5,0.7647058823529411,1,1,3,1,1.5799999999999998,4,1.6869999999999998,1.6869999999999998,0,0.42105263157894735,0.41541353383458646,No significant transit timing variation signal currently detected.,Compatible with PIRATE. Target brightness is V=12.5 and the expected transit depth is 16.7 mmag. Estimated minimum aperture is 11 inches.,Poor observability. Only 0% of the transit is observable. Peak altitude reaches 8°. Average airmass is 50.82 (poor observing conditions).,"The ephemeris remains relatively well constrained (0.7 minute uncertainty), but the target has not been observed recently and would benefit from maintenance observations.",This target has a low ExoClock priority. 4 recent observations indicate moderate monitoring coverage. No recent literature activity was identified.,This is a moderate priority target,"For this target, multi-site coordination is recommended. This target has only partial visibility.","{'priority': 'This is a moderate priority target', 'score': 1.6869999999999998, 'visibility': 'Poor observability. Only 0% of the transit is observable. Peak altitude reaches 8°. Average airmass is 50.82 (poor observing conditions).', 'ephemeris': 'The ephemeris remains relatively well constrained (0.7 minute uncertainty), but the target has not been observed recently and would benefit from maintenance observations.', 'science': 'This target has a low ExoClock priority. 4 recent observations indicate moderate monitoring coverage. No recent literature activity was identified.', 'coordination': 'For this target, multi-site coordination is recommended. This target has only partial visibility.', 'network': True, 'campaign': False}","This is a moderate priority target. The ephemeris remains relatively well constrained (0.7 minute uncertainty), but the target has not been observed recently and would benefit from maintenance observations.. Poor observability. Only 0% of the transit is observable. Peak altitude reaches 8°. Average airmass is 50.82 (poor observing conditions).. This target has a low ExoClock priority. 4 recent observations indicate moderate monitoring coverage. No recent literature activity was identified.. requires multi-site coordination.",🌍 Network
XO-5b_892,XO-5b,892,0.5051688298222506,90.0,6.12,2457513.41573,4.18775653,3.12,12.1,11.95,13.28,0.56,5.63,116.71650625000001,39.094572222222226,4,low,,7.163740247334771,True,False,0,25.32,3734.667621899862,2457513.41573,0,0,,,,2026-07-27 09:27:00.348,0.0,72.13048624881662,26.96452441573061,1.4081675196216896,0,2461248.975698472,0.56,0.028000000000000004,none,3,0.5,5.63,11.190623827034305,0.466275992793096,OK,True,1.9876774115513862,1.0,2,0.2,1,5.649122074200431,0.6646025969647565,1,1,3,1,1.5799999999999998,4,1.6869999999999998,1.6869999999999998,0,0.42105263157894735,0.41541353383458646,No significant transit timing variation signal currently detected.,Compatible with PIRATE. Target brightness is V=12.1 and the expected transit depth is 13.3 mmag. Estimated minimum aperture is 11 inches.,Poor observability. Only 0% of the transit is observable. Peak altitude reaches 72°. Average airmass is 1.41 (excellent observing conditions).,"The ephemeris remains relatively well constrained (0.5 minute uncertainty), but the target has not been observed recently and would benefit from maintenance observations.",This target has a low ExoClock priority. 4 recent observations indicate moderate monitoring coverage. No recent literature activity was identified.,This is a moderate priority target,"For this target, multi-site coordination is recommended. This target has only partial visibility.","{'priority': 'This is a moderate priority target', 'score': 1.6869999999999998, 'visibility': 'Poor observability. Only 0% of the transit is observable. Peak altitude reaches 72°. Average airmass is 1.41 (excellent observing conditions).', 'ephemeris': 'The ephemeris remains relatively well constrained (0.5 minute uncertainty), but the target has not been observed recently and would benefit from maintenance observations.', 'science': 'This target has a low ExoClock priority. 4 recent observations indicate moderate monitoring coverage. No recent literature activity was identified.', 'coordination': 'For this target, multi-site coordination is recommended. This target has only partial visibility.', 'network': True, 'campaign': False}","This is a moderate priority target. The ephemeris remains relatively well constrained (0.5 minute uncertainty), but the target has not been observed recently and would benefit from maintenance observations.. Poor observability. Only 0% of the transit is observable. Peak altitude reaches 72°. Average airmass is 1.41 (excellent observing conditions).. This target has a low ExoClock priority. 4 recent observations indicate moderate monitoring coverage. No recent literature activity was identified.. requires multi-site coordination.",🌍 Network
TOI-1181b_765,TOI-1181b,765,0.32596976438928865,90.0,7.09,2459639.256141,2.10319406,4.09,10.58,10.268,7.67,0.87,5.77,297.2158725,64.35435027777777,5,low,,14.26401898453441,True,False,0,37.62,1608.8272104067728,2459639.256141,0,0,,,,2026-07-26 16:46:15.989,0.0,26.055003465155302,6.059021695458103,4.61527521292614,0,2461248.2807406136,0.87,0.0435,none,3,0.5,5.77,6.386623221265005,0.26610930088604184,OK,True,1.1068671094046802,1.0,2,0.16666666666666666,1,6.5,0.7647058823529411,1,1,3,1,1.5749999999999997,4,1.6862499999999998,1.6862499999999998,0,0.42105263157894735,0.40601503759398494,No significant transit timing variation signal currently detected.,Compatible with PIRATE. Target brightness is V=10.6 and the expected transit depth is 7.7 mmag. Estimated minimum aperture is 6 inches.,Poor observability. Only 0% of the transit is observable. Peak altitude reaches 26°. Average airmass is 4.62 (poor observing conditions).,"The ephemeris remains relatively well constrained (0.3 minute uncertainty), but the target has not been observed recently and would benefit from maintenance observations.",This target has a low ExoClock priority. 5 recent observations indicate moderate monitoring coverage. No recent literature activity was identified.,This is a moderate priority target,"For this target, multi-site coordination is recommended. This target has only partial visibility.","{'priority': 'This is a moderate priority target', 'score': 1.6862499999999998, 'visibility': 'Poor observability. Only 0% of the transit is observable. Peak altitude reaches 26°. Average airmass is 4.62 (poor observing conditions).', 'ephemeris': 'The ephemeris remains relatively well constrained (0.3 minute uncertainty), but the target has not been observed recently and would benefit from maintenance observations.', 'science': 'This target has a low ExoClock priority. 5 recent observations indicate moderate monitoring coverage. No recent literature activity was identified.', 'coordination': 'For this target, multi-site coordination is recommended. This target has only partial visibility.', 'network': True, 'campaign': False}","This is a moderate priority target. The ephemeris remains relatively well constrained (0.3 minute uncertainty), but the target has not been observed recently and would benefit from maintenance observations.. Poor observability. Only 0% of the transit is observable. Peak altitude reaches 26°. Average airmass is 4.62 (poor observing conditions).. This target has a low ExoClock priority. 5 recent observations indicate moderate monitoring coverage. No recent literature activity was identified.. requires multi-site coordination.",🌍 Network
HAT-P-13b_1454,HAT-P-13b,1454,0.47788155891200723,90.0,6.32,2457007.93881,2.9162417,3.32,10.42,10.4,8.25,-2.11,5.73,129.88253041666667,47.352020833333334,7,low,,10.287213162064036,True,False,0,39.79,4240.144540776499,2457007.93881,0,0,,,,2026-07-26 15:40:57.308,0.0,70.92728089076681,38.733652880424515,1.2237436706306286,0,2461248.0701077315,2.11,0.1055,none,3,0.5,5.73,6.3494281862419015,0.26455950776007925,OK,True,1.1081026503039968,1.0,2,0.125,1,6.5,0.7647058823529411,1,1,3,1,1.5687499999999999,4,1.6853124999999998,1.6853124999999998,0,0.42105263157894735,0.40225563909774437,No significant transit timing variation signal currently detected.,Compatible with PIRATE. Target brightness is V=10.4 and the expected transit depth is 8.2 mmag. Estimated minimum aperture is 6 inches.,Poor observability. Only 0% of the transit is observable. Peak altitude reaches 71°. Average airmass is 1.22 (excellent observing conditions).,"The ephemeris remains relatively well constrained (0.5 minute uncertainty), but the target has not been observed recently and would benefit from maintenance observations.",This target has a low ExoClock priority. 7 recent observations indicate strong monitoring coverage. No recent literature activity was identified.,This is a moderate priority target,"For this target, multi-site coordination is recommended. This target has only partial visibility.","{'priority': 'This is a moderate priority target', 'score': 1.6853124999999998, 'visibility': 'Poor observability. Only 0% of the transit is observable. Peak altitude reaches 71°. Average airmass is 1.22 (excellent observing conditions).', 'ephemeris': 'The ephemeris remains relatively well constrained (0.5 minute uncertainty), but the target has not been observed recently and would benefit from maintenance observations.', 'science': 'This target has a low ExoClock priority. 7 recent observations indicate strong monitoring coverage. No recent literature activity was identified.', 'coordination': 'For this target, multi-site coordination is recommended. This target has only partial visibility.', 'network': True, 'campaign': False}","This is a moderate priority target. The ephemeris remains relatively well constrained (0.5 minute uncertainty), but the target has not been observed recently and would benefit from maintenance observations.. Poor observability. Only 0% of the transit is observable. Peak altitude reaches 71°. Average airmass is 1.22 (excellent observing conditions).. This target has a low ExoClock priority. 7 recent observations indicate strong monitoring coverage. No recent literature activity was identified.. requires multi-site coordination.",🌍 Network
NGTS-5b_704,NGTS-5b,704,0.7771356480203114,90.0,5.2,2458885.08672,3.35699146,2.2,13.77,13.6,29.27,0.64,9.79,221.05821,5.6053936111111105,5,low,,8.936573225598853,False,False,0,17.77,2362.996631238144,2458885.08672,2,2,Evidence for stellar contamination and water absorption in NGTS-5b's transmission spectra with GTC/OSIRIS,2026A&A...707A.315W,2026-03-00,2026-07-26 21:47:23.174,0.575,66.956842436181,26.194544792508495,1.404097582665474,1,2461248.324573773,0.64,0.032,none,2,0.3333333333333333,9.79,19.36903259783273,0.8070430249096971,OK,True,1.9784507250084509,1.0,2,0.16666666666666666,2,2.680971967679656,0.3154084667858419,1,1,2,3,1.7249999999999999,2,1.65875,1.65875,0,0.9172932330827067,0.39849624060150374,No significant transit timing variation signal currently detected.,Compatible with PIRATE. Target brightness is V=13.8 and the expected transit depth is 29.3 mmag. Estimated minimum aperture is 19 inches.,Moderate observability. Approximately 57% of the transit is observable. Peak altitude reaches 67°. Average airmass is 1.40 (excellent observing conditions).,"The ephemeris remains relatively well constrained (0.8 minute uncertainty), but the target has not been observed recently and would benefit from maintenance observations.","This target has a low ExoClock priority. 5 recent observations indicate moderate monitoring coverage. 2 papers were identified in the last 12 months and 2 papers in the last 36 months. Latest publication: ""Evidence for stellar contamination and water absorption in NGTS-5b's transmission spectra with GTC/OSIRIS"".",This is a lower priority target,There is no special coordination required.,"{'priority': 'This is a lower priority target', 'score': 1.65875, 'visibility': 'Moderate observability. Approximately 57% of the transit is observable. Peak altitude reaches 67°. Average airmass is 1.40 (excellent observing conditions).', 'ephemeris': 'The ephemeris remains relatively well constrained (0.8 minute uncertainty), but the target has not been observed recently and would benefit from maintenance observations.', 'science': 'This target has a low ExoClock priority. 5 recent observations indicate moderate monitoring coverage. 2 papers were identified in the last 12 months and 2 papers in the last 36 months. Latest publication: ""Evidence for stellar contamination and water absorption in NGTS-5b\'s transmission spectra with GTC/OSIRIS"".', 'coordination': 'There is no special coordination required.', 'network': False, 'campaign': False}","This is a lower priority target. The ephemeris remains relatively well constrained (0.8 minute uncertainty), but the target has not been observed recently and would benefit from maintenance observations.. Moderate observability. Approximately 57% of the transit is observable. Peak altitude reaches 67°. Average airmass is 1.40 (excellent observing conditions).. This target has a low ExoClock priority. 5 recent observations indicate moderate monitoring coverage. 2 papers were identified in the last 12 months and 2 papers in the last 36 months. Latest publication: ""Evidence for stellar contamination and water absorption in NGTS-5b's transmission spectra with GTC/OSIRIS""..",—
HAT-P-42b_443,HAT-P-42b,443,0.6887215827530226,90.0,7.04,2459192.53042,4.64183956,4.04,12.17,12.02,8.94,1.94,7.81,135.34437083333333,6.097226388888888,2,medium,,6.462954958313984,True,False,0,18.29,2055.5529308221303,2459192.53042,0,0,,,,2026-07-27 08:44:56.632,0.0,40.859950848823,-11.050685956153384,8.632955355909301,0,2461248.9464887963,1.94,0.097,none,2,0.3333333333333333,7.81,12.378590317531382,0.5157745965638075,OK,True,1.5849667500040183,1.0,3,0.3333333333333333,1,5.4388864874941945,0.6398689985287288,1,1,2,1,2.2999999999999994,4,1.645,1.645,0,0.42105263157894735,0.39473684210526316,No significant transit timing variation signal currently detected.,Compatible with PIRATE. Target brightness is V=12.2 and the expected transit depth is 8.9 mmag. Estimated minimum aperture is 12 inches.,Poor observability. Only 0% of the transit is observable. Peak altitude reaches 41°. Average airmass is 8.63 (poor observing conditions).,"The ephemeris remains relatively well constrained (0.7 minute uncertainty), but the target has not been observed recently and would benefit from maintenance observations.",This target has a medium ExoClock priority. 2 recent transit observations have been recorded. No recent literature activity was identified.,This is a lower priority target,"For this target, multi-site coordination is recommended. This target has only partial visibility.","{'priority': 'This is a lower priority target', 'score': 1.645, 'visibility': 'Poor observability. Only 0% of the transit is observable. Peak altitude reaches 41°. Average airmass is 8.63 (poor observing conditions).', 'ephemeris': 'The ephemeris remains relatively well constrained (0.7 minute uncertainty), but the target has not been observed recently and would benefit from maintenance observations.', 'science': 'This target has a medium ExoClock priority. 2 recent transit observations have been recorded. No recent literature activity was identified.', 'coordination': 'For this target, multi-site coordination is recommended. This target has only partial visibility.', 'network': True, 'campaign': False}","This is a lower priority target. The ephemeris remains relatively well constrained (0.7 minute uncertainty), but the target has not been observed recently and would benefit from maintenance observations.. Poor observability. Only 0% of the transit is observable. Peak altitude reaches 41°. Average airmass is 8.63 (poor observing conditions).. This target has a medium ExoClock priority. 2 recent transit observations have been recorded. No recent literature activity was identified.. requires multi-site coordination.",🌍 Network
Qatar-4b_1070,Qatar-4b,1070,0.5032277535112352,90.0,5.140000000000001,2459316.76367,1.80536404,2.14,13.6,13.68,25.42,1.01,10.08,4.859268749999999,44.027634444444445,30,low,,16.617147198744473,False,False,0,16.04,1931.31968126446,2459316.76367,0,0,,,,2026-07-27 00:03:26.674,0.7083333333333334,49.8558799128675,8.84311023541241,2.5727910510767447,1,2461248.584336505,1.01,0.0505,none,2,0.3333333333333333,10.08,19.486595575702044,0.8119414823209185,OK,True,1.9331940055259964,1.0,2,0.03225806451612903,1,3.0,0.35294117647058826,1,1,2,3,1.5548387096774192,2,1.6332258064516127,1.6332258064516127,0,0.9624060150375939,0.39097744360902253,No significant transit timing variation signal currently detected.,Compatible with PIRATE. Target brightness is V=13.6 and the expected transit depth is 25.4 mmag. Estimated minimum aperture is 19 inches.,Moderate observability. Approximately 71% of the transit is observable. Peak altitude reaches 50°. Average airmass is 2.57 (marginal observing conditions).,"The ephemeris remains relatively well constrained (0.5 minute uncertainty), but the target has not been observed recently and would benefit from maintenance observations.",This target has a low ExoClock priority. 30 recent observations indicate strong monitoring coverage. No recent literature activity was identified.,This is a lower priority target,There is no special coordination required.,"{'priority': 'This is a lower priority target', 'score': 1.6332258064516127, 'visibility': 'Moderate observability. Approximately 71% of the transit is observable. Peak altitude reaches 50°. Average airmass is 2.57 (marginal observing conditions).', 'ephemeris': 'The ephemeris remains relatively well constrained (0.5 minute uncertainty), but the target has not been observed recently and would benefit from maintenance observations.', 'science': 'This target has a low ExoClock priority. 30 recent observations indicate strong monitoring coverage. No recent literature activity was identified.', 'coordination': 'There is no special coordination required.', 'network': False, 'campaign': False}","This is a lower priority target. The ephemeris remains relatively well constrained (0.5 minute uncertainty), but the target has not been observed recently and would benefit from maintenance observations.. Moderate observability. Approximately 71% of the transit is observable. Peak altitude reaches 50°. Average airmass is 2.57 (marginal observing conditions).. This target has a low ExoClock priority. 30 recent observations indicate strong monitoring coverage. No recent literature activity was identified..",—
GJ3470b_1021,GJ3470b,1021,0.19339017935106692,90.0,4.91,2457842.219521,3.33665245,1.91,12.33,11.934,7.69,0.28,10.34,119.77433125,15.391455555555556,4,low,,8.991047299517216,False,False,0,21.7,3405.863829733804,2457842.219521,1,2,"Atmospheric diversity of sub-Neptunes from formation with rock, water, and soot",2026arXiv260620464D,2026-06-00,2026-07-27 10:34:51.316,0.0,76.68111178951403,30.81400727197372,1.2863344081003774,0,2461249.0228161574,0.28,0.014000000000000002,none,3,0.5,10.34,20.895404278542205,0.8706418449392586,OK,True,2.0208321352555325,1.0,2,0.2,2,4.197314189855165,0.4938016693947253,1,1,3,1,1.73,3,1.6095,1.6095,0,0.42105263157894735,0.38721804511278196,No significant transit timing variation signal currently detected.,Compatible with PIRATE. Target brightness is V=12.3 and the expected transit depth is 7.7 mmag. Estimated minimum aperture is 21 inches.,Poor observability. Only 0% of the transit is observable. Peak altitude reaches 77°. Average airmass is 1.29 (excellent observing conditions).,"The ephemeris remains relatively well constrained (0.2 minute uncertainty), but the target has not been observed recently and would benefit from maintenance observations.","This target has a low ExoClock priority. 4 recent observations indicate moderate monitoring coverage. 1 papers were identified in the last 12 months and 2 papers in the last 36 months. Latest publication: ""Atmospheric diversity of sub-Neptunes from formation with rock, water, and soot"".",This is a lower priority target,This target has only partial visibility.,"{'priority': 'This is a lower priority target', 'score': 1.6095, 'visibility': 'Poor observability. Only 0% of the transit is observable. Peak altitude reaches 77°. Average airmass is 1.29 (excellent observing conditions).', 'ephemeris': 'The ephemeris remains relatively well constrained (0.2 minute uncertainty), but the target has not been observed recently and would benefit from maintenance observations.', 'science': 'This target has a low ExoClock priority. 4 recent observations indicate moderate monitoring coverage. 1 papers were identified in the last 12 months and 2 papers in the last 36 months. Latest publication: ""Atmospheric diversity of sub-Neptunes from formation with rock, water, and soot"".', 'coordination': 'This target has only partial visibility.', 'network': False, 'campaign': False}","This is a lower priority target. The ephemeris remains relatively well constrained (0.2 minute uncertainty), but the target has not been observed recently and would benefit from maintenance observations.. Poor observability. Only 0% of the transit is observable. Peak altitude reaches 77°. Average airmass is 1.29 (excellent observing conditions).. This target has a low ExoClock priority. 4 recent observations indicate moderate monitoring coverage. 1 papers were identified in the last 12 months and 2 papers in the last 36 months. Latest publication: ""Atmospheric diversity of sub-Neptunes from formation with rock, water, and soot""..",—
HATS-43b_588,HATS-43b,588,0.8336269144768645,90.0,6.15,2458667.46963,4.38884834,3.15,13.59,13.4,30.45,-1.46,9.1,80.53819791666666,-30.970836388888888,2,high,,6.835506191129858,True,False,0,23.04,2580.613720903173,2458667.46963,0,0,,,,2026-07-26 14:40:46.835,0.0,20.994828015802497,-19.45951009301178,12.12130295758436,0,2461248.0283198496,1.46,0.073,none,1,0.16666666666666666,9.1,14.607695465605126,0.6086539777335469,OK,True,1.6052412599566073,1.0,4,0.3333333333333333,1,5.550651857338957,0.6530178655692891,1,1,1,1,2.9999999999999996,4,1.6,1.6,0,0.42105263157894735,0.38345864661654133,No significant transit timing variation signal currently detected.,Compatible with PIRATE. Target brightness is V=13.6 and the expected transit depth is 30.4 mmag. Estimated minimum aperture is 15 inches.,Poor observability. Only 0% of the transit is observable. Peak altitude reaches 21°. Average airmass is 12.12 (poor observing conditions).,"The ephemeris remains relatively well constrained (0.8 minute uncertainty), but the target has not been observed recently and would benefit from maintenance observations.",This target has a high ExoClock priority. 2 recent transit observations have been recorded. No recent literature activity was identified.,This is a lower priority target,"For this target, multi-site coordination is recommended. This target has only partial visibility.","{'priority': 'This is a lower priority target', 'score': 1.6, 'visibility': 'Poor observability. Only 0% of the transit is observable. Peak altitude reaches 21°. Average airmass is 12.12 (poor observing conditions).', 'ephemeris': 'The ephemeris remains relatively well constrained (0.8 minute uncertainty), but the target has not been observed recently and would benefit from maintenance observations.', 'science': 'This target has a high ExoClock priority. 2 recent transit observations have been recorded. No recent literature activity was identified.', 'coordination': 'For this target, multi-site coordination is recommended. This target has only partial visibility.', 'network': True, 'campaign': False}","This is a lower priority target. The ephemeris remains relatively well constrained (0.8 minute uncertainty), but the target has not been observed recently and would benefit from maintenance observations.. Poor observability. Only 0% of the transit is observable. Peak altitude reaches 21°. Average airmass is 12.12 (poor observing conditions).. This target has a high ExoClock priority. 2 recent transit observations have been recorded. No recent literature activity was identified.. requires multi-site coordination.",🌍 Network
WASP-98b_1283,WASP-98b,1283,0.346670193805251,90.0,4.9399999999999995,2457447.345161,2.96264182,1.94,13.0,12.634,28.66,-1.18,6.98,58.42883583333333,-34.32821805555556,3,low,,10.126097524674785,False,False,0,23.75,3800.738190785516,2457447.345161,0,0,,,,2026-07-26 21:55:53.644,0.0,-48.93822440389944,-84.05373003452384,,0,2461248.4957597684,1.18,0.059,none,3,0.5,6.98,14.62149141844051,0.6092288091016879,OK,True,2.0947695441891847,1.0,2,0.25,1,4.5,0.5294117647058824,1,1,3,1,1.5875,3,1.5881249999999998,1.5881249999999998,0,0.42105263157894735,0.37969924812030076,No significant transit timing variation signal currently detected.,Compatible with PIRATE. Target brightness is V=13.0 and the expected transit depth is 28.7 mmag. Estimated minimum aperture is 15 inches.,Poor observability. Only 0% of the transit is observable. Peak altitude reaches -49°.,"The ephemeris remains relatively well constrained (0.3 minute uncertainty), but the target has not been observed recently and would benefit from maintenance observations.",This target has a low ExoClock priority. 3 recent observations indicate moderate monitoring coverage. No recent literature activity was identified.,This is a lower priority target,This target has only partial visibility.,"{'priority': 'This is a lower priority target', 'score': 1.5881249999999998, 'visibility': 'Poor observability. Only 0% of the transit is observable. Peak altitude reaches -49°.', 'ephemeris': 'The ephemeris remains relatively well constrained (0.3 minute uncertainty), but the target has not been observed recently and would benefit from maintenance observations.', 'science': 'This target has a low ExoClock priority. 3 recent observations indicate moderate monitoring coverage. No recent literature activity was identified.', 'coordination': 'This target has only partial visibility.', 'network': False, 'campaign': False}","This is a lower priority target. The ephemeris remains relatively well constrained (0.3 minute uncertainty), but the target has not been observed recently and would benefit from maintenance observations.. Poor observability. Only 0% of the transit is observable. Peak altitude reaches -49°.. This target has a low ExoClock priority. 3 recent observations indicate moderate monitoring coverage. No recent literature activity was identified..",—
HD97658b_407,HD97658b,407,0.8320758617722759,90.0,5.84,2457386.651753,9.4893038,2.84,7.714,7.259,1.32,0.0,23.39,168.63817208333333,25.71038638888889,0,high,,3.1614542681202806,False,False,0,20.77,3861.431597958319,2457386.651753,0,0,,,,2026-07-27 07:08:32.542,0.0,0.8759330147881632,-33.83186263318149,244.23740723841834,0,2461248.87954331,0.0,0.0,none,2,0.3333333333333333,23.39,4.9361062128037005,0.2056710922001542,OK,True,0.21103489580178283,1.0,4,1.0,1,2.448436280436084,0.28805132711012754,1,1,2,1,3.0999999999999996,2,1.565,1.565,0,0.42105263157894735,0.37593984962406013,No significant transit timing variation signal currently detected.,Compatible with PIRATE. Target brightness is V=7.7 and the expected transit depth is 1.3 mmag. Estimated minimum aperture is 5 inches.,Poor observability. Only 0% of the transit is observable. Peak altitude reaches 1°. Average airmass is 244.24 (poor observing conditions).,"The ephemeris remains relatively well constrained (0.8 minute uncertainty), but the target has not been observed recently and would benefit from maintenance observations.",This target has a high ExoClock priority. No recent transit observations have been reported. No recent literature activity was identified.,This is a lower priority target,This target has only partial visibility.,"{'priority': 'This is a lower priority target', 'score': 1.565, 'visibility': 'Poor observability. Only 0% of the transit is observable. Peak altitude reaches 1°. Average airmass is 244.24 (poor observing conditions).', 'ephemeris': 'The ephemeris remains relatively well constrained (0.8 minute uncertainty), but the target has not been observed recently and would benefit from maintenance observations.', 'science': 'This target has a high ExoClock priority. No recent transit observations have been reported. No recent literature activity was identified.', 'coordination': 'This target has only partial visibility.', 'network': False, 'campaign': False}","This is a lower priority target. The ephemeris remains relatively well constrained (0.8 minute uncertainty), but the target has not been observed recently and would benefit from maintenance observations.. Poor observability. Only 0% of the transit is observable. Peak altitude reaches 1°. Average airmass is 244.24 (poor observing conditions).. This target has a high ExoClock priority. No recent transit observations have been reported. No recent literature activity was identified..",—
CoRoT-1b_4067,CoRoT-1b,4067,0.35311197470448036,90.0,5.51,2455111.612574,1.508968475,2.51,13.6,13.44,24.56,1.18,9.23,102.07988458333332,-3.102141666666667,1,medium,,19.88113104881134,False,False,0,14.68,6136.470776692033,2455111.612574,0,0,,,,2026-07-27 02:04:38.878,0.0,-22.01770351544169,-63.97400808590437,,0,2461248.668505532,1.18,0.059,none,2,0.3333333333333333,9.23,18.305415444695466,0.7627256435289778,OK,True,1.9832519441706897,1.0,3,0.5,1,4.5,0.5294117647058824,1,1,2,1,2.3249999999999997,3,1.54875,1.54875,0,0.42105263157894735,0.37218045112781956,No significant transit timing variation signal currently detected.,Compatible with PIRATE. Target brightness is V=13.6 and the expected transit depth is 24.6 mmag. Estimated minimum aperture is 18 inches.,Poor observability. Only 0% of the transit is observable. Peak altitude reaches -22°.,"The ephemeris remains relatively well constrained (0.4 minute uncertainty), but the target has not been observed recently and would benefit from maintenance observations.",This target has a medium ExoClock priority. 1 recent transit observations have been recorded. No recent literature activity was identified.,This is a lower priority target,This target has only partial visibility.,"{'priority': 'This is a lower priority target', 'score': 1.54875, 'visibility': 'Poor observability. Only 0% of the transit is observable. Peak altitude reaches -22°.', 'ephemeris': 'The ephemeris remains relatively well constrained (0.4 minute uncertainty), but the target has not been observed recently and would benefit from maintenance observations.', 'science': 'This target has a medium ExoClock priority. 1 recent transit observations have been recorded. No recent literature activity was identified.', 'coordination': 'This target has only partial visibility.', 'network': False, 'campaign': False}","This is a lower priority target. The ephemeris remains relatively well constrained (0.4 minute uncertainty), but the target has not been observed recently and would benefit from maintenance observations.. Poor observability. Only 0% of the transit is observable. Peak altitude reaches -22°.. This target has a medium ExoClock priority. 1 recent transit observations have been recorded. No recent literature activity was identified..",—
WASP-89b_1124,WASP-89b,1124,0.42515486693601096,90.0,5.46,2457475.74774,3.35641758,2.46,13.1,12.73,20.46,-2.39,7.21,313.89995541666667,-18.971124166666666,2,medium,,8.938101200149237,False,False,0,18.46,3772.3356117615476,2457475.74774,0,0,,,,2026-07-26 20:38:49.850,0.11666666666666667,24.552028104077753,-23.04235084890275,11.586255755984057,1,2461248.4422436343,2.39,0.11950000000000001,none,2,0.3333333333333333,7.21,16.09200887635075,0.6705003698479479,OK,True,2.231901369812864,1.0,3,0.3333333333333333,1,4.1814303600447715,0.491932983534679,1,1,2,1,2.2999999999999994,3,1.545,1.545,0,0.849624060150376,0.3684210526315789,No significant transit timing variation signal currently detected.,Compatible with PIRATE. Target brightness is V=13.1 and the expected transit depth is 20.5 mmag. Estimated minimum aperture is 16 inches.,Poor observability. Only 12% of the transit is observable. Peak altitude reaches 25°. Average airmass is 11.59 (poor observing conditions).,"The ephemeris remains relatively well constrained (0.4 minute uncertainty), but the target has not been observed recently and would benefit from maintenance observations.",This target has a medium ExoClock priority. 2 recent transit observations have been recorded. No recent literature activity was identified.,This is a lower priority target,This target has only partial visibility.,"{'priority': 'This is a lower priority target', 'score': 1.545, 'visibility': 'Poor observability. Only 12% of the transit is observable. Peak altitude reaches 25°. Average airmass is 11.59 (poor observing conditions).', 'ephemeris': 'The ephemeris remains relatively well constrained (0.4 minute uncertainty), but the target has not been observed recently and would benefit from maintenance observations.', 'science': 'This target has a medium ExoClock priority. 2 recent transit observations have been recorded. No recent literature activity was identified.', 'coordination': 'This target has only partial visibility.', 'network': False, 'campaign': False}","This is a lower priority target. The ephemeris remains relatively well constrained (0.4 minute uncertainty), but the target has not been observed recently and would benefit from maintenance observations.. Poor observability. Only 12% of the transit is observable. Peak altitude reaches 25°. Average airmass is 11.59 (poor observing conditions).. This target has a medium ExoClock priority. 2 recent transit observations have been recorded. No recent literature activity was identified..",—
WASP-60b_544,WASP-60b,544,0.7776971118027404,90.0,6.34,2458906.90446,4.30500416,3.34,12.18,11.792,7.61,2.2,8.86,356.66656125,31.155936666666666,5,low,,6.968634381064105,True,False,0,14.0,2341.1788917239755,2458906.90446,0,0,,,,2026-07-27 07:49:19.687,0.0,73.47061597928804,23.412133607700447,1.4764258298034023,0,2461248.74258897,2.2,0.11000000000000001,none,2,0.3333333333333333,8.86,14.823988517281,0.6176661882200417,OK,True,1.6731364014989842,1.0,2,0.16666666666666666,1,5.590590314319232,0.6577165075669684,1,1,2,1,1.5749999999999997,4,1.53625,1.53625,0,0.42105263157894735,0.36466165413533835,No significant transit timing variation signal currently detected.,Compatible with PIRATE. Target brightness is V=12.2 and the expected transit depth is 7.6 mmag. Estimated minimum aperture is 15 inches.,Poor observability. Only 0% of the transit is observable. Peak altitude reaches 73°. Average airmass is 1.48 (excellent observing conditions).,"The ephemeris remains relatively well constrained (0.8 minute uncertainty), but the target has not been observed recently and would benefit from maintenance observations.",This target has a low ExoClock priority. 5 recent observations indicate moderate monitoring coverage. No recent literature activity was identified.,This is a lower priority target,"For this target, multi-site coordination is recommended. This target has only partial visibility.","{'priority': 'This is a lower priority target', 'score': 1.53625, 'visibility': 'Poor observability. Only 0% of the transit is observable. Peak altitude reaches 73°. Average airmass is 1.48 (excellent observing conditions).', 'ephemeris': 'The ephemeris remains relatively well constrained (0.8 minute uncertainty), but the target has not been observed recently and would benefit from maintenance observations.', 'science': 'This target has a low ExoClock priority. 5 recent observations indicate moderate monitoring coverage. No recent literature activity was identified.', 'coordination': 'For this target, multi-site coordination is recommended. This target has only partial visibility.', 'network': True, 'campaign': False}","This is a lower priority target. The ephemeris remains relatively well constrained (0.8 minute uncertainty), but the target has not been observed recently and would benefit from maintenance observations.. Poor observability. Only 0% of the transit is observable. Peak altitude reaches 73°. Average airmass is 1.48 (excellent observing conditions).. This target has a low ExoClock priority. 5 recent observations indicate moderate monitoring coverage. No recent literature activity was identified.. requires multi-site coordination.",🌍 Network
HATS-53b_536,HATS-53b,536,0.7008746508843298,90.0,6.51,2459182.91449,3.85377616,3.51,13.944,13.418,20.85,1.8,9.16,176.62850458333335,-33.86005638888889,2,medium,,7.784572521721137,True,False,0,13.56,2065.168860920705,2459182.91449,0,0,,,,2026-07-27 00:54:18.233,0.0,-19.01277618275884,-67.44800622756732,,0,2461248.454377697,1.8,0.09,none,1,0.16666666666666666,9.16,19.684484404671203,0.8201868501946334,OK,True,2.148961179549258,1.0,3,0.3333333333333333,1,5.835371756516341,0.6865143242960402,1,1,1,1,2.2999999999999994,4,1.495,1.495,0,0.42105263157894735,0.3609022556390977,No significant transit timing variation signal currently detected.,Compatible with PIRATE. Target brightness is V=13.9 and the expected transit depth is 20.9 mmag. Estimated minimum aperture is 20 inches.,Poor observability. Only 0% of the transit is observable. Peak altitude reaches -19°.,"The ephemeris remains relatively well constrained (0.7 minute uncertainty), but the target has not been observed recently and would benefit from maintenance observations.",This target has a medium ExoClock priority. 2 recent transit observations have been recorded. No recent literature activity was identified.,This is a lower priority target,"For this target, multi-site coordination is recommended. This target has only partial visibility.","{'priority': 'This is a lower priority target', 'score': 1.495, 'visibility': 'Poor observability. Only 0% of the transit is observable. Peak altitude reaches -19°.', 'ephemeris': 'The ephemeris remains relatively well constrained (0.7 minute uncertainty), but the target has not been observed recently and would benefit from maintenance observations.', 'science': 'This target has a medium ExoClock priority. 2 recent transit observations have been recorded. No recent literature activity was identified.', 'coordination': 'For this target, multi-site coordination is recommended. This target has only partial visibility.', 'network': True, 'campaign': False}","This is a lower priority target. The ephemeris remains relatively well constrained (0.7 minute uncertainty), but the target has not been observed recently and would benefit from maintenance observations.. Poor observability. Only 0% of the transit is observable. Peak altitude reaches -19°.. This target has a medium ExoClock priority. 2 recent transit observations have been recorded. No recent literature activity was identified.. requires multi-site coordination.",🌍 Network
HATS-22b_504,HATS-22b,504,0.4343243046712667,90.0,5.1899999999999995,2458868.52863,4.72281648,2.19,13.46,13.2,26.01,0.94,8.47,174.00974583333334,-29.54332138888889,3,low,,6.352141805010387,False,False,0,21.27,2379.5547208753414,2458868.52863,0,0,,,,2026-07-27 07:51:21.760,0.0,-20.279661896675304,-70.79297754113671,,0,2461248.9092796296,0.94,0.047,none,2,0.3333333333333333,8.47,17.854117894197042,0.7439215789248768,OK,True,2.107924190578163,1.0,2,0.25,1,3.4056425415031164,0.40066382841213133,1,1,2,1,1.5875,3,1.438125,1.438125,0,0.42105263157894735,0.35526315789473684,No significant transit timing variation signal currently detected.,Compatible with PIRATE. Target brightness is V=13.5 and the expected transit depth is 26.0 mmag. Estimated minimum aperture is 18 inches.,Poor observability. Only 0% of the transit is observable. Peak altitude reaches -20°.,"The ephemeris remains relatively well constrained (0.4 minute uncertainty), but the target has not been observed recently and would benefit from maintenance observations.",This target has a low ExoClock priority. 3 recent observations indicate moderate monitoring coverage. No recent literature activity was identified.,This is a lower priority target,This target has only partial visibility.,"{'priority': 'This is a lower priority target', 'score': 1.438125, 'visibility': 'Poor observability. Only 0% of the transit is observable. Peak altitude reaches -20°.', 'ephemeris': 'The ephemeris remains relatively well constrained (0.4 minute uncertainty), but the target has not been observed recently and would benefit from maintenance observations.', 'science': 'This target has a low ExoClock priority. 3 recent observations indicate moderate monitoring coverage. No recent literature activity was identified.', 'coordination': 'This target has only partial visibility.', 'network': False, 'campaign': False}","This is a lower priority target. The ephemeris remains relatively well constrained (0.4 minute uncertainty), but the target has not been observed recently and would benefit from maintenance observations.. Poor observability. Only 0% of the transit is observable. Peak altitude reaches -20°.. This target has a low ExoClock priority. 3 recent observations indicate moderate monitoring coverage. No recent literature activity was identified..",—
WASP-57b_1664,WASP-57b,1664,0.7796492336617905,90.0,5.33,2456524.131678,2.83891814,2.33,13.04,12.9,16.71,-0.78,7.63,223.820095,-2.057666388888889,3,low,,10.56740579353232,False,False,0,16.44,4723.951673719101,2456524.131678,0,0,,,,2026-07-26 14:10:33.216,0.0,29.819056892822765,-21.91856587250672,20.320577172660673,0,2461248.1726066666,0.78,0.039,none,2,0.3333333333333333,7.63,17.797723123623168,0.741571796817632,OK,True,2.332598050278266,1.0,2,0.25,1,4.5,0.5294117647058824,1,1,2,1,1.5875,3,1.438125,1.438125,0,0.42105263157894735,0.35526315789473684,No significant transit timing variation signal currently detected.,Compatible with PIRATE. Target brightness is V=13.0 and the expected transit depth is 16.7 mmag. Estimated minimum aperture is 18 inches.,Poor observability. Only 0% of the transit is observable. Peak altitude reaches 30°. Average airmass is 20.32 (poor observing conditions).,"The ephemeris remains relatively well constrained (0.8 minute uncertainty), but the target has not been observed recently and would benefit from maintenance observations.",This target has a low ExoClock priority. 3 recent observations indicate moderate monitoring coverage. No recent literature activity was identified.,This is a lower priority target,This target has only partial visibility.,"{'priority': 'This is a lower priority target', 'score': 1.438125, 'visibility': 'Poor observability. Only 0% of the transit is observable. Peak altitude reaches 30°. Average airmass is 20.32 (poor observing conditions).', 'ephemeris': 'The ephemeris remains relatively well constrained (0.8 minute uncertainty), but the target has not been observed recently and would benefit from maintenance observations.', 'science': 'This target has a low ExoClock priority. 3 recent observations indicate moderate monitoring coverage. No recent literature activity was identified.', 'coordination': 'This target has only partial visibility.', 'network': False, 'campaign': False}","This is a lower priority target. The ephemeris remains relatively well constrained (0.8 minute uncertainty), but the target has not been observed recently and would benefit from maintenance observations.. Poor observability. Only 0% of the transit is observable. Peak altitude reaches 30°. Average airmass is 20.32 (poor observing conditions).. This target has a low ExoClock priority. 3 recent observations indicate moderate monitoring coverage. No recent literature activity was identified..",—
HATS-52b_1504,HATS-52b,1504,0.5292496128253731,90.0,5.12,2459193.58023,1.36665593,2.12,13.669,13.4,22.82,0.21,9.1,140.08769,-31.269303055555554,4,low,,21.95139196447199,False,False,0,11.59,2054.50312091643,2459193.58023,0,0,,,,2026-07-27 12:43:07.506,0.0,30.31745694822462,13.100360058083682,2.4909046173324043,0,2461249.0882813195,0.21,0.010499999999999999,none,2,0.3333333333333333,9.1,21.330688873328658,0.8887787030553608,OK,True,2.3440317443218306,1.0,2,0.2,1,4.5,0.5294117647058824,1,1,2,1,1.5799999999999998,3,1.437,1.437,0,0.42105263157894735,0.34962406015037595,No significant transit timing variation signal currently detected.,Compatible with PIRATE. Target brightness is V=13.7 and the expected transit depth is 22.8 mmag. Estimated minimum aperture is 21 inches.,Poor observability. Only 0% of the transit is observable. Peak altitude reaches 30°. Average airmass is 2.49 (marginal observing conditions).,"The ephemeris remains relatively well constrained (0.5 minute uncertainty), but the target has not been observed recently and would benefit from maintenance observations.",This target has a low ExoClock priority. 4 recent observations indicate moderate monitoring coverage. No recent literature activity was identified.,This is a lower priority target,This target has only partial visibility.,"{'priority': 'This is a lower priority target', 'score': 1.437, 'visibility': 'Poor observability. Only 0% of the transit is observable. Peak altitude reaches 30°. Average airmass is 2.49 (marginal observing conditions).', 'ephemeris': 'The ephemeris remains relatively well constrained (0.5 minute uncertainty), but the target has not been observed recently and would benefit from maintenance observations.', 'science': 'This target has a low ExoClock priority. 4 recent observations indicate moderate monitoring coverage. No recent literature activity was identified.', 'coordination': 'This target has only partial visibility.', 'network': False, 'campaign': False}","This is a lower priority target. The ephemeris remains relatively well constrained (0.5 minute uncertainty), but the target has not been observed recently and would benefit from maintenance observations.. Poor observability. Only 0% of the transit is observable. Peak altitude reaches 30°. Average airmass is 2.49 (marginal observing conditions).. This target has a low ExoClock priority. 4 recent observations indicate moderate monitoring coverage. No recent literature activity was identified..",—
Qatar-2b_3062,Qatar-2b,3062,0.2231563776726935,90.0,4.84,2457153.928453,1.337116516,1.84,13.3,13.45,37.71,0.34,9.27,207.655875,-6.804005277777778,5,low,,22.436339422195875,False,False,0,30.77,4094.1548982602544,2457153.928453,0,0,,,,2026-07-26 16:16:55.856,0.0,54.24006935748199,17.368775589381976,1.7554010316696524,0,2461248.260368704,0.34,0.017,none,2,0.3333333333333333,9.27,15.02773243611467,0.6261555181714445,OK,True,1.6211146101526075,1.0,2,0.16666666666666666,1,4.5,0.5294117647058824,1,1,2,1,1.5749999999999997,3,1.43625,1.43625,0,0.42105263157894735,0.3458646616541353,No significant transit timing variation signal currently detected.,Compatible with PIRATE. Target brightness is V=13.3 and the expected transit depth is 37.7 mmag. Estimated minimum aperture is 15 inches.,Poor observability. Only 0% of the transit is observable. Peak altitude reaches 54°. Average airmass is 1.76 (good observing conditions).,"The ephemeris remains relatively well constrained (0.2 minute uncertainty), but the target has not been observed recently and would benefit from maintenance observations.",This target has a low ExoClock priority. 5 recent observations indicate moderate monitoring coverage. No recent literature activity was identified.,This is a lower priority target,This target has only partial visibility.,"{'priority': 'This is a lower priority target', 'score': 1.43625, 'visibility': 'Poor observability. Only 0% of the transit is observable. Peak altitude reaches 54°. Average airmass is 1.76 (good observing conditions).', 'ephemeris': 'The ephemeris remains relatively well constrained (0.2 minute uncertainty), but the target has not been observed recently and would benefit from maintenance observations.', 'science': 'This target has a low ExoClock priority. 5 recent observations indicate moderate monitoring coverage. No recent literature activity was identified.', 'coordination': 'This target has only partial visibility.', 'network': False, 'campaign': False}","This is a lower priority target. The ephemeris remains relatively well constrained (0.2 minute uncertainty), but the target has not been observed recently and would benefit from maintenance observations.. Poor observability. Only 0% of the transit is observable. Peak altitude reaches 54°. Average airmass is 1.76 (good observing conditions).. This target has a low ExoClock priority. 5 recent observations indicate moderate monitoring coverage. No recent literature activity was identified..",—
HAT-P-55b_756,HAT-P-55b,756,0.6724846967887755,90.0,5.9399999999999995,2458537.79228,3.58523194,2.94,13.207,12.873,18.53,1.01,7.56,264.27347416666663,25.731181666666664,6,low,,8.367659471425997,False,False,0,15.67,2710.2910708333366,2458537.79228,0,0,,,,2026-07-26 17:26:37.758,0.0,49.713858250574425,-0.016020110181703205,6.750047480407449,0,2461248.3087703474,1.01,0.0505,none,2,0.3333333333333333,7.56,16.248723812683167,0.6770301588617986,OK,True,2.1493020916247576,1.0,2,0.14285714285714285,1,4.010297841427799,0.4717997460503293,1,1,2,1,1.5714285714285712,3,1.4357142857142857,1.4357142857142857,0,0.42105263157894735,0.34210526315789475,No significant transit timing variation signal currently detected.,Compatible with PIRATE. Target brightness is V=13.2 and the expected transit depth is 18.5 mmag. Estimated minimum aperture is 16 inches.,Poor observability. Only 0% of the transit is observable. Peak altitude reaches 50°. Average airmass is 6.75 (poor observing conditions).,"The ephemeris remains relatively well constrained (0.7 minute uncertainty), but the target has not been observed recently and would benefit from maintenance observations.",This target has a low ExoClock priority. 6 recent observations indicate strong monitoring coverage. No recent literature activity was identified.,This is a lower priority target,This target has only partial visibility.,"{'priority': 'This is a lower priority target', 'score': 1.4357142857142857, 'visibility': 'Poor observability. Only 0% of the transit is observable. Peak altitude reaches 50°. Average airmass is 6.75 (poor observing conditions).', 'ephemeris': 'The ephemeris remains relatively well constrained (0.7 minute uncertainty), but the target has not been observed recently and would benefit from maintenance observations.', 'science': 'This target has a low ExoClock priority. 6 recent observations indicate strong monitoring coverage. No recent literature activity was identified.', 'coordination': 'This target has only partial visibility.', 'network': False, 'campaign': False}","This is a lower priority target. The ephemeris remains relatively well constrained (0.7 minute uncertainty), but the target has not been observed recently and would benefit from maintenance observations.. Poor observability. Only 0% of the transit is observable. Peak altitude reaches 50°. Average airmass is 6.75 (poor observing conditions).. This target has a low ExoClock priority. 6 recent observations indicate strong monitoring coverage. No recent literature activity was identified..",—
HAT-P-37b_1050,HAT-P-37b,1050,0.5968344011533185,90.0,5.359999999999999,2458310.9034,2.79744203,2.36,13.23,13.58,24.18,-0.83,9.72,284.2960675,51.26912472222222,7,low,,10.724082815042284,False,False,0,17.01,2937.1799508170225,2458310.9034,0,0,,,,2026-07-26 17:12:05.538,0.0,34.59254639301741,1.5198998324016568,6.132877784728149,0,2461248.2986752084,0.83,0.041499999999999995,none,2,0.3333333333333333,9.72,16.04524976909084,0.6685520737121183,OK,True,1.650745861017576,1.0,2,0.125,1,4.5,0.5294117647058824,1,1,2,1,1.5687499999999999,3,1.4353125,1.4353125,0,0.42105263157894735,0.32894736842105265,No significant transit timing variation signal currently detected.,Compatible with PIRATE. Target brightness is V=13.2 and the expected transit depth is 24.2 mmag. Estimated minimum aperture is 16 inches.,Poor observability. Only 0% of the transit is observable. Peak altitude reaches 35°. Average airmass is 6.13 (poor observing conditions).,"The ephemeris remains relatively well constrained (0.6 minute uncertainty), but the target has not been observed recently and would benefit from maintenance observations.",This target has a low ExoClock priority. 7 recent observations indicate strong monitoring coverage. No recent literature activity was identified.,This is a lower priority target,This target has only partial visibility.,"{'priority': 'This is a lower priority target', 'score': 1.4353125, 'visibility': 'Poor observability. Only 0% of the transit is observable. Peak altitude reaches 35°. Average airmass is 6.13 (poor observing conditions).', 'ephemeris': 'The ephemeris remains relatively well constrained (0.6 minute uncertainty), but the target has not been observed recently and would benefit from maintenance observations.', 'science': 'This target has a low ExoClock priority. 7 recent observations indicate strong monitoring coverage. No recent literature activity was identified.', 'coordination': 'This target has only partial visibility.', 'network': False, 'campaign': False}","This is a lower priority target. The ephemeris remains relatively well constrained (0.6 minute uncertainty), but the target has not been observed recently and would benefit from maintenance observations.. Poor observability. Only 0% of the transit is observable. Peak altitude reaches 35°. Average airmass is 6.13 (poor observing conditions).. This target has a low ExoClock priority. 7 recent observations indicate strong monitoring coverage. No recent literature activity was identified..",—
K2-30b_897,K2-30b,897,0.5359788327760402,90.0,5.33,2457572.018282,4.09847736,2.33,13.53,12.939,18.69,-1.36,7.74,52.3419775,22.299409444444446,7,low,,7.319791562786624,False,False,0,15.27,3676.0650690170005,2457572.018282,0,0,,,,2026-07-26 20:26:24.563,0.0,-30.900477321866934,-39.308947337163254,,0,2461248.4336176272,1.36,0.068,none,2,0.3333333333333333,7.74,21.088613165211974,0.8786922152171656,OK,True,2.7246270239291954,1.0,2,0.125,1,3.695937468835987,0.4348161728042338,1,1,2,1,1.5687499999999999,3,1.4353125,1.4353125,0,0.42105263157894735,0.32894736842105265,No significant transit timing variation signal currently detected.,Compatible with PIRATE. Target brightness is V=13.5 and the expected transit depth is 18.7 mmag. Estimated minimum aperture is 21 inches.,Poor observability. Only 0% of the transit is observable. Peak altitude reaches -31°.,"The ephemeris remains relatively well constrained (0.5 minute uncertainty), but the target has not been observed recently and would benefit from maintenance observations.",This target has a low ExoClock priority. 7 recent observations indicate strong monitoring coverage. No recent literature activity was identified.,This is a lower priority target,This target has only partial visibility.,"{'priority': 'This is a lower priority target', 'score': 1.4353125, 'visibility': 'Poor observability. Only 0% of the transit is observable. Peak altitude reaches -31°.', 'ephemeris': 'The ephemeris remains relatively well constrained (0.5 minute uncertainty), but the target has not been observed recently and would benefit from maintenance observations.', 'science': 'This target has a low ExoClock priority. 7 recent observations indicate strong monitoring coverage. No recent literature activity was identified.', 'coordination': 'This target has only partial visibility.', 'network': False, 'campaign': False}","This is a lower priority target. The ephemeris remains relatively well constrained (0.5 minute uncertainty), but the target has not been observed recently and would benefit from maintenance observations.. Poor observability. Only 0% of the transit is observable. Peak altitude reaches -31°.. This target has a low ExoClock priority. 7 recent observations indicate strong monitoring coverage. No recent literature activity was identified..",—
KPS-1b_1147,KPS-1b,1147,0.6866813901540609,90.0,4.6899999999999995,2459291.47999,1.70632564,1.69,13.033,12.534,14.1,-0.79,7.05,165.16742541666667,64.96398472222222,21,low,,17.581638168433077,False,False,0,12.47,1956.6033611618914,2459291.47999,0,0,,,,2026-07-27 03:13:57.937,0.0,7.895307672831112,3.12463130601212,14.178737659391592,0,2461248.5513650114,0.79,0.0395,none,2,0.3333333333333333,7.05,22.676588700496588,0.9448578625206911,OK,True,3.216537404325757,1.0,2,0.045454545454545456,1,4.5,0.5294117647058824,1,1,2,1,1.5568181818181817,3,1.4335227272727273,1.4335227272727273,0,0.42105263157894735,0.3233082706766917,No significant transit timing variation signal currently detected.,Compatible with PIRATE. Target brightness is V=13.0 and the expected transit depth is 14.1 mmag. Estimated minimum aperture is 23 inches.,Poor observability. Only 0% of the transit is observable. Peak altitude reaches 8°. Average airmass is 14.18 (poor observing conditions).,"The ephemeris remains relatively well constrained (0.7 minute uncertainty), but the target has not been observed recently and would benefit from maintenance observations.",This target has a low ExoClock priority. 21 recent observations indicate strong monitoring coverage. No recent literature activity was identified.,This is a lower priority target,This target has only partial visibility.,"{'priority': 'This is a lower priority target', 'score': 1.4335227272727273, 'visibility': 'Poor observability. Only 0% of the transit is observable. Peak altitude reaches 8°. Average airmass is 14.18 (poor observing conditions).', 'ephemeris': 'The ephemeris remains relatively well constrained (0.7 minute uncertainty), but the target has not been observed recently and would benefit from maintenance observations.', 'science': 'This target has a low ExoClock priority. 21 recent observations indicate strong monitoring coverage. No recent literature activity was identified.', 'coordination': 'This target has only partial visibility.', 'network': False, 'campaign': False}","This is a lower priority target. The ephemeris remains relatively well constrained (0.7 minute uncertainty), but the target has not been observed recently and would benefit from maintenance observations.. Poor observability. Only 0% of the transit is observable. Peak altitude reaches 8°. Average airmass is 14.18 (poor observing conditions).. This target has a low ExoClock priority. 21 recent observations indicate strong monitoring coverage. No recent literature activity was identified..",—
Kepler-12b_1255,Kepler-12b,1255,0.38108234247205947,90.0,7.69,2455678.579511,4.4379627,4.69,13.8,13.68,18.72,1.01,10.08,286.243425,50.040353055555556,5,low,,6.759858526976804,True,False,0,16.22,5569.50384016661,2455678.579511,0,0,,,,2026-07-26 17:19:32.053,0.0,34.45175507892402,0.591667541015649,8.17905700116827,0,2461248.303843206,1.01,0.0505,none,1,0.16666666666666666,10.08,16.818656011936998,0.7007773338307083,OK,True,1.6685174615016862,1.0,2,0.16666666666666666,1,5.527957558093041,0.650347948010946,1,1,1,1,1.5749999999999997,4,1.38625,1.38625,0,0.42105263157894735,0.31954887218045114,No significant transit timing variation signal currently detected.,Compatible with PIRATE. Target brightness is V=13.8 and the expected transit depth is 18.7 mmag. Estimated minimum aperture is 17 inches.,Poor observability. Only 0% of the transit is observable. Peak altitude reaches 34°. Average airmass is 8.18 (poor observing conditions).,"The ephemeris remains relatively well constrained (0.4 minute uncertainty), but the target has not been observed recently and would benefit from maintenance observations.",This target has a low ExoClock priority. 5 recent observations indicate moderate monitoring coverage. No recent literature activity was identified.,This is a lower priority target,"For this target, multi-site coordination is recommended. This target has only partial visibility.","{'priority': 'This is a lower priority target', 'score': 1.38625, 'visibility': 'Poor observability. Only 0% of the transit is observable. Peak altitude reaches 34°. Average airmass is 8.18 (poor observing conditions).', 'ephemeris': 'The ephemeris remains relatively well constrained (0.4 minute uncertainty), but the target has not been observed recently and would benefit from maintenance observations.', 'science': 'This target has a low ExoClock priority. 5 recent observations indicate moderate monitoring coverage. No recent literature activity was identified.', 'coordination': 'For this target, multi-site coordination is recommended. This target has only partial visibility.', 'network': True, 'campaign': False}","This is a lower priority target. The ephemeris remains relatively well constrained (0.4 minute uncertainty), but the target has not been observed recently and would benefit from maintenance observations.. Poor observability. Only 0% of the transit is observable. Peak altitude reaches 34°. Average airmass is 8.18 (poor observing conditions).. This target has a low ExoClock priority. 5 recent observations indicate moderate monitoring coverage. No recent literature activity was identified.. requires multi-site coordination.",🌍 Network
TOI-836b_547,TOI-836b,547,11.162086782962524,90.0,4.76,2459161.0536,3.816724,1.76,9.937,9.843,0.68,0.0,71.34,225.08082625,-24.454081388888888,0,high,,7.860143934955738,False,False,0,4.62,2087.029751381837,2459161.0536,0,0,,,,2026-07-27 07:13:11.476,0.0,-55.229679155406636,-86.2585454170254,,0,2461248.717493935,0.0,0.0,none,2,0.3333333333333333,71.34,24.317551339475266,1.0132313058114695,Marginal,True,0.340868395563152,0.9738844551140732,4,1.0,1,3.8580431804867215,0.4538874329984378,5,1,2,1,3.0999999999999996,3,2.665,2.595402072879005,1,0.42105263157894735,0.9548872180451128,No significant transit timing variation signal currently detected.,Marginal for PIRATE observations. Target brightness is V=9.9 and the expected transit depth is 0.7 mmag. Estimated minimum aperture is 24 inches.,Poor observability. Only 0% of the transit is observable. Peak altitude reaches -55°.,"The ephemeris remains relatively well constrained (11.2 minute uncertainty), but the target has not been observed recently and would benefit from maintenance observations.",This target has a high ExoClock priority. No recent transit observations have been reported. No recent literature activity was identified.,This is a top priority target,This target has only partial visibility.,"{'priority': 'This is a top priority target', 'score': 2.595402072879005, 'visibility': 'Poor observability. Only 0% of the transit is observable. Peak altitude reaches -55°.', 'ephemeris': 'The ephemeris remains relatively well constrained (11.2 minute uncertainty), but the target has not been observed recently and would benefit from maintenance observations.', 'science': 'This target has a high ExoClock priority. No recent transit observations have been reported. No recent literature activity was identified.', 'coordination': 'This target has only partial visibility.', 'network': False, 'campaign': False}","This is a top priority target. The ephemeris remains relatively well constrained (11.2 minute uncertainty), but the target has not been observed recently and would benefit from maintenance observations.. Poor observability. Only 0% of the transit is observable. Peak altitude reaches -55°.. This target has a high ExoClock priority. No recent transit observations have been reported. No recent literature activity was identified..",—
K2-32d_137,K2-32d,137,199.26029281279324,260.0,13.516666666666666,2456903.7871,31.71701,4.85,12.31,12.11,1.73,0.0,40.17,252.42608374999998,-19.542819444444447,0,high,,0.945864695316488,True,False,0,4.35,4344.2962510255165,2456903.7871,0,0,,,,2026-07-27 12:24:00.225,0.0,-25.005449581696116,-76.1542464657481,,0,2461249.0986137153,0.0,0.0,none,0,0.0,40.17,27.39281792471889,1.1413674135299539,Marginal,True,0.681922278434625,0.7537196274121315,4,1.0,1,3.783759408594946,0.4451481657170525,5,1,1,1,3.0999999999999996,3,2.5149999999999997,1.8956048629415105,1,0.42105263157894735,0.6804511278195489,No significant transit timing variation signal currently detected.,Marginal for PIRATE observations. Target brightness is V=12.3 and the expected transit depth is 1.7 mmag. Estimated minimum aperture is 27 inches.,Poor observability. Only 0% of the transit is observable. Peak altitude reaches -25°.,"Predicted transit timing uncertainty has grown to approximately 199.3 minutes, indicating that additional observations would improve ephemeris precision.",This target has a high ExoClock priority. No recent transit observations have been reported. No recent literature activity was identified.,This is a high priority target,"For this target, multi-site coordination is recommended. This target has only partial visibility.","{'priority': 'This is a high priority target', 'score': 1.8956048629415105, 'visibility': 'Poor observability. Only 0% of the transit is observable. Peak altitude reaches -25°.', 'ephemeris': 'Predicted transit timing uncertainty has grown to approximately 199.3 minutes, indicating that additional observations would improve ephemeris precision.', 'science': 'This target has a high ExoClock priority. No recent transit observations have been reported. No recent literature activity was identified.', 'coordination': 'For this target, multi-site coordination is recommended. This target has only partial visibility.', 'network': True, 'campaign': False}","This is a high priority target. Predicted transit timing uncertainty has grown to approximately 199.3 minutes, indicating that additional observations would improve ephemeris precision.. Poor observability. Only 0% of the transit is observable. Peak altitude reaches -25°.. This target has a high ExoClock priority. No recent transit observations have been reported. No recent literature activity was identified.. requires multi-site coordination.",🌍 Network
HD260655b_508,HD260655b,508,1.2125482698118357,90.0,4.13,2459841.32752,2.7694913,1.13,9.593,8.661,0.78,0.0,58.52,99.29499500000001,17.564814722222224,0,high,,10.832314223193263,False,False,0,5.69,1406.7558309850283,2459841.32752,0,0,,,,2026-07-26 17:28:45.091,0.0,33.93135712208864,-16.083795983193202,9.83134397073587,0,2461248.144966331,0.0,0.0,none,2,0.3333333333333333,58.52,24.184889564471447,1.007703731852977,Marginal,True,0.41327562482008623,0.9847106240076949,4,1.0,1,4.5,0.5294117647058824,2,1,2,1,3.0999999999999996,3,1.9149999999999998,1.8857208449747356,1,0.42105263157894735,0.6466165413533834,No significant transit timing variation signal currently detected.,Marginal for PIRATE observations. Target brightness is V=9.6 and the expected transit depth is 0.8 mmag. Estimated minimum aperture is 24 inches.,Poor observability. Only 0% of the transit is observable. Peak altitude reaches 34°. Average airmass is 9.83 (poor observing conditions).,"The ephemeris remains relatively well constrained (1.2 minute uncertainty), but the target has not been observed recently and would benefit from maintenance observations.",This target has a high ExoClock priority. No recent transit observations have been reported. No recent literature activity was identified.,This is a high priority target,This target has only partial visibility.,"{'priority': 'This is a high priority target', 'score': 1.8857208449747356, 'visibility': 'Poor observability. Only 0% of the transit is observable. Peak altitude reaches 34°. Average airmass is 9.83 (poor observing conditions).', 'ephemeris': 'The ephemeris remains relatively well constrained (1.2 minute uncertainty), but the target has not been observed recently and would benefit from maintenance observations.', 'science': 'This target has a high ExoClock priority. No recent transit observations have been reported. No recent literature activity was identified.', 'coordination': 'This target has only partial visibility.', 'network': False, 'campaign': False}","This is a high priority target. The ephemeris remains relatively well constrained (1.2 minute uncertainty), but the target has not been observed recently and would benefit from maintenance observations.. Poor observability. Only 0% of the transit is observable. Peak altitude reaches 34°. Average airmass is 9.83 (poor observing conditions).. This target has a high ExoClock priority. No recent transit observations have been reported. No recent literature activity was identified..",—
TOI-1860b_2406,TOI-1860b,2406,4.869695621496079,90.0,4.35,2458683.6041,1.0662107,1.35,8.41,8.0,0.19,0.0,210.02,226.4579325,64.04720583333334,0,high,,28.137027700059658,False,False,0,1.66,2564.479251481127,2458683.6041,0,0,,,,2026-07-27 09:44:59.435,0.0,12.713182287448351,2.248678799542926,13.614561227713617,0,2461248.988187905,0.0,0.0,none,2,0.3333333333333333,210.02,26.00081414703496,1.0833672561264567,Marginal,True,0.12380161007063592,0.8464242967898854,4,1.0,1,4.5,0.5294117647058824,3,1,2,1,3.0999999999999996,3,2.165,1.8325086025501018,1,0.42105263157894735,0.5451127819548872,No significant transit timing variation signal currently detected.,Marginal for PIRATE observations. Target brightness is V=8.4 and the expected transit depth is 0.2 mmag. Estimated minimum aperture is 26 inches.,Poor observability. Only 0% of the transit is observable. Peak altitude reaches 13°. Average airmass is 13.61 (poor observing conditions).,"The ephemeris remains relatively well constrained (4.9 minute uncertainty), but the target has not been observed recently and would benefit from maintenance observations.",This target has a high ExoClock priority. No recent transit observations have been reported. No recent literature activity was identified.,This is a moderate priority target,This target has only partial visibility.,"{'priority': 'This is a moderate priority target', 'score': 1.8325086025501018, 'visibility': 'Poor observability. Only 0% of the transit is observable. Peak altitude reaches 13°. Average airmass is 13.61 (poor observing conditions).', 'ephemeris': 'The ephemeris remains relatively well constrained (4.9 minute uncertainty), but the target has not been observed recently and would benefit from maintenance observations.', 'science': 'This target has a high ExoClock priority. No recent transit observations have been reported. No recent literature activity was identified.', 'coordination': 'This target has only partial visibility.', 'network': False, 'campaign': False}","This is a moderate priority target. The ephemeris remains relatively well constrained (4.9 minute uncertainty), but the target has not been observed recently and would benefit from maintenance observations.. Poor observability. Only 0% of the transit is observable. Peak altitude reaches 13°. Average airmass is 13.61 (poor observing conditions).. This target has a high ExoClock priority. No recent transit observations have been reported. No recent literature activity was identified..",—
TOI-169b_766,TOI-169b,766,1.4112945078557282,90.0,4.71,2459520.57167,2.2554415,1.71,12.355,12.011,6.3,-0.56,13.29,16.778346666666668,-75.19887777777778,5,low,,13.301165204240501,False,False,0,7.69,1727.5116812982596,2459520.57167,0,0,,,,2026-07-26 17:44:14.634,0.0,-40.42197395490294,-43.249755439809725,,0,2461248.1557249306,0.56,0.028000000000000004,none,3,0.5,13.29,24.68097441209617,1.0283739338373403,Marginal,True,1.8571086841306375,0.9448322620924967,2,0.16666666666666666,1,4.5,0.5294117647058824,2,1,3,1,1.5749999999999997,3,1.83625,1.734948241267347,1,0.42105263157894735,0.462406015037594,No significant transit timing variation signal currently detected.,Marginal for PIRATE observations. Target brightness is V=12.4 and the expected transit depth is 6.3 mmag. Estimated minimum aperture is 25 inches.,Poor observability. Only 0% of the transit is observable. Peak altitude reaches -40°.,"The ephemeris remains relatively well constrained (1.4 minute uncertainty), but the target has not been observed recently and would benefit from maintenance observations.",This target has a low ExoClock priority. 5 recent observations indicate moderate monitoring coverage. No recent literature activity was identified.,This is a moderate priority target,This target has only partial visibility.,"{'priority': 'This is a moderate priority target', 'score': 1.734948241267347, 'visibility': 'Poor observability. Only 0% of the transit is observable. Peak altitude reaches -40°.', 'ephemeris': 'The ephemeris remains relatively well constrained (1.4 minute uncertainty), but the target has not been observed recently and would benefit from maintenance observations.', 'science': 'This target has a low ExoClock priority. 5 recent observations indicate moderate monitoring coverage. No recent literature activity was identified.', 'coordination': 'This target has only partial visibility.', 'network': False, 'campaign': False}","This is a moderate priority target. The ephemeris remains relatively well constrained (1.4 minute uncertainty), but the target has not been observed recently and would benefit from maintenance observations.. Poor observability. Only 0% of the transit is observable. Peak altitude reaches -40°.. This target has a low ExoClock priority. 5 recent observations indicate moderate monitoring coverage. No recent literature activity was identified..",—
HATS-18b_3158,HATS-18b,3158,0.3489080207039829,90.0,4.9399999999999995,2458602.213805,0.837843826,1.94,14.067,13.641,28.41,0.26,9.94,173.95740458333336,-29.156043055555553,5,low,,35.806195700247365,False,False,0,11.7,2645.869545868598,2458602.213805,0,0,,,,2026-07-26 14:58:16.905,0.0,32.39470542760943,13.939769013638792,2.3555446397804483,0,2461248.184917882,0.26,0.013000000000000001,none,2,0.3333333333333333,9.94,24.004582111465844,1.000190921311077,Marginal,True,2.4149478985378114,0.9996182302704621,2,0.16666666666666666,1,4.5,0.5294117647058824,1,1,2,1,1.5749999999999997,3,1.43625,1.4357016832259513,1,0.42105263157894735,0.33646616541353386,No significant transit timing variation signal currently detected.,Marginal for PIRATE observations. Target brightness is V=14.1 and the expected transit depth is 28.4 mmag. Estimated minimum aperture is 24 inches.,Poor observability. Only 0% of the transit is observable. Peak altitude reaches 32°. Average airmass is 2.36 (marginal observing conditions).,"The ephemeris remains relatively well constrained (0.3 minute uncertainty), but the target has not been observed recently and would benefit from maintenance observations.",This target has a low ExoClock priority. 5 recent observations indicate moderate monitoring coverage. No recent literature activity was identified.,This is a lower priority target,This target has only partial visibility.,"{'priority': 'This is a lower priority target', 'score': 1.4357016832259513, 'visibility': 'Poor observability. Only 0% of the transit is observable. Peak altitude reaches 32°. Average airmass is 2.36 (marginal observing conditions).', 'ephemeris': 'The ephemeris remains relatively well constrained (0.3 minute uncertainty), but the target has not been observed recently and would benefit from maintenance observations.', 'science': 'This target has a low ExoClock priority. 5 recent observations indicate moderate monitoring coverage. No recent literature activity was identified.', 'coordination': 'This target has only partial visibility.', 'network': False, 'campaign': False}","This is a lower priority target. The ephemeris remains relatively well constrained (0.3 minute uncertainty), but the target has not been observed recently and would benefit from maintenance observations.. Poor observability. Only 0% of the transit is observable. Peak altitude reaches 32°. Average airmass is 2.36 (marginal observing conditions).. This target has a low ExoClock priority. 5 recent observations indicate moderate monitoring coverage. No recent literature activity was identified..",—
HATS-18b_3159,HATS-18b,3159,0.34901079733845725,90.0,4.9399999999999995,2458602.213805,0.837843826,1.94,14.067,13.641,28.41,0.26,9.94,173.95740458333336,-29.156043055555553,5,low,,35.806195700247365,False,False,0,11.7,2645.8695458718576,2458602.213805,0,0,,,,2026-07-27 11:04:46.612,0.0,15.240827426891613,-29.254271423806372,15.719342559894299,0,2461249.0435950463,0.26,0.013000000000000001,none,2,0.3333333333333333,9.94,24.004582111465844,1.000190921311077,Marginal,True,2.4149478985378114,0.9996182302704621,2,0.16666666666666666,1,4.5,0.5294117647058824,1,1,2,1,1.5749999999999997,3,1.43625,1.4357016832259513,1,0.42105263157894735,0.33646616541353386,No significant transit timing variation signal currently detected.,Marginal for PIRATE observations. Target brightness is V=14.1 and the expected transit depth is 28.4 mmag. Estimated minimum aperture is 24 inches.,Poor observability. Only 0% of the transit is observable. Peak altitude reaches 15°. Average airmass is 15.72 (poor observing conditions).,"The ephemeris remains relatively well constrained (0.3 minute uncertainty), but the target has not been observed recently and would benefit from maintenance observations.",This target has a low ExoClock priority. 5 recent observations indicate moderate monitoring coverage. No recent literature activity was identified.,This is a lower priority target,This target has only partial visibility.,"{'priority': 'This is a lower priority target', 'score': 1.4357016832259513, 'visibility': 'Poor observability. Only 0% of the transit is observable. Peak altitude reaches 15°. Average airmass is 15.72 (poor observing conditions).', 'ephemeris': 'The ephemeris remains relatively well constrained (0.3 minute uncertainty), but the target has not been observed recently and would benefit from maintenance observations.', 'science': 'This target has a low ExoClock priority. 5 recent observations indicate moderate monitoring coverage. No recent literature activity was identified.', 'coordination': 'This target has only partial visibility.', 'network': False, 'campaign': False}","This is a lower priority target. The ephemeris remains relatively well constrained (0.3 minute uncertainty), but the target has not been observed recently and would benefit from maintenance observations.. Poor observability. Only 0% of the transit is observable. Peak altitude reaches 15°. Average airmass is 15.72 (poor observing conditions).. This target has a low ExoClock priority. 5 recent observations indicate moderate monitoring coverage. No recent literature activity was identified..",—
GJ9827b_2804,GJ9827b,2804,2.765580324282542,90.0,4.27,2457858.51423,1.20897446,1.27,10.1,10.09,0.74,0.0,75.55,351.77015666666665,-1.286273611111111,0,high,,24.81441998369428,False,False,0,3.47,3389.5691207456402,2457858.51423,0,0,,,,2026-07-26 23:28:03.225,0.4083333333333333,39.877203782918734,-11.108452881932504,7.65900105375653,1,2461248.5597595484,0.0,0.0,none,1,0.16666666666666666,75.55,29.58100408053501,1.2325418366889587,Marginal,True,0.3915420791599604,0.6280825492024003,4,1.0,1,4.5,0.5294117647058824,3,1,1,2,3.0999999999999996,3,2.165,1.3597987190231966,1,0.8778195488721805,0.31203007518796994,No significant transit timing variation signal currently detected.,Marginal for PIRATE observations. Target brightness is V=10.1 and the expected transit depth is 0.7 mmag. Estimated minimum aperture is 30 inches.,Limited observability. Approximately 41% of the transit is observable. Peak altitude reaches 40°. Average airmass is 7.66 (poor observing conditions).,"The ephemeris remains relatively well constrained (2.8 minute uncertainty), but the target has not been observed recently and would benefit from maintenance observations.",This target has a high ExoClock priority. No recent transit observations have been reported. No recent literature activity was identified.,This is a lower priority target,This target has only partial visibility.,"{'priority': 'This is a lower priority target', 'score': 1.3597987190231966, 'visibility': 'Limited observability. Approximately 41% of the transit is observable. Peak altitude reaches 40°. Average airmass is 7.66 (poor observing conditions).', 'ephemeris': 'The ephemeris remains relatively well constrained (2.8 minute uncertainty), but the target has not been observed recently and would benefit from maintenance observations.', 'science': 'This target has a high ExoClock priority. No recent transit observations have been reported. No recent literature activity was identified.', 'coordination': 'This target has only partial visibility.', 'network': False, 'campaign': False}","This is a lower priority target. The ephemeris remains relatively well constrained (2.8 minute uncertainty), but the target has not been observed recently and would benefit from maintenance observations.. Limited observability. Approximately 41% of the transit is observable. Peak altitude reaches 40°. Average airmass is 7.66 (poor observing conditions).. This target has a high ExoClock priority. No recent transit observations have been reported. No recent literature activity was identified..",—
WASP-157b_866,WASP-157b,866,0.40360992008104546,90.0,4.9399999999999995,2457826.835939,3.95161598,1.94,12.91,11.954,8.24,-0.12,9.67,201.65529041666667,-8.3175975,3,low,,7.591830823601437,False,False,0,10.96,3421.247412847355,2457826.835939,0,0,,,,2026-07-27 10:25:47.448,0.0,-1.6926720281477459,-53.15615639480998,,0,2461249.0165213887,0.12,0.006,none,3,0.5,9.67,26.161712026597503,1.0900713344415627,Marginal,True,2.705451088582989,0.8351510528434141,2,0.25,1,3.777549247080431,0.4444175584800507,1,1,3,1,1.5875,3,1.5881249999999998,1.3263242657969467,1,0.42105263157894735,0.3082706766917293,No significant transit timing variation signal currently detected.,Marginal for PIRATE observations. Target brightness is V=12.9 and the expected transit depth is 8.2 mmag. Estimated minimum aperture is 26 inches.,Poor observability. Only 0% of the transit is observable. Peak altitude reaches -2°.,"The ephemeris remains relatively well constrained (0.4 minute uncertainty), but the target has not been observed recently and would benefit from maintenance observations.",This target has a low ExoClock priority. 3 recent observations indicate moderate monitoring coverage. No recent literature activity was identified.,This is a lower priority target,This target has only partial visibility.,"{'priority': 'This is a lower priority target', 'score': 1.3263242657969467, 'visibility': 'Poor observability. Only 0% of the transit is observable. Peak altitude reaches -2°.', 'ephemeris': 'The ephemeris remains relatively well constrained (0.4 minute uncertainty), but the target has not been observed recently and would benefit from maintenance observations.', 'science': 'This target has a low ExoClock priority. 3 recent observations indicate moderate monitoring coverage. No recent literature activity was identified.', 'coordination': 'This target has only partial visibility.', 'network': False, 'campaign': False}","This is a lower priority target. The ephemeris remains relatively well constrained (0.4 minute uncertainty), but the target has not been observed recently and would benefit from maintenance observations.. Poor observability. Only 0% of the transit is observable. Peak altitude reaches -2°.. This target has a low ExoClock priority. 3 recent observations indicate moderate monitoring coverage. No recent literature activity was identified..",—
CoRoT-5b_1497,CoRoT-5b,1497,1.0286655944104306,90.0,5.77,2455203.74446,4.0379177,2.77,14.018,13.82,14.93,-1.54,10.62,101.2772525,0.8152513888888889,4,low,,7.42957193010645,False,False,0,7.16,6044.338890697341,2455203.74446,0,0,,,,2026-07-27 00:09:17.813,0.0,-43.04722222163207,-60.91068113253913,,0,2461248.5884006135,1.54,0.077,none,2,0.3333333333333333,10.62,27.093233710190784,1.128884737924616,Marginal,True,2.5511519501121267,0.7727733544966643,2,0.2,1,3.728871579031935,0.43869077400375706,2,1,2,1,1.5799999999999998,3,1.6869999999999998,1.3036686490358724,1,0.42105263157894735,0.30451127819548873,No significant transit timing variation signal currently detected.,Marginal for PIRATE observations. Target brightness is V=14.0 and the expected transit depth is 14.9 mmag. Estimated minimum aperture is 27 inches.,Poor observability. Only 0% of the transit is observable. Peak altitude reaches -43°.,"The ephemeris remains relatively well constrained (1.0 minute uncertainty), but the target has not been observed recently and would benefit from maintenance observations.",This target has a low ExoClock priority. 4 recent observations indicate moderate monitoring coverage. No recent literature activity was identified.,This is a lower priority target,This target has only partial visibility.,"{'priority': 'This is a lower priority target', 'score': 1.3036686490358724, 'visibility': 'Poor observability. Only 0% of the transit is observable. Peak altitude reaches -43°.', 'ephemeris': 'The ephemeris remains relatively well constrained (1.0 minute uncertainty), but the target has not been observed recently and would benefit from maintenance observations.', 'science': 'This target has a low ExoClock priority. 4 recent observations indicate moderate monitoring coverage. No recent literature activity was identified.', 'coordination': 'This target has only partial visibility.', 'network': False, 'campaign': False}","This is a lower priority target. The ephemeris remains relatively well constrained (1.0 minute uncertainty), but the target has not been observed recently and would benefit from maintenance observations.. Poor observability. Only 0% of the transit is observable. Peak altitude reaches -43°.. This target has a low ExoClock priority. 4 recent observations indicate moderate monitoring coverage. No recent literature activity was identified..",—
TOI-431b_5014,TOI-431b,5014,4.9601524029809125,90.0,4.07,2458791.21953,0.49005617,1.07,9.13,8.527,0.34,0.0,134.25,83.26916916666666,-26.724518888888888,0,high,,61.21747227465782,False,False,0,2.18,2456.863821325358,2458791.21953,1,1,Coupled Orbital and Interior Structure Evolution of Lava Planets,2026ApJ..1003..190H,2026-06-00,2026-07-26 20:38:55.592,0.0,-40.906989500906626,-88.39489491494771,,0,2461248.277032315,0.0,0.0,none,2,0.3333333333333333,134.25,30.41580283765446,1.2673251182356025,Marginal,True,0.22656091499183956,0.5858741717303863,4,1.0,2,4.5,0.5294117647058824,3,1,2,1,3.2499999999999996,3,2.1875,1.28159975066022,1,0.42105263157894735,0.2951127819548872,No significant transit timing variation signal currently detected.,Marginal for PIRATE observations. Target brightness is V=9.1 and the expected transit depth is 0.3 mmag. Estimated minimum aperture is 30 inches.,Poor observability. Only 0% of the transit is observable. Peak altitude reaches -41°.,"The ephemeris remains relatively well constrained (5.0 minute uncertainty), but the target has not been observed recently and would benefit from maintenance observations.","This target has a high ExoClock priority. No recent transit observations have been reported. 1 papers were identified in the last 12 months and 1 papers in the last 36 months. Latest publication: ""Coupled Orbital and Interior Structure Evolution of Lava Planets"".",This is a lower priority target,This target has only partial visibility.,"{'priority': 'This is a lower priority target', 'score': 1.28159975066022, 'visibility': 'Poor observability. Only 0% of the transit is observable. Peak altitude reaches -41°.', 'ephemeris': 'The ephemeris remains relatively well constrained (5.0 minute uncertainty), but the target has not been observed recently and would benefit from maintenance observations.', 'science': 'This target has a high ExoClock priority. No recent transit observations have been reported. 1 papers were identified in the last 12 months and 1 papers in the last 36 months. Latest publication: ""Coupled Orbital and Interior Structure Evolution of Lava Planets"".', 'coordination': 'This target has only partial visibility.', 'network': False, 'campaign': False}","This is a lower priority target. The ephemeris remains relatively well constrained (5.0 minute uncertainty), but the target has not been observed recently and would benefit from maintenance observations.. Poor observability. Only 0% of the transit is observable. Peak altitude reaches -41°.. This target has a high ExoClock priority. No recent transit observations have been reported. 1 papers were identified in the last 12 months and 1 papers in the last 36 months. Latest publication: ""Coupled Orbital and Interior Structure Evolution of Lava Planets""..",—
TOI-431b_5015,TOI-431b,5015,4.961121646699145,90.0,4.07,2458791.21953,0.49005617,1.07,9.13,8.527,0.34,0.0,134.25,83.26916916666666,-26.724518888888888,0,high,,61.21747227465782,False,False,0,2.18,2456.8638213290833,2458791.21953,1,1,Coupled Orbital and Interior Structure Evolution of Lava Planets,2026ApJ..1003..190H,2026-06-00,2026-07-27 08:24:36.445,0.0,34.99683996817852,11.125350394185052,2.4737433083095626,0,2461248.9309773725,0.0,0.0,none,2,0.3333333333333333,134.25,30.41580283765446,1.2673251182356025,Marginal,True,0.22656091499183956,0.5858741717303863,4,1.0,2,4.5,0.5294117647058824,3,1,2,1,3.2499999999999996,3,2.1875,1.28159975066022,1,0.42105263157894735,0.2951127819548872,No significant transit timing variation signal currently detected.,Marginal for PIRATE observations. Target brightness is V=9.1 and the expected transit depth is 0.3 mmag. Estimated minimum aperture is 30 inches.,Poor observability. Only 0% of the transit is observable. Peak altitude reaches 35°. Average airmass is 2.47 (marginal observing conditions).,"The ephemeris remains relatively well constrained (5.0 minute uncertainty), but the target has not been observed recently and would benefit from maintenance observations.","This target has a high ExoClock priority. No recent transit observations have been reported. 1 papers were identified in the last 12 months and 1 papers in the last 36 months. Latest publication: ""Coupled Orbital and Interior Structure Evolution of Lava Planets"".",This is a lower priority target,This target has only partial visibility.,"{'priority': 'This is a lower priority target', 'score': 1.28159975066022, 'visibility': 'Poor observability. Only 0% of the transit is observable. Peak altitude reaches 35°. Average airmass is 2.47 (marginal observing conditions).', 'ephemeris': 'The ephemeris remains relatively well constrained (5.0 minute uncertainty), but the target has not been observed recently and would benefit from maintenance observations.', 'science': 'This target has a high ExoClock priority. No recent transit observations have been reported. 1 papers were identified in the last 12 months and 1 papers in the last 36 months. Latest publication: ""Coupled Orbital and Interior Structure Evolution of Lava Planets"".', 'coordination': 'This target has only partial visibility.', 'network': False, 'campaign': False}","This is a lower priority target. The ephemeris remains relatively well constrained (5.0 minute uncertainty), but the target has not been observed recently and would benefit from maintenance observations.. Poor observability. Only 0% of the transit is observable. Peak altitude reaches 35°. Average airmass is 2.47 (marginal observing conditions).. This target has a high ExoClock priority. No recent transit observations have been reported. 1 papers were identified in the last 12 months and 1 papers in the last 36 months. Latest publication: ""Coupled Orbital and Interior Structure Evolution of Lava Planets""..",—
HAT-P-61b_822,HAT-P-61b,822,0.5862162180765284,90.0,4.67,2459685.04073,1.90231296,1.67,13.188,12.974,10.41,1.3,11.09,75.48024041666667,50.13127055555556,17,low,,15.770275780489873,False,False,0,8.17,1563.0426208432764,2459685.04073,0,0,,,,2026-07-27 05:47:18.158,0.2916666666666667,57.85599245063332,20.85681655734893,1.7012406472451704,1,2461248.8231268288,1.3,0.065,none,2,0.3333333333333333,11.09,28.513270316078085,1.188052929836587,Marginal,True,2.571079379267636,0.6865296533907147,2,0.05555555555555555,1,4.5,0.5294117647058824,1,1,2,2,1.5583333333333331,3,1.58375,1.0872913385575445,1,0.8609022556390977,0.2857142857142857,No significant transit timing variation signal currently detected.,Marginal for PIRATE observations. Target brightness is V=13.2 and the expected transit depth is 10.4 mmag. Estimated minimum aperture is 29 inches.,Poor observability. Only 29% of the transit is observable. Peak altitude reaches 58°. Average airmass is 1.70 (good observing conditions).,"The ephemeris remains relatively well constrained (0.6 minute uncertainty), but the target has not been observed recently and would benefit from maintenance observations.",This target has a low ExoClock priority. 17 recent observations indicate strong monitoring coverage. No recent literature activity was identified.,This is a lower priority target,This target has only partial visibility.,"{'priority': 'This is a lower priority target', 'score': 1.0872913385575445, 'visibility': 'Poor observability. Only 29% of the transit is observable. Peak altitude reaches 58°. Average airmass is 1.70 (good observing conditions).', 'ephemeris': 'The ephemeris remains relatively well constrained (0.6 minute uncertainty), but the target has not been observed recently and would benefit from maintenance observations.', 'science': 'This target has a low ExoClock priority. 17 recent observations indicate strong monitoring coverage. No recent literature activity was identified.', 'coordination': 'This target has only partial visibility.', 'network': False, 'campaign': False}","This is a lower priority target. The ephemeris remains relatively well constrained (0.6 minute uncertainty), but the target has not been observed recently and would benefit from maintenance observations.. Poor observability. Only 29% of the transit is observable. Peak altitude reaches 58°. Average airmass is 1.70 (good observing conditions).. This target has a low ExoClock priority. 17 recent observations indicate strong monitoring coverage. No recent literature activity was identified..",—
Kepler-17b_3729,Kepler-17b,3729,0.2750816589891481,90.0,5.29,2455708.649046,1.485710988,2.29,14.307,13.6,22.48,0.17,9.79,298.3952679166667,47.815013611111105,21,low,,20.19235251156398,False,False,0,8.49,5539.434305171482,2455708.649046,0,0,,,,2026-07-27 08:44:54.486,0.0,19.900453578199684,-9.41241861169035,17.76545841830106,0,2461248.7811861807,0.17,0.0085,none,2,0.3333333333333333,9.79,27.740528901090077,1.1558553708787531,Marginal,True,2.833557599702766,0.732193290544227,2,0.045454545454545456,1,4.5,0.5294117647058824,1,1,2,1,1.5568181818181817,3,1.4335227272727273,1.0496157227517526,1,0.42105263157894735,0.2819548872180451,No significant transit timing variation signal currently detected.,Marginal for PIRATE observations. Target brightness is V=14.3 and the expected transit depth is 22.5 mmag. Estimated minimum aperture is 28 inches.,Poor observability. Only 0% of the transit is observable. Peak altitude reaches 20°. Average airmass is 17.77 (poor observing conditions).,"The ephemeris remains relatively well constrained (0.3 minute uncertainty), but the target has not been observed recently and would benefit from maintenance observations.",This target has a low ExoClock priority. 21 recent observations indicate strong monitoring coverage. No recent literature activity was identified.,This is a lower priority target,This target has only partial visibility.,"{'priority': 'This is a lower priority target', 'score': 1.0496157227517526, 'visibility': 'Poor observability. Only 0% of the transit is observable. Peak altitude reaches 20°. Average airmass is 17.77 (poor observing conditions).', 'ephemeris': 'The ephemeris remains relatively well constrained (0.3 minute uncertainty), but the target has not been observed recently and would benefit from maintenance observations.', 'science': 'This target has a low ExoClock priority. 21 recent observations indicate strong monitoring coverage. No recent literature activity was identified.', 'coordination': 'This target has only partial visibility.', 'network': False, 'campaign': False}","This is a lower priority target. The ephemeris remains relatively well constrained (0.3 minute uncertainty), but the target has not been observed recently and would benefit from maintenance observations.. Poor observability. Only 0% of the transit is observable. Peak altitude reaches 20°. Average airmass is 17.77 (poor observing conditions).. This target has a low ExoClock priority. 21 recent observations indicate strong monitoring coverage. No recent literature activity was identified..",—
HATS-47b_694,HATS-47b,694,0.8377557942812166,90.0,5.01,2458526.50814,3.92280482,2.01,14.805,14.13,37.68,0.84,11.95,287.48437624999997,-49.66496333333333,1,medium,,7.647589257321245,False,False,0,13.11,2721.575210907962,2458526.50814,0,0,,,,2026-07-27 10:24:47.607,0.0,-44.61218337375093,-68.67804176578385,,0,2461248.850551007,0.84,0.041999999999999996,none,2,0.3333333333333333,11.95,28.76584631981557,1.1985769299923155,Marginal,True,2.407183792453186,0.6722305882874449,3,0.5,1,3.794276777196374,0.4463855031995734,1,1,2,1,2.3249999999999997,3,1.54875,1.0411171236101804,1,0.42105263157894735,0.2781954887218045,No significant transit timing variation signal currently detected.,Marginal for PIRATE observations. Target brightness is V=14.8 and the expected transit depth is 37.7 mmag. Estimated minimum aperture is 29 inches.,Poor observability. Only 0% of the transit is observable. Peak altitude reaches -45°.,"The ephemeris remains relatively well constrained (0.8 minute uncertainty), but the target has not been observed recently and would benefit from maintenance observations.",This target has a medium ExoClock priority. 1 recent transit observations have been recorded. No recent literature activity was identified.,This is a lower priority target,This target has only partial visibility.,"{'priority': 'This is a lower priority target', 'score': 1.0411171236101804, 'visibility': 'Poor observability. Only 0% of the transit is observable. Peak altitude reaches -45°.', 'ephemeris': 'The ephemeris remains relatively well constrained (0.8 minute uncertainty), but the target has not been observed recently and would benefit from maintenance observations.', 'science': 'This target has a medium ExoClock priority. 1 recent transit observations have been recorded. No recent literature activity was identified.', 'coordination': 'This target has only partial visibility.', 'network': False, 'campaign': False}","This is a lower priority target. The ephemeris remains relatively well constrained (0.8 minute uncertainty), but the target has not been observed recently and would benefit from maintenance observations.. Poor observability. Only 0% of the transit is observable. Peak altitude reaches -45°.. This target has a medium ExoClock priority. 1 recent transit observations have been recorded. No recent literature activity was identified..",—
HATS-67b_2145,HATS-67b,2145,0.9575709748984417,90.0,4.98,2457796.8820711,1.60918353,1.98,13.653,13.354,13.98,-1.26,9.04,180.20882583333332,-46.13642333333333,7,low,,18.642994686877017,False,False,0,7.18,3451.201279831119,2457796.8820711,0,0,,,,2026-07-27 01:55:07.007,0.0,-30.97696519532811,-68.94989827053001,,0,2461248.496608877,1.26,0.063,none,2,0.3333333333333333,9.04,27.992678153188734,1.1663615897161972,Marginal,True,3.0965351939368073,0.7169686383531384,2,0.125,1,4.5,0.5294117647058824,1,1,2,1,1.5687499999999999,3,1.4353125,1.0290740487362389,1,0.42105263157894735,0.2744360902255639,No significant transit timing variation signal currently detected.,Marginal for PIRATE observations. Target brightness is V=13.7 and the expected transit depth is 14.0 mmag. Estimated minimum aperture is 28 inches.,Poor observability. Only 0% of the transit is observable. Peak altitude reaches -31°.,"The ephemeris remains relatively well constrained (1.0 minute uncertainty), but the target has not been observed recently and would benefit from maintenance observations.",This target has a low ExoClock priority. 7 recent observations indicate strong monitoring coverage. No recent literature activity was identified.,This is a lower priority target,This target has only partial visibility.,"{'priority': 'This is a lower priority target', 'score': 1.0290740487362389, 'visibility': 'Poor observability. Only 0% of the transit is observable. Peak altitude reaches -31°.', 'ephemeris': 'The ephemeris remains relatively well constrained (1.0 minute uncertainty), but the target has not been observed recently and would benefit from maintenance observations.', 'science': 'This target has a low ExoClock priority. 7 recent observations indicate strong monitoring coverage. No recent literature activity was identified.', 'coordination': 'This target has only partial visibility.', 'network': False, 'campaign': False}","This is a lower priority target. The ephemeris remains relatively well constrained (1.0 minute uncertainty), but the target has not been observed recently and would benefit from maintenance observations.. Poor observability. Only 0% of the transit is observable. Peak altitude reaches -31°.. This target has a low ExoClock priority. 7 recent observations indicate strong monitoring coverage. No recent literature activity was identified..",—
TOI-1937Ab_1669,TOI-1937Ab,1669,0.6213688643631161,90.0,4.37,2459668.11819,0.94667899,1.37,13.246,13.027,13.44,-1.46,9.27,116.37076083333334,-52.38330722222222,3,low,,31.6897283206845,False,False,0,9.13,1579.9651614855975,2459668.11819,0,0,,,,2026-07-26 14:59:27.477,0.0,9.078442043677596,-8.936016270027261,22.68416806388954,0,2461248.041290243,1.46,0.073,none,2,0.3333333333333333,9.27,28.455794364120333,1.1856580985050138,Marginal,True,3.0696649799482563,0.6898257862195311,2,0.25,1,4.5,0.5294117647058824,1,1,2,1,1.5875,3,1.438125,0.9920557088069631,1,0.42105263157894735,0.2650375939849624,No significant transit timing variation signal currently detected.,Marginal for PIRATE observations. Target brightness is V=13.2 and the expected transit depth is 13.4 mmag. Estimated minimum aperture is 28 inches.,Poor observability. Only 0% of the transit is observable. Peak altitude reaches 9°. Average airmass is 22.68 (poor observing conditions).,"The ephemeris remains relatively well constrained (0.6 minute uncertainty), but the target has not been observed recently and would benefit from maintenance observations.",This target has a low ExoClock priority. 3 recent observations indicate moderate monitoring coverage. No recent literature activity was identified.,This is a lower priority target,This target has only partial visibility.,"{'priority': 'This is a lower priority target', 'score': 0.9920557088069631, 'visibility': 'Poor observability. Only 0% of the transit is observable. Peak altitude reaches 9°. Average airmass is 22.68 (poor observing conditions).', 'ephemeris': 'The ephemeris remains relatively well constrained (0.6 minute uncertainty), but the target has not been observed recently and would benefit from maintenance observations.', 'science': 'This target has a low ExoClock priority. 3 recent observations indicate moderate monitoring coverage. No recent literature activity was identified.', 'coordination': 'This target has only partial visibility.', 'network': False, 'campaign': False}","This is a lower priority target. The ephemeris remains relatively well constrained (0.6 minute uncertainty), but the target has not been observed recently and would benefit from maintenance observations.. Poor observability. Only 0% of the transit is observable. Peak altitude reaches 9°. Average airmass is 22.68 (poor observing conditions).. This target has a low ExoClock priority. 3 recent observations indicate moderate monitoring coverage. No recent literature activity was identified..",—
TOI-1937Ab_1670,TOI-1937Ab,1670,0.621716977410078,90.0,4.37,2459668.11819,0.94667899,1.37,13.246,13.027,13.44,-1.46,9.27,116.37076083333334,-52.38330722222222,3,low,,31.6897283206845,False,False,0,9.13,1579.9651614883915,2459668.11819,0,0,,,,2026-07-27 13:42:40.542,0.0,9.253288916930158,-0.7517969782505761,32.706416947123124,0,2461249.0213025697,1.46,0.073,none,2,0.3333333333333333,9.27,28.455794364120333,1.1856580985050138,Marginal,True,3.0696649799482563,0.6898257862195311,2,0.25,1,4.5,0.5294117647058824,1,1,2,1,1.5875,3,1.438125,0.9920557088069631,1,0.42105263157894735,0.2650375939849624,No significant transit timing variation signal currently detected.,Marginal for PIRATE observations. Target brightness is V=13.2 and the expected transit depth is 13.4 mmag. Estimated minimum aperture is 28 inches.,Poor observability. Only 0% of the transit is observable. Peak altitude reaches 9°. Average airmass is 32.71 (poor observing conditions).,"The ephemeris remains relatively well constrained (0.6 minute uncertainty), but the target has not been observed recently and would benefit from maintenance observations.",This target has a low ExoClock priority. 3 recent observations indicate moderate monitoring coverage. No recent literature activity was identified.,This is a lower priority target,This target has only partial visibility.,"{'priority': 'This is a lower priority target', 'score': 0.9920557088069631, 'visibility': 'Poor observability. Only 0% of the transit is observable. Peak altitude reaches 9°. Average airmass is 32.71 (poor observing conditions).', 'ephemeris': 'The ephemeris remains relatively well constrained (0.6 minute uncertainty), but the target has not been observed recently and would benefit from maintenance observations.', 'science': 'This target has a low ExoClock priority. 3 recent observations indicate moderate monitoring coverage. No recent literature activity was identified.', 'coordination': 'This target has only partial visibility.', 'network': False, 'campaign': False}","This is a lower priority target. The ephemeris remains relatively well constrained (0.6 minute uncertainty), but the target has not been observed recently and would benefit from maintenance observations.. Poor observability. Only 0% of the transit is observable. Peak altitude reaches 9°. Average airmass is 32.71 (poor observing conditions).. This target has a low ExoClock priority. 3 recent observations indicate moderate monitoring coverage. No recent literature activity was identified..",—
TOI-3235b_601,TOI-3235b,601,0.3606988394272835,90.0,4.48,2459690.00173,2.59261842,1.48,15.699,14.5,103.09,-0.16,13.81,207.47490666666667,-46.06623722222222,4,low,,11.571313298005498,False,False,0,36.13,1558.0816215570085,2459690.00173,0,0,,,,2026-07-26 15:57:01.413,0.0,14.810199699014897,-8.181049920810834,58.95436647370876,0,2461248.246544132,0.16,0.008,none,2,0.3333333333333333,13.81,30.590847160631395,1.2746186316929748,Marginal,True,2.2151228936011145,0.5773900389932315,2,0.2,1,4.5,0.5294117647058824,1,1,2,1,1.5799999999999998,3,1.437,0.8297094860332737,1,0.42105263157894735,0.2556390977443609,No significant transit timing variation signal currently detected.,Marginal for PIRATE observations. Target brightness is V=15.7 and the expected transit depth is 103.1 mmag. Estimated minimum aperture is 31 inches.,Poor observability. Only 0% of the transit is observable. Peak altitude reaches 15°. Average airmass is 58.95 (poor observing conditions).,"The ephemeris remains relatively well constrained (0.4 minute uncertainty), but the target has not been observed recently and would benefit from maintenance observations.",This target has a low ExoClock priority. 4 recent observations indicate moderate monitoring coverage. No recent literature activity was identified.,This is a lower priority target,This target has only partial visibility.,"{'priority': 'This is a lower priority target', 'score': 0.8297094860332737, 'visibility': 'Poor observability. Only 0% of the transit is observable. Peak altitude reaches 15°. Average airmass is 58.95 (poor observing conditions).', 'ephemeris': 'The ephemeris remains relatively well constrained (0.4 minute uncertainty), but the target has not been observed recently and would benefit from maintenance observations.', 'science': 'This target has a low ExoClock priority. 4 recent observations indicate moderate monitoring coverage. No recent literature activity was identified.', 'coordination': 'This target has only partial visibility.', 'network': False, 'campaign': False}","This is a lower priority target. The ephemeris remains relatively well constrained (0.4 minute uncertainty), but the target has not been observed recently and would benefit from maintenance observations.. Poor observability. Only 0% of the transit is observable. Peak altitude reaches 15°. Average airmass is 58.95 (poor observing conditions).. This target has a low ExoClock priority. 4 recent observations indicate moderate monitoring coverage. No recent literature activity was identified..",—
TOI-1807b_7733,TOI-1807b,7733,85.26654723776407,146.0,5.836666666666666,2457000.166,0.549372,0.97,9.97,9.408,0.7,0.0,76.73,201.28331583333332,38.922484999999995,0,high,,54.60780673205041,False,False,0,2.99,4247.9173514721915,2457000.166,0,0,,,,2026-07-26 23:00:46.823,0.6166666666666667,54.052291741812354,9.321614342031928,2.4050601532372196,1,2461248.375541933,0.0,0.0,none,2,0.3333333333333333,76.73,32.77900334263627,1.365791805943178,Not suitable,False,0.4271993137317382,0.48114643723859624,4,1.0,1,3.0,0.35294117647058826,5,1,2,3,3.0999999999999996,2,2.865,1.3784845426885783,3,0.9398496240601504,0.3157894736842105,No significant transit timing variation signal currently detected.,Not suitable for routine PIRATE observations. Target brightness is V=10.0 and the expected transit depth is 0.7 mmag. Estimated minimum aperture is 33 inches.,Moderate observability. Approximately 62% of the transit is observable. Peak altitude reaches 54°. Average airmass is 2.41 (marginal observing conditions).,"Predicted transit timing uncertainty has grown to approximately 85.3 minutes, indicating that additional observations would improve ephemeris precision.",This target has a high ExoClock priority. No recent transit observations have been reported. No recent literature activity was identified.,This is a lower priority target,There is no special coordination required.,"{'priority': 'This is a lower priority target', 'score': 1.3784845426885783, 'visibility': 'Moderate observability. Approximately 62% of the transit is observable. Peak altitude reaches 54°. Average airmass is 2.41 (marginal observing conditions).', 'ephemeris': 'Predicted transit timing uncertainty has grown to approximately 85.3 minutes, indicating that additional observations would improve ephemeris precision.', 'science': 'This target has a high ExoClock priority. No recent transit observations have been reported. No recent literature activity was identified.', 'coordination': 'There is no special coordination required.', 'network': False, 'campaign': False}","This is a lower priority target. Predicted transit timing uncertainty has grown to approximately 85.3 minutes, indicating that additional observations would improve ephemeris precision.. Moderate observability. Approximately 62% of the transit is observable. Peak altitude reaches 54°. Average airmass is 2.41 (marginal observing conditions).. This target has a high ExoClock priority. No recent transit observations have been reported. No recent literature activity was identified..",—
TOI-1807b_7734,TOI-1807b,7734,85.2757622307638,146.0,5.836666666666666,2457000.166,0.549372,0.97,9.97,9.408,0.7,0.0,76.73,201.28331583333332,38.922484999999995,0,high,,54.60780673205041,False,False,0,2.99,4247.917351475451,2457000.166,0,0,,,,2026-07-27 12:11:52.564,0.0,39.53965190516319,-2.6476963462238214,13.411821568913343,0,2461249.090191713,0.0,0.0,none,2,0.3333333333333333,76.73,32.77900334263627,1.365791805943178,Not suitable,False,0.4271993137317382,0.48114643723859624,4,1.0,1,4.5,0.5294117647058824,5,1,2,1,3.0999999999999996,3,2.665,1.282255255240859,3,0.42105263157894735,0.3007518796992481,No significant transit timing variation signal currently detected.,Not suitable for routine PIRATE observations. Target brightness is V=10.0 and the expected transit depth is 0.7 mmag. Estimated minimum aperture is 33 inches.,Poor observability. Only 0% of the transit is observable. Peak altitude reaches 40°. Average airmass is 13.41 (poor observing conditions).,"Predicted transit timing uncertainty has grown to approximately 85.3 minutes, indicating that additional observations would improve ephemeris precision.",This target has a high ExoClock priority. No recent transit observations have been reported. No recent literature activity was identified.,This is a lower priority target,This target has only partial visibility.,"{'priority': 'This is a lower priority target', 'score': 1.282255255240859, 'visibility': 'Poor observability. Only 0% of the transit is observable. Peak altitude reaches 40°. Average airmass is 13.41 (poor observing conditions).', 'ephemeris': 'Predicted transit timing uncertainty has grown to approximately 85.3 minutes, indicating that additional observations would improve ephemeris precision.', 'science': 'This target has a high ExoClock priority. No recent transit observations have been reported. No recent literature activity was identified.', 'coordination': 'This target has only partial visibility.', 'network': False, 'campaign': False}","This is a lower priority target. Predicted transit timing uncertainty has grown to approximately 85.3 minutes, indicating that additional observations would improve ephemeris precision.. Poor observability. Only 0% of the transit is observable. Peak altitude reaches 40°. Average airmass is 13.41 (poor observing conditions).. This target has a high ExoClock priority. No recent transit observations have been reported. No recent literature activity was identified..",—
K2-79b_377,K2-79b,377,255.15646714343924,316.0,15.383333333333333,2457103.2275,10.9947,4.85,12.07,11.97,1.0,0.0,66.58,55.25589583333334,13.519364722222223,0,high,,2.728587410297689,True,False,0,2.81,4144.855851038359,2457103.2275,0,0,,,,2026-07-26 17:29:10.977,0.0,-5.907807555458743,-45.382640489732836,,0,2461248.1452659373,0.0,0.0,none,0,0.0,66.58,32.25965825849882,1.3441524274374508,Not suitable,False,0.4845247560603607,0.5024270343454494,4,1.0,1,4.318576223089306,0.5080677909516831,5,1,1,1,3.0999999999999996,3,2.5149999999999997,1.263603991378805,3,0.42105263157894735,0.2894736842105263,No significant transit timing variation signal currently detected.,Not suitable for routine PIRATE observations. Target brightness is V=12.1 and the expected transit depth is 1.0 mmag. Estimated minimum aperture is 32 inches.,Poor observability. Only 0% of the transit is observable. Peak altitude reaches -6°.,"Predicted transit timing uncertainty has grown to approximately 255.2 minutes, indicating that additional observations would improve ephemeris precision.",This target has a high ExoClock priority. No recent transit observations have been reported. No recent literature activity was identified.,This is a lower priority target,"For this target, multi-site coordination is recommended. This target has only partial visibility.","{'priority': 'This is a lower priority target', 'score': 1.263603991378805, 'visibility': 'Poor observability. Only 0% of the transit is observable. Peak altitude reaches -6°.', 'ephemeris': 'Predicted transit timing uncertainty has grown to approximately 255.2 minutes, indicating that additional observations would improve ephemeris precision.', 'science': 'This target has a high ExoClock priority. No recent transit observations have been reported. No recent literature activity was identified.', 'coordination': 'For this target, multi-site coordination is recommended. This target has only partial visibility.', 'network': True, 'campaign': False}","This is a lower priority target. Predicted transit timing uncertainty has grown to approximately 255.2 minutes, indicating that additional observations would improve ephemeris precision.. Poor observability. Only 0% of the transit is observable. Peak altitude reaches -6°.. This target has a high ExoClock priority. No recent transit observations have been reported. No recent literature activity was identified.. requires multi-site coordination.",🌍 Network
TOI-2048b_182,TOI-2048b,182,171.2261729526188,232.0,10.823333333333334,2458739.1174,13.79019,3.09,11.43,11.068,0.75,0.0,74.6,237.92417874999998,52.30631416666667,0,high,,2.1754595114353026,True,False,0,2.18,2508.965951497201,2458739.1174,0,0,,,,2026-07-27 10:20:53.889,0.0,3.8911006925986795,-9.469511213942424,67.52042518974763,0,2461249.0131237153,0.0,0.0,none,0,0.0,74.6,34.75527748781124,1.4481365619921351,Not suitable,False,0.46588843817441344,0.40808772151110506,4,1.0,1,4.1526378534305906,0.4885456298153636,5,1,1,1,3.0999999999999996,3,2.5149999999999997,1.026340619600429,3,0.42105263157894735,0.2706766917293233,No significant transit timing variation signal currently detected.,Not suitable for routine PIRATE observations. Target brightness is V=11.4 and the expected transit depth is 0.8 mmag. Estimated minimum aperture is 35 inches.,Poor observability. Only 0% of the transit is observable. Peak altitude reaches 4°. Average airmass is 67.52 (poor observing conditions).,"Predicted transit timing uncertainty has grown to approximately 171.2 minutes, indicating that additional observations would improve ephemeris precision.",This target has a high ExoClock priority. No recent transit observations have been reported. No recent literature activity was identified.,This is a lower priority target,"For this target, multi-site coordination is recommended. This target has only partial visibility.","{'priority': 'This is a lower priority target', 'score': 1.026340619600429, 'visibility': 'Poor observability. Only 0% of the transit is observable. Peak altitude reaches 4°. Average airmass is 67.52 (poor observing conditions).', 'ephemeris': 'Predicted transit timing uncertainty has grown to approximately 171.2 minutes, indicating that additional observations would improve ephemeris precision.', 'science': 'This target has a high ExoClock priority. No recent transit observations have been reported. No recent literature activity was identified.', 'coordination': 'For this target, multi-site coordination is recommended. This target has only partial visibility.', 'network': True, 'campaign': False}","This is a lower priority target. Predicted transit timing uncertainty has grown to approximately 171.2 minutes, indicating that additional observations would improve ephemeris precision.. Poor observability. Only 0% of the transit is observable. Peak altitude reaches 4°. Average airmass is 67.52 (poor observing conditions).. This target has a high ExoClock priority. No recent transit observations have been reported. No recent literature activity was identified.. requires multi-site coordination.",🌍 Network
TOI-3629b_413,TOI-3629b,413,1.7462547515596483,90.0,5.25,2459622.74234,3.9365539,2.25,14.633,14.0,21.06,2.7,11.37,359.79235124999997,39.314251111111105,8,low,,7.6208787589571685,False,False,0,13.17,1625.34101156611,2459622.74234,0,0,,,,2026-07-27 00:55:09.117,0.9666666666666667,63.96061411621221,18.82320334429384,1.6955379974151925,1,2461248.62024441,2.7,0.135,none,2,0.3333333333333333,11.37,33.59774961467228,1.3999062339446784,Not suitable,False,2.9549471956615903,0.4494132356277958,2,0.1111111111111111,1,2.28626362768715,0.2689721914926059,2,1,2,5,1.5666666666666664,2,2.185,0.9819679198467338,3,0.9887218045112782,0.2593984962406015,No significant transit timing variation signal currently detected.,Not suitable for routine PIRATE observations. Target brightness is V=14.6 and the expected transit depth is 21.1 mmag. Estimated minimum aperture is 34 inches.,Excellent observability. Approximately 97% of the transit is observable. Peak altitude reaches 64°. Average airmass is 1.70 (good observing conditions).,"The ephemeris remains relatively well constrained (1.7 minute uncertainty), but the target has not been observed recently and would benefit from maintenance observations.",This target has a low ExoClock priority. 8 recent observations indicate strong monitoring coverage. No recent literature activity was identified.,This is a lower priority target,There is no special coordination required.,"{'priority': 'This is a lower priority target', 'score': 0.9819679198467338, 'visibility': 'Excellent observability. Approximately 97% of the transit is observable. Peak altitude reaches 64°. Average airmass is 1.70 (good observing conditions).', 'ephemeris': 'The ephemeris remains relatively well constrained (1.7 minute uncertainty), but the target has not been observed recently and would benefit from maintenance observations.', 'science': 'This target has a low ExoClock priority. 8 recent observations indicate strong monitoring coverage. No recent literature activity was identified.', 'coordination': 'There is no special coordination required.', 'network': False, 'campaign': False}","This is a lower priority target. The ephemeris remains relatively well constrained (1.7 minute uncertainty), but the target has not been observed recently and would benefit from maintenance observations.. Excellent observability. Approximately 97% of the transit is observable. Peak altitude reaches 64°. Average airmass is 1.70 (good observing conditions).. This target has a low ExoClock priority. 8 recent observations indicate strong monitoring coverage. No recent literature activity was identified..",—
TOI-969b_1097,TOI-969b,1097,3.201608059959562,90.0,4.52,2459248.37709,1.8237305,1.52,11.65,10.997,1.86,0.53,35.05,115.13683208333333,2.0989233333333335,1,high,,16.449798914916432,False,False,0,4.27,1999.7062613894232,2459248.37709,1,1,Exoplanet transits through the exoclock project in support of the Ariel space mission,2025epsc.conf.1682D,2025-09-00,2026-07-27 12:12:27.167,0.0,63.73788147925087,48.45644247556437,1.1722955021061092,0,2461249.0183699885,0.53,0.026500000000000003,none,1,0.16666666666666666,35.05,34.821892111762054,1.450912171323419,Not suitable,False,0.9934919290089032,0.40582861353805,4,0.5,2,4.5,0.5294117647058824,3,1,1,1,3.175,3,2.02625,0.8223102281814738,3,0.42105263157894735,0.2518796992481203,No significant transit timing variation signal currently detected.,Not suitable for routine PIRATE observations. Target brightness is V=11.7 and the expected transit depth is 1.9 mmag. Estimated minimum aperture is 35 inches.,Poor observability. Only 0% of the transit is observable. Peak altitude reaches 64°. Average airmass is 1.17 (excellent observing conditions).,"The ephemeris remains relatively well constrained (3.2 minute uncertainty), but the target has not been observed recently and would benefit from maintenance observations.","This target has a high ExoClock priority. 1 recent transit observations have been recorded. 1 papers were identified in the last 12 months and 1 papers in the last 36 months. Latest publication: ""Exoplanet transits through the exoclock project in support of the Ariel space mission"".",This is a lower priority target,This target has only partial visibility.,"{'priority': 'This is a lower priority target', 'score': 0.8223102281814738, 'visibility': 'Poor observability. Only 0% of the transit is observable. Peak altitude reaches 64°. Average airmass is 1.17 (excellent observing conditions).', 'ephemeris': 'The ephemeris remains relatively well constrained (3.2 minute uncertainty), but the target has not been observed recently and would benefit from maintenance observations.', 'science': 'This target has a high ExoClock priority. 1 recent transit observations have been recorded. 1 papers were identified in the last 12 months and 1 papers in the last 36 months. Latest publication: ""Exoplanet transits through the exoclock project in support of the Ariel space mission"".', 'coordination': 'This target has only partial visibility.', 'network': False, 'campaign': False}","This is a lower priority target. The ephemeris remains relatively well constrained (3.2 minute uncertainty), but the target has not been observed recently and would benefit from maintenance observations.. Poor observability. Only 0% of the transit is observable. Peak altitude reaches 64°. Average airmass is 1.17 (excellent observing conditions).. This target has a high ExoClock priority. 1 recent transit observations have been recorded. 1 papers were identified in the last 12 months and 1 papers in the last 36 months. Latest publication: ""Exoplanet transits through the exoclock project in support of the Ariel space mission""..",—
HATS-7b_940,HATS-7b,940,1.8071191057591085,90.0,5.3,2458254.73673,3.185312,2.3,13.34,13.17,6.65,-1.11,17.11,208.85694541666666,-21.207700555555554,2,medium,,9.418229674204598,False,False,0,5.77,2993.3466208591126,2458254.73673,0,0,,,,2026-07-27 10:18:03.681,0.0,-15.401234417987506,-67.33321987195475,,0,2461249.011153715,1.11,0.05550000000000001,none,1,0.16666666666666666,17.11,32.60287441039599,1.3584531004331664,Not suitable,False,1.9054865231090585,0.4882605015692249,3,0.3333333333333333,1,4.325468902261379,0.5088786943836917,2,1,1,1,2.2999999999999994,3,1.645,0.803188525081375,3,0.42105263157894735,0.24812030075187969,No significant transit timing variation signal currently detected.,Not suitable for routine PIRATE observations. Target brightness is V=13.3 and the expected transit depth is 6.7 mmag. Estimated minimum aperture is 33 inches.,Poor observability. Only 0% of the transit is observable. Peak altitude reaches -15°.,"The ephemeris remains relatively well constrained (1.8 minute uncertainty), but the target has not been observed recently and would benefit from maintenance observations.",This target has a medium ExoClock priority. 2 recent transit observations have been recorded. No recent literature activity was identified.,This is a lower priority target,This target has only partial visibility.,"{'priority': 'This is a lower priority target', 'score': 0.803188525081375, 'visibility': 'Poor observability. Only 0% of the transit is observable. Peak altitude reaches -15°.', 'ephemeris': 'The ephemeris remains relatively well constrained (1.8 minute uncertainty), but the target has not been observed recently and would benefit from maintenance observations.', 'science': 'This target has a medium ExoClock priority. 2 recent transit observations have been recorded. No recent literature activity was identified.', 'coordination': 'This target has only partial visibility.', 'network': False, 'campaign': False}","This is a lower priority target. The ephemeris remains relatively well constrained (1.8 minute uncertainty), but the target has not been observed recently and would benefit from maintenance observations.. Poor observability. Only 0% of the transit is observable. Peak altitude reaches -15°.. This target has a medium ExoClock priority. 2 recent transit observations have been recorded. No recent literature activity was identified..",—
TOI-544b_1795,TOI-544b,1795,3.94348574740693,90.0,4.24,2458469.757,1.548351,1.24,10.78,10.147,0.98,0.0,58.15,82.28992375,-0.3425625,0,high,,19.375451690217528,False,False,0,3.41,2778.326351353433,2458469.757,0,0,,,,2026-07-27 13:06:35.505,0.0,58.91283555860109,15.342048138237828,1.8026520475576349,0,2461248.9629109376,0.0,0.0,none,1,0.16666666666666666,58.15,35.58006615697436,1.4825027565405984,Not suitable,False,0.6118670018396279,0.38098109935381225,4,1.0,1,4.5,0.5294117647058824,3,1,1,1,3.0999999999999996,3,2.0149999999999997,0.7676769151979316,3,0.42105263157894735,0.24436090225563908,No significant transit timing variation signal currently detected.,Not suitable for routine PIRATE observations. Target brightness is V=10.8 and the expected transit depth is 1.0 mmag. Estimated minimum aperture is 36 inches.,Poor observability. Only 0% of the transit is observable. Peak altitude reaches 59°. Average airmass is 1.80 (good observing conditions).,"The ephemeris remains relatively well constrained (3.9 minute uncertainty), but the target has not been observed recently and would benefit from maintenance observations.",This target has a high ExoClock priority. No recent transit observations have been reported. No recent literature activity was identified.,This is a lower priority target,This target has only partial visibility.,"{'priority': 'This is a lower priority target', 'score': 0.7676769151979316, 'visibility': 'Poor observability. Only 0% of the transit is observable. Peak altitude reaches 59°. Average airmass is 1.80 (good observing conditions).', 'ephemeris': 'The ephemeris remains relatively well constrained (3.9 minute uncertainty), but the target has not been observed recently and would benefit from maintenance observations.', 'science': 'This target has a high ExoClock priority. No recent transit observations have been reported. No recent literature activity was identified.', 'coordination': 'This target has only partial visibility.', 'network': False, 'campaign': False}","This is a lower priority target. The ephemeris remains relatively well constrained (3.9 minute uncertainty), but the target has not been observed recently and would benefit from maintenance observations.. Poor observability. Only 0% of the transit is observable. Peak altitude reaches 59°. Average airmass is 1.80 (good observing conditions).. This target has a high ExoClock priority. No recent transit observations have been reported. No recent literature activity was identified..",—
TOI-277b_637,TOI-277b,637,10.184338180088234,90.0,4.64,2458704.5116,3.993422,1.64,13.5,12.586,5.99,310.45,16.95,19.07723,-20.952203333333333,0,alert,,7.5123540662619686,False,True,1,6.49,2543.5717513170093,2458704.5116,0,0,,,,2026-07-26 19:41:40.986,0.0,-41.046146730015636,-82.50769159050373,,0,2461248.4025577083,310.45,1.0,strong,1,0.16666666666666666,16.95,43.79205207226412,1.8246688363443384,Not suitable,False,2.583601892168975,0.192177150653656,5,1.0,1,5.75370621987859,0.6769066141033635,5,5,1,1,3.8,5,3.6199999999999997,0.6956812853662346,3,0.42105263157894735,0.24060150375939848,Strong transit timing variation signal detected. Current timing offset is approximately 310.4 minutes.,Not suitable for routine PIRATE observations. Target brightness is V=13.5 and the expected transit depth is 6.0 mmag. Estimated minimum aperture is 44 inches.,Poor observability. Only 0% of the transit is observable. Peak altitude reaches -41°.,"The ephemeris remains relatively well constrained (10.2 minute uncertainty), but the target has not been observed recently and would benefit from maintenance observations.",This is an ExoClock alert target. No recent transit observations have been reported. No recent literature activity was identified.,This is a lower priority target,This target has been - or currently is - part of an active campaign. This target has only partial visibility.,"{'priority': 'This is a lower priority target', 'score': 0.6956812853662346, 'visibility': 'Poor observability. Only 0% of the transit is observable. Peak altitude reaches -41°.', 'ephemeris': 'The ephemeris remains relatively well constrained (10.2 minute uncertainty), but the target has not been observed recently and would benefit from maintenance observations.', 'science': 'This is an ExoClock alert target. No recent transit observations have been reported. No recent literature activity was identified.', 'coordination': 'This target has been - or currently is - part of an active campaign. This target has only partial visibility.', 'network': False, 'campaign': True}","This is a lower priority target. The ephemeris remains relatively well constrained (10.2 minute uncertainty), but the target has not been observed recently and would benefit from maintenance observations.. Poor observability. Only 0% of the transit is observable. Peak altitude reaches -41°.. TTV signal strong. This is an ExoClock alert target. No recent transit observations have been reported. No recent literature activity was identified.. part of an active campaign.",📡 Campaign
TOI-1411b_1728,TOI-1411b,1728,24.468727429258742,90.0,4.47,2458739.4762,1.4520358,1.47,10.346,9.957,0.43,0.0,121.21,232.9450679166667,47.05683583333333,0,high,,20.66064762315089,False,False,0,2.13,2508.607151423581,2458739.4762,0,0,,,,2026-07-27 02:14:17.808,0.5333333333333333,41.26061973650844,3.5517787818746918,4.036671318134492,1,2461248.509928333,0.0,0.0,none,1,0.16666666666666666,121.21,40.39594167985205,1.6831642366605022,Not suitable,False,0.33327235112492415,0.25504163482675907,4,1.0,1,3.0,0.35294117647058826,5,1,1,3,3.0999999999999996,2,2.715,0.6924380385546508,3,0.8984962406015038,0.23684210526315788,No significant transit timing variation signal currently detected.,Not suitable for routine PIRATE observations. Target brightness is V=10.3 and the expected transit depth is 0.4 mmag. Estimated minimum aperture is 40 inches.,Moderate observability. Approximately 53% of the transit is observable. Peak altitude reaches 41°. Average airmass is 4.04 (poor observing conditions).,"Predicted transit timing uncertainty has grown to approximately 24.5 minutes, indicating that additional observations would improve ephemeris precision.",This target has a high ExoClock priority. No recent transit observations have been reported. No recent literature activity was identified.,This is a lower priority target,There is no special coordination required.,"{'priority': 'This is a lower priority target', 'score': 0.6924380385546508, 'visibility': 'Moderate observability. Approximately 53% of the transit is observable. Peak altitude reaches 41°. Average airmass is 4.04 (poor observing conditions).', 'ephemeris': 'Predicted transit timing uncertainty has grown to approximately 24.5 minutes, indicating that additional observations would improve ephemeris precision.', 'science': 'This target has a high ExoClock priority. No recent transit observations have been reported. No recent literature activity was identified.', 'coordination': 'There is no special coordination required.', 'network': False, 'campaign': False}","This is a lower priority target. Predicted transit timing uncertainty has grown to approximately 24.5 minutes, indicating that additional observations would improve ephemeris precision.. Moderate observability. Approximately 53% of the transit is observable. Peak altitude reaches 41°. Average airmass is 4.04 (poor observing conditions).. This target has a high ExoClock priority. No recent transit observations have been reported. No recent literature activity was identified..",—
K2-405b_929,K2-405b,929,6.74623094772176,90.0,5.43,2458056.72179,3.435497,2.43,12.864,12.568,2.73,-4.07,33.47,164.37618458333333,12.535633055555556,0,high,,8.732360994639205,False,False,0,3.5,3191.361561108846,2458056.72179,0,0,,,,2026-07-26 19:08:41.476,0.0,65.22942210012761,14.522426894853957,1.8091883307206638,0,2461248.214368935,4.07,0.20350000000000001,none,2,0.3333333333333333,33.47,39.75998129169709,1.6566658871540454,Not suitable,False,1.1879289301373495,0.2689225727896347,4,1.0,1,4.119708298391761,0.4846715645166778,4,1,2,1,3.0999999999999996,3,2.415,0.6494480132869679,3,0.42105263157894735,0.23308270676691728,No significant transit timing variation signal currently detected.,Not suitable for routine PIRATE observations. Target brightness is V=12.9 and the expected transit depth is 2.7 mmag. Estimated minimum aperture is 40 inches.,Poor observability. Only 0% of the transit is observable. Peak altitude reaches 65°. Average airmass is 1.81 (good observing conditions).,"The ephemeris remains relatively well constrained (6.7 minute uncertainty), but the target has not been observed recently and would benefit from maintenance observations.",This target has a high ExoClock priority. No recent transit observations have been reported. No recent literature activity was identified.,This is a lower priority target,This target has only partial visibility.,"{'priority': 'This is a lower priority target', 'score': 0.6494480132869679, 'visibility': 'Poor observability. Only 0% of the transit is observable. Peak altitude reaches 65°. Average airmass is 1.81 (good observing conditions).', 'ephemeris': 'The ephemeris remains relatively well constrained (6.7 minute uncertainty), but the target has not been observed recently and would benefit from maintenance observations.', 'science': 'This target has a high ExoClock priority. No recent transit observations have been reported. No recent literature activity was identified.', 'coordination': 'This target has only partial visibility.', 'network': False, 'campaign': False}","This is a lower priority target. The ephemeris remains relatively well constrained (6.7 minute uncertainty), but the target has not been observed recently and would benefit from maintenance observations.. Poor observability. Only 0% of the transit is observable. Peak altitude reaches 65°. Average airmass is 1.81 (good observing conditions).. This target has a high ExoClock priority. No recent transit observations have been reported. No recent literature activity was identified..",—
TOI-824b_1492,TOI-824b,1492,1.815839766128377,90.0,4.15,2459170.32685,1.39297407,1.15,11.31,10.47,1.64,0.0,38.15,222.16588458333337,-57.58821027777778,0,high,,21.536653586092957,False,False,0,4.45,2077.7565013747662,2459170.32685,1,1,Is the hot Neptune desert populated by exposed giant planet interiors? Revealing the first thermal emission spectra of hot and dense sub-Neptunes,2026ASTCS..1140003R,2026-06-00,2026-07-27 03:26:26.451,0.0,-22.192800174981773,-52.6225244457989,,0,2461248.560028368,0.0,0.0,none,1,0.16666666666666666,38.15,36.45522537518882,1.5189677239662007,Not suitable,False,0.9555760255619612,0.3541851613501247,4,1.0,2,4.5,0.5294117647058824,2,1,1,1,3.2499999999999996,3,1.7874999999999999,0.6331059759133478,3,0.42105263157894735,0.22932330827067668,No significant transit timing variation signal currently detected.,Not suitable for routine PIRATE observations. Target brightness is V=11.3 and the expected transit depth is 1.6 mmag. Estimated minimum aperture is 36 inches.,Poor observability. Only 0% of the transit is observable. Peak altitude reaches -22°.,"The ephemeris remains relatively well constrained (1.8 minute uncertainty), but the target has not been observed recently and would benefit from maintenance observations.","This target has a high ExoClock priority. No recent transit observations have been reported. 1 papers were identified in the last 12 months and 1 papers in the last 36 months. Latest publication: ""Is the hot Neptune desert populated by exposed giant planet interiors? Revealing the first thermal emission spectra of hot and dense sub-Neptunes"".",This is a lower priority target,This target has only partial visibility.,"{'priority': 'This is a lower priority target', 'score': 0.6331059759133478, 'visibility': 'Poor observability. Only 0% of the transit is observable. Peak altitude reaches -22°.', 'ephemeris': 'The ephemeris remains relatively well constrained (1.8 minute uncertainty), but the target has not been observed recently and would benefit from maintenance observations.', 'science': 'This target has a high ExoClock priority. No recent transit observations have been reported. 1 papers were identified in the last 12 months and 1 papers in the last 36 months. Latest publication: ""Is the hot Neptune desert populated by exposed giant planet interiors? Revealing the first thermal emission spectra of hot and dense sub-Neptunes"".', 'coordination': 'This target has only partial visibility.', 'network': False, 'campaign': False}","This is a lower priority target. The ephemeris remains relatively well constrained (1.8 minute uncertainty), but the target has not been observed recently and would benefit from maintenance observations.. Poor observability. Only 0% of the transit is observable. Peak altitude reaches -22°.. This target has a high ExoClock priority. No recent transit observations have been reported. 1 papers were identified in the last 12 months and 1 papers in the last 36 months. Latest publication: ""Is the hot Neptune desert populated by exposed giant planet interiors? Revealing the first thermal emission spectra of hot and dense sub-Neptunes""..",—
TOI-530b_248,TOI-530b,248,1.5297002812315166,90.0,5.58,2459664.67987,6.3875835,2.58,15.454,15.155,31.63,-0.16,17.98,103.41277291666665,12.881847777777779,0,high,,4.696611793802774,False,False,0,12.51,1583.403481342364,2459664.67987,0,0,,,,2026-07-27 07:11:40.756,0.0,51.60707228581587,-0.3430358558868653,11.481888772280548,0,2461248.881721713,0.16,0.008,none,2,0.3333333333333333,17.98,37.365533097554845,1.5568972123981186,Not suitable,False,2.0781720298973774,0.3283108438224862,4,1.0,1,2.908983538140832,0.34223335742833316,2,1,2,1,3.0999999999999996,2,1.8149999999999997,0.5958841815378124,3,0.42105263157894735,0.22556390977443608,No significant transit timing variation signal currently detected.,Not suitable for routine PIRATE observations. Target brightness is V=15.5 and the expected transit depth is 31.6 mmag. Estimated minimum aperture is 37 inches.,Poor observability. Only 0% of the transit is observable. Peak altitude reaches 52°. Average airmass is 11.48 (poor observing conditions).,"The ephemeris remains relatively well constrained (1.5 minute uncertainty), but the target has not been observed recently and would benefit from maintenance observations.",This target has a high ExoClock priority. No recent transit observations have been reported. No recent literature activity was identified.,This is a lower priority target,This target has only partial visibility.,"{'priority': 'This is a lower priority target', 'score': 0.5958841815378124, 'visibility': 'Poor observability. Only 0% of the transit is observable. Peak altitude reaches 52°. Average airmass is 11.48 (poor observing conditions).', 'ephemeris': 'The ephemeris remains relatively well constrained (1.5 minute uncertainty), but the target has not been observed recently and would benefit from maintenance observations.', 'science': 'This target has a high ExoClock priority. No recent transit observations have been reported. No recent literature activity was identified.', 'coordination': 'This target has only partial visibility.', 'network': False, 'campaign': False}","This is a lower priority target. The ephemeris remains relatively well constrained (1.5 minute uncertainty), but the target has not been observed recently and would benefit from maintenance observations.. Poor observability. Only 0% of the transit is observable. Peak altitude reaches 52°. Average airmass is 11.48 (poor observing conditions).. This target has a high ExoClock priority. No recent transit observations have been reported. No recent literature activity was identified..",—
TOI-1260b_698,TOI-1260b,698,5.057848259645526,90.0,5.07,2459065.564269,3.127463,2.07,11.973,11.649,1.49,0.0,48.01,157.1459375,65.85455027777778,0,high,,9.592439622786904,False,False,0,3.38,2182.5190824121237,2459065.564269,0,0,,,,2026-07-27 00:47:00.292,0.0,17.150268321961473,4.2264741714220175,7.50567641877797,0,2461248.449308935,0.0,0.0,none,1,0.16666666666666666,48.01,38.68586614138709,1.611911089224462,Not suitable,False,0.8057876721805267,0.2941038983134729,4,1.0,1,4.377731886836071,0.5150272808042436,3,1,1,1,3.0999999999999996,3,2.0149999999999997,0.5926193551016478,3,0.42105263157894735,0.22180451127819548,No significant transit timing variation signal currently detected.,Not suitable for routine PIRATE observations. Target brightness is V=12.0 and the expected transit depth is 1.5 mmag. Estimated minimum aperture is 39 inches.,Poor observability. Only 0% of the transit is observable. Peak altitude reaches 17°. Average airmass is 7.51 (poor observing conditions).,"The ephemeris remains relatively well constrained (5.1 minute uncertainty), but the target has not been observed recently and would benefit from maintenance observations.",This target has a high ExoClock priority. No recent transit observations have been reported. No recent literature activity was identified.,This is a lower priority target,This target has only partial visibility.,"{'priority': 'This is a lower priority target', 'score': 0.5926193551016478, 'visibility': 'Poor observability. Only 0% of the transit is observable. Peak altitude reaches 17°. Average airmass is 7.51 (poor observing conditions).', 'ephemeris': 'The ephemeris remains relatively well constrained (5.1 minute uncertainty), but the target has not been observed recently and would benefit from maintenance observations.', 'science': 'This target has a high ExoClock priority. No recent transit observations have been reported. No recent literature activity was identified.', 'coordination': 'This target has only partial visibility.', 'network': False, 'campaign': False}","This is a lower priority target. The ephemeris remains relatively well constrained (5.1 minute uncertainty), but the target has not been observed recently and would benefit from maintenance observations.. Poor observability. Only 0% of the transit is observable. Peak altitude reaches 17°. Average airmass is 7.51 (poor observing conditions).. This target has a high ExoClock priority. No recent transit observations have been reported. No recent literature activity was identified..",—
K2-3c_180,K2-3c,180,10.720488108290144,90.0,6.529999999999999,2456812.28202,24.646582,3.53,12.17,11.88,0.89,0.0,76.7,172.33496541666665,-1.4547997222222222,0,high,,1.2172073190513801,True,False,0,2.97,4435.801331006922,2456812.28202,0,0,,,,2026-07-27 03:59:00.609,0.0,-47.5021278571652,-63.300899688166616,,0,2461248.5826459373,0.0,0.0,none,0,0.0,76.7,41.97089938201596,1.7487874742506648,Not suitable,False,0.5472085968972094,0.22367191890864177,4,1.0,1,3.8651621957154143,0.45472496420181346,5,1,1,1,3.0999999999999996,3,2.5149999999999997,0.562534876055234,3,0.42105263157894735,0.21804511278195488,No significant transit timing variation signal currently detected.,Not suitable for routine PIRATE observations. Target brightness is V=12.2 and the expected transit depth is 0.9 mmag. Estimated minimum aperture is 42 inches.,Poor observability. Only 0% of the transit is observable. Peak altitude reaches -48°.,"The ephemeris remains relatively well constrained (10.7 minute uncertainty), but the target has not been observed recently and would benefit from maintenance observations.",This target has a high ExoClock priority. No recent transit observations have been reported. No recent literature activity was identified.,This is a lower priority target,"For this target, multi-site coordination is recommended. This target has only partial visibility.","{'priority': 'This is a lower priority target', 'score': 0.562534876055234, 'visibility': 'Poor observability. Only 0% of the transit is observable. Peak altitude reaches -48°.', 'ephemeris': 'The ephemeris remains relatively well constrained (10.7 minute uncertainty), but the target has not been observed recently and would benefit from maintenance observations.', 'science': 'This target has a high ExoClock priority. No recent transit observations have been reported. No recent literature activity was identified.', 'coordination': 'For this target, multi-site coordination is recommended. This target has only partial visibility.', 'network': True, 'campaign': False}","This is a lower priority target. The ephemeris remains relatively well constrained (10.7 minute uncertainty), but the target has not been observed recently and would benefit from maintenance observations.. Poor observability. Only 0% of the transit is observable. Peak altitude reaches -48°.. This target has a high ExoClock priority. No recent transit observations have been reported. No recent literature activity was identified.. requires multi-site coordination.",🌍 Network
NGTS-10b_3627,NGTS-10b,3627,0.9099060240797134,90.0,4.1,2458466.72477,0.76689338,1.1,14.34,14.2,28.11,0.11,12.28,91.87223999999999,-25.59491,5,low,,39.118866823442914,False,False,0,9.24,2781.358581246808,2458466.72477,0,0,,,,2026-07-26 17:54:36.737,0.0,0.5192890859875487,-49.182825185919114,266.7356436679691,0,2461248.162925197,0.11,0.0055,none,2,0.3333333333333333,12.28,36.34158513647874,1.5142327140199476,Not suitable,False,2.9594124703972917,0.3575552340153329,2,0.16666666666666666,1,4.5,0.5294117647058824,1,1,2,1,1.5749999999999997,3,1.43625,0.5135387048545219,3,0.42105263157894735,0.212406015037594,No significant transit timing variation signal currently detected.,Not suitable for routine PIRATE observations. Target brightness is V=14.3 and the expected transit depth is 28.1 mmag. Estimated minimum aperture is 36 inches.,Poor observability. Only 0% of the transit is observable. Peak altitude reaches 1°. Average airmass is 266.74 (poor observing conditions).,"The ephemeris remains relatively well constrained (0.9 minute uncertainty), but the target has not been observed recently and would benefit from maintenance observations.",This target has a low ExoClock priority. 5 recent observations indicate moderate monitoring coverage. No recent literature activity was identified.,This is a lower priority target,This target has only partial visibility.,"{'priority': 'This is a lower priority target', 'score': 0.5135387048545219, 'visibility': 'Poor observability. Only 0% of the transit is observable. Peak altitude reaches 1°. Average airmass is 266.74 (poor observing conditions).', 'ephemeris': 'The ephemeris remains relatively well constrained (0.9 minute uncertainty), but the target has not been observed recently and would benefit from maintenance observations.', 'science': 'This target has a low ExoClock priority. 5 recent observations indicate moderate monitoring coverage. No recent literature activity was identified.', 'coordination': 'This target has only partial visibility.', 'network': False, 'campaign': False}","This is a lower priority target. The ephemeris remains relatively well constrained (0.9 minute uncertainty), but the target has not been observed recently and would benefit from maintenance observations.. Poor observability. Only 0% of the transit is observable. Peak altitude reaches 1°. Average airmass is 266.74 (poor observing conditions).. This target has a low ExoClock priority. 5 recent observations indicate moderate monitoring coverage. No recent literature activity was identified..",—
NGTS-10b_3628,NGTS-10b,3628,0.9101176287917477,90.0,4.1,2458466.72477,0.76689338,1.1,14.34,14.2,28.11,0.11,12.28,91.87223999999999,-25.59491,5,low,,39.118866823442914,False,False,0,9.24,2781.358581250068,2458466.72477,0,0,,,,2026-07-27 12:18:56.325,0.0,36.1037812516713,17.232806200210227,2.067449297874658,0,2461248.9548185766,0.11,0.0055,none,2,0.3333333333333333,12.28,36.34158513647874,1.5142327140199476,Not suitable,False,2.9594124703972917,0.3575552340153329,2,0.16666666666666666,1,4.5,0.5294117647058824,1,1,2,1,1.5749999999999997,3,1.43625,0.5135387048545219,3,0.42105263157894735,0.212406015037594,No significant transit timing variation signal currently detected.,Not suitable for routine PIRATE observations. Target brightness is V=14.3 and the expected transit depth is 28.1 mmag. Estimated minimum aperture is 36 inches.,Poor observability. Only 0% of the transit is observable. Peak altitude reaches 36°. Average airmass is 2.07 (marginal observing conditions).,"The ephemeris remains relatively well constrained (0.9 minute uncertainty), but the target has not been observed recently and would benefit from maintenance observations.",This target has a low ExoClock priority. 5 recent observations indicate moderate monitoring coverage. No recent literature activity was identified.,This is a lower priority target,This target has only partial visibility.,"{'priority': 'This is a lower priority target', 'score': 0.5135387048545219, 'visibility': 'Poor observability. Only 0% of the transit is observable. Peak altitude reaches 36°. Average airmass is 2.07 (marginal observing conditions).', 'ephemeris': 'The ephemeris remains relatively well constrained (0.9 minute uncertainty), but the target has not been observed recently and would benefit from maintenance observations.', 'science': 'This target has a low ExoClock priority. 5 recent observations indicate moderate monitoring coverage. No recent literature activity was identified.', 'coordination': 'This target has only partial visibility.', 'network': False, 'campaign': False}","This is a lower priority target. The ephemeris remains relatively well constrained (0.9 minute uncertainty), but the target has not been observed recently and would benefit from maintenance observations.. Poor observability. Only 0% of the transit is observable. Peak altitude reaches 36°. Average airmass is 2.07 (marginal observing conditions).. This target has a low ExoClock priority. 5 recent observations indicate moderate monitoring coverage. No recent literature activity was identified..",—
TOI-4010b_1662,TOI-4010b,1662,7.322820660482723,90.0,4.83,2459007.549,1.348335,1.83,12.413,12.106,1.49,31.99,56.7,20.214410833333332,66.07228916666666,0,alert,,22.249663473839956,False,True,1,2.06,2240.534351579845,2459007.549,0,0,,,,2026-07-26 23:32:35.745,0.5916666666666667,33.82271763194322,12.016280755260432,2.87619445047764,1,2461248.5629137154,31.99,1.0,strong,0,0.0,56.7,50.0,2.0833333333333335,Not suitable,False,0.8818342151675485,0.11455884399268769,5,1.0,1,5.0,0.5882352941176471,4,5,1,3,3.8,4,3.5699999999999994,0.40897507305389497,3,0.9285714285714286,0.20676691729323307,Strong transit timing variation signal detected. Current timing offset is approximately 32.0 minutes.,Not suitable for routine PIRATE observations. Target brightness is V=12.4 and the expected transit depth is 1.5 mmag. Estimated minimum aperture is 50 inches.,Moderate observability. Approximately 59% of the transit is observable. Peak altitude reaches 34°. Average airmass is 2.88 (marginal observing conditions).,"The ephemeris remains relatively well constrained (7.3 minute uncertainty), but the target has not been observed recently and would benefit from maintenance observations.",This is an ExoClock alert target. No recent transit observations have been reported. No recent literature activity was identified.,This is a lower priority target,This target has been - or currently is - part of an active campaign.,"{'priority': 'This is a lower priority target', 'score': 0.40897507305389497, 'visibility': 'Moderate observability. Approximately 59% of the transit is observable. Peak altitude reaches 34°. Average airmass is 2.88 (marginal observing conditions).', 'ephemeris': 'The ephemeris remains relatively well constrained (7.3 minute uncertainty), but the target has not been observed recently and would benefit from maintenance observations.', 'science': 'This is an ExoClock alert target. No recent transit observations have been reported. No recent literature activity was identified.', 'coordination': 'This target has been - or currently is - part of an active campaign.', 'network': False, 'campaign': True}","This is a lower priority target. The ephemeris remains relatively well constrained (7.3 minute uncertainty), but the target has not been observed recently and would benefit from maintenance observations.. Moderate observability. Approximately 59% of the transit is observable. Peak altitude reaches 34°. Average airmass is 2.88 (marginal observing conditions).. TTV signal strong. This is an ExoClock alert target. No recent transit observations have been reported. No recent literature activity was identified.. part of an active campaign.",📡 Campaign
TOI-4479b_1063,TOI-4479b,1063,7.455930895062685,90.0,4.1,2460016.43991,1.158929,1.1,15.2,14.785,8.18,-21.85,31.53,316.0965075,24.654194999999998,5,alert,,25.885968855728002,False,True,1,3.19,1231.6434415909462,2460016.43991,1,1,Exoplanet transits through the exoclock project in support of the Ariel space mission,2025epsc.conf.1682D,2025-09-00,2026-07-26 21:08:06.973,0.4083333333333333,52.69360252119877,2.3421697650786713,3.8068435408899615,1,2461248.462580706,21.85,1.0,strong,1,0.16666666666666666,31.53,50.0,2.0833333333333335,Not suitable,False,1.5857913098636218,0.11455884399268769,5,0.16666666666666666,2,6.5,0.7647058823529411,4,5,1,2,3.8249999999999997,5,3.5237499999999997,0.4036767265192332,3,0.8778195488721805,0.20300751879699247,Strong transit timing variation signal detected. Current timing offset is approximately 21.9 minutes.,Not suitable for routine PIRATE observations. Target brightness is V=15.2 and the expected transit depth is 8.2 mmag. Estimated minimum aperture is 50 inches.,Limited observability. Approximately 41% of the transit is observable. Peak altitude reaches 53°. Average airmass is 3.81 (poor observing conditions).,"The ephemeris remains relatively well constrained (7.5 minute uncertainty), but the target has not been observed recently and would benefit from maintenance observations.","This is an ExoClock alert target. 5 recent observations indicate moderate monitoring coverage. 1 papers were identified in the last 12 months and 1 papers in the last 36 months. Latest publication: ""Exoplanet transits through the exoclock project in support of the Ariel space mission"".",This is a lower priority target,This target has been - or currently is - part of an active campaign. This target has only partial visibility.,"{'priority': 'This is a lower priority target', 'score': 0.4036767265192332, 'visibility': 'Limited observability. Approximately 41% of the transit is observable. Peak altitude reaches 53°. Average airmass is 3.81 (poor observing conditions).', 'ephemeris': 'The ephemeris remains relatively well constrained (7.5 minute uncertainty), but the target has not been observed recently and would benefit from maintenance observations.', 'science': 'This is an ExoClock alert target. 5 recent observations indicate moderate monitoring coverage. 1 papers were identified in the last 12 months and 1 papers in the last 36 months. Latest publication: ""Exoplanet transits through the exoclock project in support of the Ariel space mission"".', 'coordination': 'This target has been - or currently is - part of an active campaign. This target has only partial visibility.', 'network': False, 'campaign': True}","This is a lower priority target. The ephemeris remains relatively well constrained (7.5 minute uncertainty), but the target has not been observed recently and would benefit from maintenance observations.. Limited observability. Approximately 41% of the transit is observable. Peak altitude reaches 53°. Average airmass is 3.81 (poor observing conditions).. TTV signal strong. This is an ExoClock alert target. 5 recent observations indicate moderate monitoring coverage. 1 papers were identified in the last 12 months and 1 papers in the last 36 months. Latest publication: ""Exoplanet transits through the exoclock project in support of the Ariel space mission"".. part of an active campaign.",📡 Campaign
K2-417b_440,K2-417b,440,887.0409467527127,948.0,33.67,2458373.0321,6.535,2.07,13.858,12.924,3.53,-54.88,30.3,350.14118333333334,-10.035969444444444,1,alert,,4.590665646518745,False,True,1,3.3,2875.0512511134148,2458373.0321,0,0,,,,2026-07-26 22:21:04.257,0.058333333333333334,22.606339818286642,-28.532308457517928,67.21961867670339,1,2461248.5132437153,54.88,1.0,strong,0,0.0,30.3,50.0,2.0833333333333335,Not suitable,False,1.6501650165016502,0.11455884399268769,5,0.5,1,4.877199693955623,0.5737881992888968,5,5,1,1,3.725,4,3.5087499999999996,0.40195834385934287,3,0.8421052631578947,0.19924812030075187,Strong transit timing variation signal detected. Current timing offset is approximately 54.9 minutes.,Not suitable for routine PIRATE observations. Target brightness is V=13.9 and the expected transit depth is 3.5 mmag. Estimated minimum aperture is 50 inches.,Poor observability. Only 6% of the transit is observable. Peak altitude reaches 23°. Average airmass is 67.22 (poor observing conditions).,"Predicted transit timing uncertainty has grown to approximately 887.0 minutes, indicating that additional observations would improve ephemeris precision.",This is an ExoClock alert target. 1 recent transit observations have been recorded. No recent literature activity was identified.,This is a lower priority target,This target has been - or currently is - part of an active campaign. This target has only partial visibility.,"{'priority': 'This is a lower priority target', 'score': 0.40195834385934287, 'visibility': 'Poor observability. Only 6% of the transit is observable. Peak altitude reaches 23°. Average airmass is 67.22 (poor observing conditions).', 'ephemeris': 'Predicted transit timing uncertainty has grown to approximately 887.0 minutes, indicating that additional observations would improve ephemeris precision.', 'science': 'This is an ExoClock alert target. 1 recent transit observations have been recorded. No recent literature activity was identified.', 'coordination': 'This target has been - or currently is - part of an active campaign. This target has only partial visibility.', 'network': False, 'campaign': True}","This is a lower priority target. Predicted transit timing uncertainty has grown to approximately 887.0 minutes, indicating that additional observations would improve ephemeris precision.. Poor observability. Only 6% of the transit is observable. Peak altitude reaches 23°. Average airmass is 67.22 (poor observing conditions).. TTV signal strong. This is an ExoClock alert target. 1 recent transit observations have been recorded. No recent literature activity was identified.. part of an active campaign.",📡 Campaign
TOI-561b_6115,TOI-561b,6115,149.7021259135553,210.0,8.33,2458517.498,0.446578,1.33,10.25,9.776,0.31,0.0,167.25,148.18562083333336,6.216367777777778,0,high,,67.17751434239932,False,False,0,1.17,2730.585351357702,2458517.498,1,1,Understanding the influence of magma oceans on the observability of atmospheres of rocky exoplanets.,2025epsc.conf..747M,2025-09-00,2026-07-26 19:43:12.225,0.0,41.85055637996542,-10.038317970992326,7.2486563247110665,0,2461248.2383359377,0.0,0.0,none,1,0.16666666666666666,167.25,47.85463017328259,1.9939429238867745,Not suitable,False,0.28612633885370753,0.13698472608861872,4,1.0,2,4.5,0.5294117647058824,5,1,1,1,3.2499999999999996,3,2.5374999999999996,0.34759874244987,3,0.42105263157894735,0.19360902255639098,No significant transit timing variation signal currently detected.,Not suitable for routine PIRATE observations. Target brightness is V=10.2 and the expected transit depth is 0.3 mmag. Estimated minimum aperture is 48 inches.,Poor observability. Only 0% of the transit is observable. Peak altitude reaches 42°. Average airmass is 7.25 (poor observing conditions).,"Predicted transit timing uncertainty has grown to approximately 149.7 minutes, indicating that additional observations would improve ephemeris precision.","This target has a high ExoClock priority. No recent transit observations have been reported. 1 papers were identified in the last 12 months and 1 papers in the last 36 months. Latest publication: ""Understanding the influence of magma oceans on the observability of atmospheres of rocky exoplanets."".",This is a lower priority target,This target has only partial visibility.,"{'priority': 'This is a lower priority target', 'score': 0.34759874244987, 'visibility': 'Poor observability. Only 0% of the transit is observable. Peak altitude reaches 42°. Average airmass is 7.25 (poor observing conditions).', 'ephemeris': 'Predicted transit timing uncertainty has grown to approximately 149.7 minutes, indicating that additional observations would improve ephemeris precision.', 'science': 'This target has a high ExoClock priority. No recent transit observations have been reported. 1 papers were identified in the last 12 months and 1 papers in the last 36 months. Latest publication: ""Understanding the influence of magma oceans on the observability of atmospheres of rocky exoplanets."".', 'coordination': 'This target has only partial visibility.', 'network': False, 'campaign': False}","This is a lower priority target. Predicted transit timing uncertainty has grown to approximately 149.7 minutes, indicating that additional observations would improve ephemeris precision.. Poor observability. Only 0% of the transit is observable. Peak altitude reaches 42°. Average airmass is 7.25 (poor observing conditions).. This target has a high ExoClock priority. No recent transit observations have been reported. 1 papers were identified in the last 12 months and 1 papers in the last 36 months. Latest publication: ""Understanding the influence of magma oceans on the observability of atmospheres of rocky exoplanets.""..",—
TOI-561b_6116,TOI-561b,6116,149.7266047811936,210.0,8.33,2458517.498,0.446578,1.33,10.25,9.776,0.31,0.0,167.25,148.18562083333336,6.216367777777778,0,high,,67.17751434239932,False,False,0,1.17,2730.585351360962,2458517.498,1,1,Understanding the influence of magma oceans on the observability of atmospheres of rocky exoplanets.,2025epsc.conf..747M,2025-09-00,2026-07-27 06:26:16.564,0.0,-0.5513804268314714,-47.206431184962156,,0,2461248.850191713,0.0,0.0,none,1,0.16666666666666666,167.25,47.85463017328259,1.9939429238867745,Not suitable,False,0.28612633885370753,0.13698472608861872,4,1.0,2,4.5,0.5294117647058824,5,1,1,1,3.2499999999999996,3,2.5374999999999996,0.34759874244987,3,0.42105263157894735,0.19360902255639098,No significant transit timing variation signal currently detected.,Not suitable for routine PIRATE observations. Target brightness is V=10.2 and the expected transit depth is 0.3 mmag. Estimated minimum aperture is 48 inches.,Poor observability. Only 0% of the transit is observable. Peak altitude reaches -1°.,"Predicted transit timing uncertainty has grown to approximately 149.7 minutes, indicating that additional observations would improve ephemeris precision.","This target has a high ExoClock priority. No recent transit observations have been reported. 1 papers were identified in the last 12 months and 1 papers in the last 36 months. Latest publication: ""Understanding the influence of magma oceans on the observability of atmospheres of rocky exoplanets."".",This is a lower priority target,This target has only partial visibility.,"{'priority': 'This is a lower priority target', 'score': 0.34759874244987, 'visibility': 'Poor observability. Only 0% of the transit is observable. Peak altitude reaches -1°.', 'ephemeris': 'Predicted transit timing uncertainty has grown to approximately 149.7 minutes, indicating that additional observations would improve ephemeris precision.', 'science': 'This target has a high ExoClock priority. No recent transit observations have been reported. 1 papers were identified in the last 12 months and 1 papers in the last 36 months. Latest publication: ""Understanding the influence of magma oceans on the observability of atmospheres of rocky exoplanets."".', 'coordination': 'This target has only partial visibility.', 'network': False, 'campaign': False}","This is a lower priority target. Predicted transit timing uncertainty has grown to approximately 149.7 minutes, indicating that additional observations would improve ephemeris precision.. Poor observability. Only 0% of the transit is observable. Peak altitude reaches -1°.. This target has a high ExoClock priority. No recent transit observations have been reported. 1 papers were identified in the last 12 months and 1 papers in the last 36 months. Latest publication: ""Understanding the influence of magma oceans on the observability of atmospheres of rocky exoplanets.""..",—
TOI-2427b_1592,TOI-2427b,1592,23.39038921915688,90.0,3.81,2459169.6202,1.3060011,0.81,10.29,9.557,0.53,0.0,110.67,52.2909725,-31.363044722222224,0,high,,22.970884174599853,False,False,0,2.2,2078.463151531294,2459169.6202,0,0,,,,2026-07-27 06:33:20.200,0.0,30.43283443832341,10.162918075616126,2.727599622032765,0,2461248.8439837964,0.0,0.0,none,1,0.16666666666666666,110.67,47.76944411008697,1.9903935045869572,Not suitable,False,0.4316386022416822,0.13796061830217834,4,1.0,1,4.5,0.5294117647058824,5,1,1,1,3.0999999999999996,3,2.5149999999999997,0.3469709550299785,3,0.42105263157894735,0.18796992481203006,No significant transit timing variation signal currently detected.,Not suitable for routine PIRATE observations. Target brightness is V=10.3 and the expected transit depth is 0.5 mmag. Estimated minimum aperture is 48 inches.,Poor observability. Only 0% of the transit is observable. Peak altitude reaches 30°. Average airmass is 2.73 (marginal observing conditions).,"Predicted transit timing uncertainty has grown to approximately 23.4 minutes, indicating that additional observations would improve ephemeris precision.",This target has a high ExoClock priority. No recent transit observations have been reported. No recent literature activity was identified.,This is a lower priority target,This target has only partial visibility.,"{'priority': 'This is a lower priority target', 'score': 0.3469709550299785, 'visibility': 'Poor observability. Only 0% of the transit is observable. Peak altitude reaches 30°. Average airmass is 2.73 (marginal observing conditions).', 'ephemeris': 'Predicted transit timing uncertainty has grown to approximately 23.4 minutes, indicating that additional observations would improve ephemeris precision.', 'science': 'This target has a high ExoClock priority. No recent transit observations have been reported. No recent literature activity was identified.', 'coordination': 'This target has only partial visibility.', 'network': False, 'campaign': False}","This is a lower priority target. Predicted transit timing uncertainty has grown to approximately 23.4 minutes, indicating that additional observations would improve ephemeris precision.. Poor observability. Only 0% of the transit is observable. Peak altitude reaches 30°. Average airmass is 2.73 (marginal observing conditions).. This target has a high ExoClock priority. No recent transit observations have been reported. No recent literature activity was identified..",—
Kepler-444b_1748,Kepler-444b,1748,10.956125661491848,90.0,5.109999999999999,2454955.459,3.600119,2.11,8.86,8.18,0.03,0.0,1202.0,289.7522866666667,41.63460583333333,0,high,,8.333057879475652,False,False,0,0.29,6292.624351183418,2454955.459,0,0,,,,2026-07-26 23:11:20.653,0.925,76.61511202247152,51.9782932424193,1.086498669614273,1,2461248.5051001506,0.0,0.0,none,2,0.3333333333333333,1202.0,50.0,2.0833333333333335,Not suitable,False,0.04159733777038269,0.11455884399268769,4,1.0,1,2.4999173638426955,0.2941079251579642,5,1,2,4,3.0999999999999996,2,3.015,0.3453949146379534,3,0.981203007518797,0.18421052631578946,No significant transit timing variation signal currently detected.,Not suitable for routine PIRATE observations. Target brightness is V=8.9 and the expected transit depth is 0.0 mmag. Estimated minimum aperture is 50 inches.,Excellent observability. Approximately 92% of the transit is observable. Peak altitude reaches 77°. Average airmass is 1.09 (excellent observing conditions).,"The ephemeris remains relatively well constrained (11.0 minute uncertainty), but the target has not been observed recently and would benefit from maintenance observations.",This target has a high ExoClock priority. No recent transit observations have been reported. No recent literature activity was identified.,This is a lower priority target,There is no special coordination required.,"{'priority': 'This is a lower priority target', 'score': 0.3453949146379534, 'visibility': 'Excellent observability. Approximately 92% of the transit is observable. Peak altitude reaches 77°. Average airmass is 1.09 (excellent observing conditions).', 'ephemeris': 'The ephemeris remains relatively well constrained (11.0 minute uncertainty), but the target has not been observed recently and would benefit from maintenance observations.', 'science': 'This target has a high ExoClock priority. No recent transit observations have been reported. No recent literature activity was identified.', 'coordination': 'There is no special coordination required.', 'network': False, 'campaign': False}","This is a lower priority target. The ephemeris remains relatively well constrained (11.0 minute uncertainty), but the target has not been observed recently and would benefit from maintenance observations.. Excellent observability. Approximately 92% of the transit is observable. Peak altitude reaches 77°. Average airmass is 1.09 (excellent observing conditions).. This target has a high ExoClock priority. No recent transit observations have been reported. No recent literature activity was identified..",—
TOI-2260b_6583,TOI-2260b,6583,44.5651452192999,105.0,4.35,2458928.239,0.3524728,0.85,10.47,10.011,0.3,0.0,209.27,247.66716541666665,49.046524444444444,0,high,,85.11295055958928,False,False,0,0.82,2319.84435151238,2458928.239,0,0,,,,2026-07-27 01:35:57.840,0.9583333333333334,56.61246746610068,18.52584388785486,1.8033494075524177,1,2461248.4833083334,0.0,0.0,none,1,0.16666666666666666,209.27,50.0,2.0833333333333335,Not suitable,False,0.2389257896497348,0.11455884399268769,4,1.0,1,3.0,0.35294117647058826,5,1,1,5,3.0999999999999996,2,3.0149999999999997,0.34539491463795335,3,0.9849624060150376,0.18045112781954886,No significant transit timing variation signal currently detected.,Not suitable for routine PIRATE observations. Target brightness is V=10.5 and the expected transit depth is 0.3 mmag. Estimated minimum aperture is 50 inches.,Excellent observability. Approximately 96% of the transit is observable. Peak altitude reaches 57°. Average airmass is 1.80 (good observing conditions).,"Predicted transit timing uncertainty has grown to approximately 44.6 minutes, indicating that additional observations would improve ephemeris precision.",This target has a high ExoClock priority. No recent transit observations have been reported. No recent literature activity was identified.,This is a lower priority target,There is no special coordination required.,"{'priority': 'This is a lower priority target', 'score': 0.34539491463795335, 'visibility': 'Excellent observability. Approximately 96% of the transit is observable. Peak altitude reaches 57°. Average airmass is 1.80 (good observing conditions).', 'ephemeris': 'Predicted transit timing uncertainty has grown to approximately 44.6 minutes, indicating that additional observations would improve ephemeris precision.', 'science': 'This target has a high ExoClock priority. No recent transit observations have been reported. No recent literature activity was identified.', 'coordination': 'There is no special coordination required.', 'network': False, 'campaign': False}","This is a lower priority target. Predicted transit timing uncertainty has grown to approximately 44.6 minutes, indicating that additional observations would improve ephemeris precision.. Excellent observability. Approximately 96% of the transit is observable. Peak altitude reaches 57°. Average airmass is 1.80 (good observing conditions).. This target has a high ExoClock priority. No recent transit observations have been reported. No recent literature activity was identified..",—
K2-141b_12502,K2-141b,12502,27.006178198745882,90.0,3.98,2457744.0716,0.2803244,0.98,11.45,10.452,0.58,0.0,113.14,350.9165454166667,-1.189291111111111,0,high,,107.0188681399122,False,False,0,1.42,3504.011751064565,2457744.0716,2,5,Coupled Orbital and Interior Structure Evolution of Lava Planets,2026ApJ..1003..190H,2026-06-00,2026-07-27 04:28:29.113,0.625,60.657981371802414,46.28626842413024,1.208014197296803,1,2461248.675336956,0.0,0.0,none,1,0.16666666666666666,113.14,50.0,2.0833333333333335,Not suitable,False,0.44193035177656004,0.11455884399268769,4,1.0,2,3.0,0.35294117647058826,5,1,1,3,3.2499999999999996,2,2.7375,0.3136048354299825,3,0.9492481203007519,0.17669172932330826,No significant transit timing variation signal currently detected.,Not suitable for routine PIRATE observations. Target brightness is V=11.4 and the expected transit depth is 0.6 mmag. Estimated minimum aperture is 50 inches.,Moderate observability. Approximately 62% of the transit is observable. Peak altitude reaches 61°. Average airmass is 1.21 (excellent observing conditions).,"Predicted transit timing uncertainty has grown to approximately 27.0 minutes, indicating that additional observations would improve ephemeris precision.","This target has a high ExoClock priority. No recent transit observations have been reported. 2 papers were identified in the last 12 months and 5 papers in the last 36 months. Latest publication: ""Coupled Orbital and Interior Structure Evolution of Lava Planets"".",This is a lower priority target,There is no special coordination required.,"{'priority': 'This is a lower priority target', 'score': 0.3136048354299825, 'visibility': 'Moderate observability. Approximately 62% of the transit is observable. Peak altitude reaches 61°. Average airmass is 1.21 (excellent observing conditions).', 'ephemeris': 'Predicted transit timing uncertainty has grown to approximately 27.0 minutes, indicating that additional observations would improve ephemeris precision.', 'science': 'This target has a high ExoClock priority. No recent transit observations have been reported. 2 papers were identified in the last 12 months and 5 papers in the last 36 months. Latest publication: ""Coupled Orbital and Interior Structure Evolution of Lava Planets"".', 'coordination': 'There is no special coordination required.', 'network': False, 'campaign': False}","This is a lower priority target. Predicted transit timing uncertainty has grown to approximately 27.0 minutes, indicating that additional observations would improve ephemeris precision.. Moderate observability. Approximately 62% of the transit is observable. Peak altitude reaches 61°. Average airmass is 1.21 (excellent observing conditions).. This target has a high ExoClock priority. No recent transit observations have been reported. 2 papers were identified in the last 12 months and 5 papers in the last 36 months. Latest publication: ""Coupled Orbital and Interior Structure Evolution of Lava Planets""..",—
K2-116b_876,K2-116b,876,42.0855234653261,103.0,5.653333333333333,2457170.8131,4.654882,2.22,10.758,10.48,0.16,0.0,326.23,336.1515933333333,-11.578690277777778,0,high,,6.4448465073872985,False,False,0,0.76,4077.2702510477975,2457170.8131,0,0,,,,2026-07-26 23:44:03.661,0.6166666666666667,44.57892111380102,1.1538473071018414,4.64385052672117,1,2461248.570875706,0.0,0.0,none,1,0.16666666666666666,326.23,50.0,2.0833333333333335,Not suitable,False,0.15326610060386842,0.11455884399268769,4,1.0,1,1.9334539522161895,0.22746517084896348,5,1,1,3,3.0999999999999996,2,2.715,0.3110272614401471,3,0.9398496240601504,0.17293233082706766,No significant transit timing variation signal currently detected.,Not suitable for routine PIRATE observations. Target brightness is V=10.8 and the expected transit depth is 0.2 mmag. Estimated minimum aperture is 50 inches.,Moderate observability. Approximately 62% of the transit is observable. Peak altitude reaches 45°. Average airmass is 4.64 (poor observing conditions).,"Predicted transit timing uncertainty has grown to approximately 42.1 minutes, indicating that additional observations would improve ephemeris precision.",This target has a high ExoClock priority. No recent transit observations have been reported. No recent literature activity was identified.,This is a lower priority target,There is no special coordination required.,"{'priority': 'This is a lower priority target', 'score': 0.3110272614401471, 'visibility': 'Moderate observability. Approximately 62% of the transit is observable. Peak altitude reaches 45°. Average airmass is 4.64 (poor observing conditions).', 'ephemeris': 'Predicted transit timing uncertainty has grown to approximately 42.1 minutes, indicating that additional observations would improve ephemeris precision.', 'science': 'This target has a high ExoClock priority. No recent transit observations have been reported. No recent literature activity was identified.', 'coordination': 'There is no special coordination required.', 'network': False, 'campaign': False}","This is a lower priority target. Predicted transit timing uncertainty has grown to approximately 42.1 minutes, indicating that additional observations would improve ephemeris precision.. Moderate observability. Approximately 62% of the transit is observable. Peak altitude reaches 45°. Average airmass is 4.64 (poor observing conditions).. This target has a high ExoClock priority. No recent transit observations have been reported. No recent literature activity was identified..",—
GJ367b_8399,GJ367b,8399,120.94697158408557,181.0,6.663333333333333,2458544.1348,0.321962,0.63,9.979,9.019,0.25,0.0,235.77,146.12431958333332,-45.7765075,0,high,,93.17869810723003,False,False,0,1.26,2703.9485507053323,2458544.1348,1,1,The Maximum Density of a Collisionally-Produced Planet is A Function of its Mass and Orbital Period,2026arXiv260618336B,2026-06-00,2026-07-26 19:01:41.140,0.0,8.579987661919853,-24.27187116395342,33.795553038930485,0,2461248.209503935,0.0,0.0,none,2,0.3333333333333333,235.77,50.0,2.0833333333333335,Not suitable,False,0.21207108622810364,0.11455884399268769,4,1.0,2,4.5,0.5294117647058824,5,1,2,1,3.2499999999999996,3,2.6875,0.30787689323034817,3,0.42105263157894735,0.16541353383458646,No significant transit timing variation signal currently detected.,Not suitable for routine PIRATE observations. Target brightness is V=10.0 and the expected transit depth is 0.2 mmag. Estimated minimum aperture is 50 inches.,Poor observability. Only 0% of the transit is observable. Peak altitude reaches 9°. Average airmass is 33.80 (poor observing conditions).,"Predicted transit timing uncertainty has grown to approximately 120.9 minutes, indicating that additional observations would improve ephemeris precision.","This target has a high ExoClock priority. No recent transit observations have been reported. 1 papers were identified in the last 12 months and 1 papers in the last 36 months. Latest publication: ""The Maximum Density of a Collisionally-Produced Planet is A Function of its Mass and Orbital Period"".",This is a lower priority target,This target has only partial visibility.,"{'priority': 'This is a lower priority target', 'score': 0.30787689323034817, 'visibility': 'Poor observability. Only 0% of the transit is observable. Peak altitude reaches 9°. Average airmass is 33.80 (poor observing conditions).', 'ephemeris': 'Predicted transit timing uncertainty has grown to approximately 120.9 minutes, indicating that additional observations would improve ephemeris precision.', 'science': 'This target has a high ExoClock priority. No recent transit observations have been reported. 1 papers were identified in the last 12 months and 1 papers in the last 36 months. Latest publication: ""The Maximum Density of a Collisionally-Produced Planet is A Function of its Mass and Orbital Period"".', 'coordination': 'This target has only partial visibility.', 'network': False, 'campaign': False}","This is a lower priority target. Predicted transit timing uncertainty has grown to approximately 120.9 minutes, indicating that additional observations would improve ephemeris precision.. Poor observability. Only 0% of the transit is observable. Peak altitude reaches 9°. Average airmass is 33.80 (poor observing conditions).. This target has a high ExoClock priority. No recent transit observations have been reported. 1 papers were identified in the last 12 months and 1 papers in the last 36 months. Latest publication: ""The Maximum Density of a Collisionally-Produced Planet is A Function of its Mass and Orbital Period""..",—
GJ367b_8400,GJ367b,8400,120.96137142079785,181.0,6.663333333333333,2458544.1348,0.321962,0.63,9.979,9.019,0.25,0.0,235.77,146.12431958333332,-45.7765075,0,high,,93.17869810723003,False,False,0,1.26,2703.9485507090576,2458544.1348,1,1,The Maximum Density of a Collisionally-Produced Planet is A Function of its Mass and Orbital Period,2026arXiv260618336B,2026-06-00,2026-07-27 02:45:18.657,0.0,-58.78876540017028,-72.39910581688372,,0,2461248.696743715,0.0,0.0,none,2,0.3333333333333333,235.77,50.0,2.0833333333333335,Not suitable,False,0.21207108622810364,0.11455884399268769,4,1.0,2,4.5,0.5294117647058824,5,1,2,1,3.2499999999999996,3,2.6875,0.30787689323034817,3,0.42105263157894735,0.16541353383458646,No significant transit timing variation signal currently detected.,Not suitable for routine PIRATE observations. Target brightness is V=10.0 and the expected transit depth is 0.2 mmag. Estimated minimum aperture is 50 inches.,Poor observability. Only 0% of the transit is observable. Peak altitude reaches -59°.,"Predicted transit timing uncertainty has grown to approximately 121.0 minutes, indicating that additional observations would improve ephemeris precision.","This target has a high ExoClock priority. No recent transit observations have been reported. 1 papers were identified in the last 12 months and 1 papers in the last 36 months. Latest publication: ""The Maximum Density of a Collisionally-Produced Planet is A Function of its Mass and Orbital Period"".",This is a lower priority target,This target has only partial visibility.,"{'priority': 'This is a lower priority target', 'score': 0.30787689323034817, 'visibility': 'Poor observability. Only 0% of the transit is observable. Peak altitude reaches -59°.', 'ephemeris': 'Predicted transit timing uncertainty has grown to approximately 121.0 minutes, indicating that additional observations would improve ephemeris precision.', 'science': 'This target has a high ExoClock priority. No recent transit observations have been reported. 1 papers were identified in the last 12 months and 1 papers in the last 36 months. Latest publication: ""The Maximum Density of a Collisionally-Produced Planet is A Function of its Mass and Orbital Period"".', 'coordination': 'This target has only partial visibility.', 'network': False, 'campaign': False}","This is a lower priority target. Predicted transit timing uncertainty has grown to approximately 121.0 minutes, indicating that additional observations would improve ephemeris precision.. Poor observability. Only 0% of the transit is observable. Peak altitude reaches -59°.. This target has a high ExoClock priority. No recent transit observations have been reported. 1 papers were identified in the last 12 months and 1 papers in the last 36 months. Latest publication: ""The Maximum Density of a Collisionally-Produced Planet is A Function of its Mass and Orbital Period""..",—
GJ367b_8401,GJ367b,8401,120.97577125754897,181.0,6.663333333333333,2458544.1348,0.321962,0.63,9.979,9.019,0.25,0.0,235.77,146.12431958333332,-45.7765075,0,high,,93.17869810723003,False,False,0,1.26,2703.9485507123172,2458544.1348,1,1,The Maximum Density of a Collisionally-Produced Planet is A Function of its Mass and Orbital Period,2026arXiv260618336B,2026-06-00,2026-07-27 10:28:56.173,0.0,10.668043593343603,-20.294890431426577,27.10863223168846,0,2461249.018705706,0.0,0.0,none,2,0.3333333333333333,235.77,50.0,2.0833333333333335,Not suitable,False,0.21207108622810364,0.11455884399268769,4,1.0,2,4.5,0.5294117647058824,5,1,2,1,3.2499999999999996,3,2.6875,0.30787689323034817,3,0.42105263157894735,0.16541353383458646,No significant transit timing variation signal currently detected.,Not suitable for routine PIRATE observations. Target brightness is V=10.0 and the expected transit depth is 0.2 mmag. Estimated minimum aperture is 50 inches.,Poor observability. Only 0% of the transit is observable. Peak altitude reaches 11°. Average airmass is 27.11 (poor observing conditions).,"Predicted transit timing uncertainty has grown to approximately 121.0 minutes, indicating that additional observations would improve ephemeris precision.","This target has a high ExoClock priority. No recent transit observations have been reported. 1 papers were identified in the last 12 months and 1 papers in the last 36 months. Latest publication: ""The Maximum Density of a Collisionally-Produced Planet is A Function of its Mass and Orbital Period"".",This is a lower priority target,This target has only partial visibility.,"{'priority': 'This is a lower priority target', 'score': 0.30787689323034817, 'visibility': 'Poor observability. Only 0% of the transit is observable. Peak altitude reaches 11°. Average airmass is 27.11 (poor observing conditions).', 'ephemeris': 'Predicted transit timing uncertainty has grown to approximately 121.0 minutes, indicating that additional observations would improve ephemeris precision.', 'science': 'This target has a high ExoClock priority. No recent transit observations have been reported. 1 papers were identified in the last 12 months and 1 papers in the last 36 months. Latest publication: ""The Maximum Density of a Collisionally-Produced Planet is A Function of its Mass and Orbital Period"".', 'coordination': 'This target has only partial visibility.', 'network': False, 'campaign': False}","This is a lower priority target. Predicted transit timing uncertainty has grown to approximately 121.0 minutes, indicating that additional observations would improve ephemeris precision.. Poor observability. Only 0% of the transit is observable. Peak altitude reaches 11°. Average airmass is 27.11 (poor observing conditions).. This target has a high ExoClock priority. No recent transit observations have been reported. 1 papers were identified in the last 12 months and 1 papers in the last 36 months. Latest publication: ""The Maximum Density of a Collisionally-Produced Planet is A Function of its Mass and Orbital Period""..",—
K2-141b_12500,K2-141b,12500,27.00185849603819,90.0,3.98,2457744.0716,0.2803244,0.98,11.45,10.452,0.58,0.0,113.14,350.9165454166667,-1.189291111111111,0,high,,107.0188681399122,False,False,0,1.42,3504.011751058046,2457744.0716,2,5,Coupled Orbital and Interior Structure Evolution of Lava Planets,2026ApJ..1003..190H,2026-06-00,2026-07-26 15:01:09.057,0.0,-36.5120916388747,-62.74091805917194,,0,2461248.0424659373,0.0,0.0,none,1,0.16666666666666666,113.14,50.0,2.0833333333333335,Not suitable,False,0.44193035177656004,0.11455884399268769,4,1.0,2,4.5,0.5294117647058824,5,1,1,1,3.2499999999999996,3,2.5374999999999996,0.29069306663144495,3,0.42105263157894735,0.15037593984962405,No significant transit timing variation signal currently detected.,Not suitable for routine PIRATE observations. Target brightness is V=11.4 and the expected transit depth is 0.6 mmag. Estimated minimum aperture is 50 inches.,Poor observability. Only 0% of the transit is observable. Peak altitude reaches -37°.,"Predicted transit timing uncertainty has grown to approximately 27.0 minutes, indicating that additional observations would improve ephemeris precision.","This target has a high ExoClock priority. No recent transit observations have been reported. 2 papers were identified in the last 12 months and 5 papers in the last 36 months. Latest publication: ""Coupled Orbital and Interior Structure Evolution of Lava Planets"".",This is a lower priority target,This target has only partial visibility.,"{'priority': 'This is a lower priority target', 'score': 0.29069306663144495, 'visibility': 'Poor observability. Only 0% of the transit is observable. Peak altitude reaches -37°.', 'ephemeris': 'Predicted transit timing uncertainty has grown to approximately 27.0 minutes, indicating that additional observations would improve ephemeris precision.', 'science': 'This target has a high ExoClock priority. No recent transit observations have been reported. 2 papers were identified in the last 12 months and 5 papers in the last 36 months. Latest publication: ""Coupled Orbital and Interior Structure Evolution of Lava Planets"".', 'coordination': 'This target has only partial visibility.', 'network': False, 'campaign': False}","This is a lower priority target. Predicted transit timing uncertainty has grown to approximately 27.0 minutes, indicating that additional observations would improve ephemeris precision.. Poor observability. Only 0% of the transit is observable. Peak altitude reaches -37°.. This target has a high ExoClock priority. No recent transit observations have been reported. 2 papers were identified in the last 12 months and 5 papers in the last 36 months. Latest publication: ""Coupled Orbital and Interior Structure Evolution of Lava Planets""..",—
K2-141b_12501,K2-141b,12501,27.00401834738015,90.0,3.98,2457744.0716,0.2803244,0.98,11.45,10.452,0.58,0.0,113.14,350.9165454166667,-1.189291111111111,0,high,,107.0188681399122,False,False,0,1.42,3504.0117510613054,2457744.0716,2,5,Coupled Orbital and Interior Structure Evolution of Lava Planets,2026ApJ..1003..190H,2026-06-00,2026-07-26 21:44:49.085,0.0,19.268779617160025,-32.60986772407067,1837.1421182375418,0,2461248.4880681136,0.0,0.0,none,1,0.16666666666666666,113.14,50.0,2.0833333333333335,Not suitable,False,0.44193035177656004,0.11455884399268769,4,1.0,2,4.5,0.5294117647058824,5,1,1,1,3.2499999999999996,3,2.5374999999999996,0.29069306663144495,3,0.42105263157894735,0.15037593984962405,No significant transit timing variation signal currently detected.,Not suitable for routine PIRATE observations. Target brightness is V=11.4 and the expected transit depth is 0.6 mmag. Estimated minimum aperture is 50 inches.,Poor observability. Only 0% of the transit is observable. Peak altitude reaches 19°. Average airmass is 1837.14 (poor observing conditions).,"Predicted transit timing uncertainty has grown to approximately 27.0 minutes, indicating that additional observations would improve ephemeris precision.","This target has a high ExoClock priority. No recent transit observations have been reported. 2 papers were identified in the last 12 months and 5 papers in the last 36 months. Latest publication: ""Coupled Orbital and Interior Structure Evolution of Lava Planets"".",This is a lower priority target,This target has only partial visibility.,"{'priority': 'This is a lower priority target', 'score': 0.29069306663144495, 'visibility': 'Poor observability. Only 0% of the transit is observable. Peak altitude reaches 19°. Average airmass is 1837.14 (poor observing conditions).', 'ephemeris': 'Predicted transit timing uncertainty has grown to approximately 27.0 minutes, indicating that additional observations would improve ephemeris precision.', 'science': 'This target has a high ExoClock priority. No recent transit observations have been reported. 2 papers were identified in the last 12 months and 5 papers in the last 36 months. Latest publication: ""Coupled Orbital and Interior Structure Evolution of Lava Planets"".', 'coordination': 'This target has only partial visibility.', 'network': False, 'campaign': False}","This is a lower priority target. Predicted transit timing uncertainty has grown to approximately 27.0 minutes, indicating that additional observations would improve ephemeris precision.. Poor observability. Only 0% of the transit is observable. Peak altitude reaches 19°. Average airmass is 1837.14 (poor observing conditions).. This target has a high ExoClock priority. No recent transit observations have been reported. 2 papers were identified in the last 12 months and 5 papers in the last 36 months. Latest publication: ""Coupled Orbital and Interior Structure Evolution of Lava Planets""..",—
K2-141b_12503,K2-141b,12503,27.00833805013539,90.0,3.98,2457744.0716,0.2803244,0.98,11.45,10.452,0.58,0.0,113.14,350.9165454166667,-1.189291111111111,0,high,,107.0188681399122,False,False,0,1.42,3504.0117510678247,2457744.0716,2,5,Coupled Orbital and Interior Structure Evolution of Lava Planets,2026ApJ..1003..190H,2026-06-00,2026-07-27 11:12:09.141,0.0,12.363269365878804,-39.13783094720718,56.8891375875324,0,2461248.883439132,0.0,0.0,none,1,0.16666666666666666,113.14,50.0,2.0833333333333335,Not suitable,False,0.44193035177656004,0.11455884399268769,4,1.0,2,4.5,0.5294117647058824,5,1,1,1,3.2499999999999996,3,2.5374999999999996,0.29069306663144495,3,0.42105263157894735,0.15037593984962405,No significant transit timing variation signal currently detected.,Not suitable for routine PIRATE observations. Target brightness is V=11.4 and the expected transit depth is 0.6 mmag. Estimated minimum aperture is 50 inches.,Poor observability. Only 0% of the transit is observable. Peak altitude reaches 12°. Average airmass is 56.89 (poor observing conditions).,"Predicted transit timing uncertainty has grown to approximately 27.0 minutes, indicating that additional observations would improve ephemeris precision.","This target has a high ExoClock priority. No recent transit observations have been reported. 2 papers were identified in the last 12 months and 5 papers in the last 36 months. Latest publication: ""Coupled Orbital and Interior Structure Evolution of Lava Planets"".",This is a lower priority target,This target has only partial visibility.,"{'priority': 'This is a lower priority target', 'score': 0.29069306663144495, 'visibility': 'Poor observability. Only 0% of the transit is observable. Peak altitude reaches 12°. Average airmass is 56.89 (poor observing conditions).', 'ephemeris': 'Predicted transit timing uncertainty has grown to approximately 27.0 minutes, indicating that additional observations would improve ephemeris precision.', 'science': 'This target has a high ExoClock priority. No recent transit observations have been reported. 2 papers were identified in the last 12 months and 5 papers in the last 36 months. Latest publication: ""Coupled Orbital and Interior Structure Evolution of Lava Planets"".', 'coordination': 'This target has only partial visibility.', 'network': False, 'campaign': False}","This is a lower priority target. Predicted transit timing uncertainty has grown to approximately 27.0 minutes, indicating that additional observations would improve ephemeris precision.. Poor observability. Only 0% of the transit is observable. Peak altitude reaches 12°. Average airmass is 56.89 (poor observing conditions).. This target has a high ExoClock priority. No recent transit observations have been reported. 2 papers were identified in the last 12 months and 5 papers in the last 36 months. Latest publication: ""Coupled Orbital and Interior Structure Evolution of Lava Planets""..",—
LTT3780b_3520,LTT3780b,3520,278.7884999636903,339.0,12.110000000000001,2458543.9115,0.768448,0.81,13.14,12.84,1.42,0.0,97.13,154.64640416666668,-11.716733611111112,0,high,,39.03972682601815,False,False,0,2.11,2704.1718512251973,2458543.9115,1,1,A search for narrowband technosignatures from LTT 3780 with the Allen Telescope Array and the Karl G. Jansky Very Large Array,2026arXiv260707182T,2026-07-00,2026-07-27 08:20:37.761,0.0,9.976774737909787,-41.81827966381704,27.067014450840933,0,2461248.9296037154,0.0,0.0,none,0,0.0,97.13,50.0,2.0833333333333335,Not suitable,False,0.5147740142077628,0.11455884399268769,4,1.0,2,4.5,0.5294117647058824,5,1,1,1,3.2499999999999996,3,2.5374999999999996,0.29069306663144495,3,0.42105263157894735,0.15037593984962405,No significant transit timing variation signal currently detected.,Not suitable for routine PIRATE observations. Target brightness is V=13.1 and the expected transit depth is 1.4 mmag. Estimated minimum aperture is 50 inches.,Poor observability. Only 0% of the transit is observable. Peak altitude reaches 10°. Average airmass is 27.07 (poor observing conditions).,"Predicted transit timing uncertainty has grown to approximately 278.8 minutes, indicating that additional observations would improve ephemeris precision.","This target has a high ExoClock priority. No recent transit observations have been reported. 1 papers were identified in the last 12 months and 1 papers in the last 36 months. Latest publication: ""A search for narrowband technosignatures from LTT 3780 with the Allen Telescope Array and the Karl G. Jansky Very Large Array"".",This is a lower priority target,This target has only partial visibility.,"{'priority': 'This is a lower priority target', 'score': 0.29069306663144495, 'visibility': 'Poor observability. Only 0% of the transit is observable. Peak altitude reaches 10°. Average airmass is 27.07 (poor observing conditions).', 'ephemeris': 'Predicted transit timing uncertainty has grown to approximately 278.8 minutes, indicating that additional observations would improve ephemeris precision.', 'science': 'This target has a high ExoClock priority. No recent transit observations have been reported. 1 papers were identified in the last 12 months and 1 papers in the last 36 months. Latest publication: ""A search for narrowband technosignatures from LTT 3780 with the Allen Telescope Array and the Karl G. Jansky Very Large Array"".', 'coordination': 'This target has only partial visibility.', 'network': False, 'campaign': False}","This is a lower priority target. Predicted transit timing uncertainty has grown to approximately 278.8 minutes, indicating that additional observations would improve ephemeris precision.. Poor observability. Only 0% of the transit is observable. Peak altitude reaches 10°. Average airmass is 27.07 (poor observing conditions).. This target has a high ExoClock priority. No recent transit observations have been reported. 1 papers were identified in the last 12 months and 1 papers in the last 36 months. Latest publication: ""A search for narrowband technosignatures from LTT 3780 with the Allen Telescope Array and the Karl G. Jansky Very Large Array""..",—
TOI-1685b_3635,TOI-1685b,3635,10.070712066660514,90.0,3.9,2458816.2255,0.6691416,0.9,13.378,13.017,1.09,0.0,129.57,68.59373000000001,43.03741361111111,0,high,,44.83355989225599,False,False,0,1.26,2431.857851452194,2458816.2255,2,2,The Rocky Planet Picture Show: Implementation of Surface Reflection and Emission in $\texttt{POSEIDON}$ with Application to and Interpretation of JWST Data,2026arXiv260500700M,2026-05-00,2026-07-27 01:18:21.479,0.0,17.78357921607208,-13.895589985732432,92.89406125194706,0,2461248.6363597107,0.0,0.0,none,0,0.0,129.57,50.0,2.0833333333333335,Not suitable,False,0.38589179594041834,0.11455884399268769,4,1.0,2,4.5,0.5294117647058824,5,1,1,1,3.2499999999999996,3,2.5374999999999996,0.29069306663144495,3,0.42105263157894735,0.15037593984962405,No significant transit timing variation signal currently detected.,Not suitable for routine PIRATE observations. Target brightness is V=13.4 and the expected transit depth is 1.1 mmag. Estimated minimum aperture is 50 inches.,Poor observability. Only 0% of the transit is observable. Peak altitude reaches 18°. Average airmass is 92.89 (poor observing conditions).,"The ephemeris remains relatively well constrained (10.1 minute uncertainty), but the target has not been observed recently and would benefit from maintenance observations.","This target has a high ExoClock priority. No recent transit observations have been reported. 2 papers were identified in the last 12 months and 2 papers in the last 36 months. Latest publication: ""The Rocky Planet Picture Show: Implementation of Surface Reflection and Emission in $\texttt{POSEIDON}$ with Application to and Interpretation of JWST Data"".",This is a lower priority target,This target has only partial visibility.,"{'priority': 'This is a lower priority target', 'score': 0.29069306663144495, 'visibility': 'Poor observability. Only 0% of the transit is observable. Peak altitude reaches 18°. Average airmass is 92.89 (poor observing conditions).', 'ephemeris': 'The ephemeris remains relatively well constrained (10.1 minute uncertainty), but the target has not been observed recently and would benefit from maintenance observations.', 'science': 'This target has a high ExoClock priority. No recent transit observations have been reported. 2 papers were identified in the last 12 months and 2 papers in the last 36 months. Latest publication: ""The Rocky Planet Picture Show: Implementation of Surface Reflection and Emission in $\\texttt{POSEIDON}$ with Application to and Interpretation of JWST Data"".', 'coordination': 'This target has only partial visibility.', 'network': False, 'campaign': False}","This is a lower priority target. The ephemeris remains relatively well constrained (10.1 minute uncertainty), but the target has not been observed recently and would benefit from maintenance observations.. Poor observability. Only 0% of the transit is observable. Peak altitude reaches 18°. Average airmass is 92.89 (poor observing conditions).. This target has a high ExoClock priority. No recent transit observations have been reported. 2 papers were identified in the last 12 months and 2 papers in the last 36 months. Latest publication: ""The Rocky Planet Picture Show: Implementation of Surface Reflection and Emission in $\texttt{POSEIDON}$ with Application to and Interpretation of JWST Data""..",—
K2-266b_5009,K2-266b,5009,122.69639471843489,183.0,6.409999999999999,2457949.675,0.658524,0.31,11.808,11.083,0.27,0.0,442.32,157.9354404166667,0.9375744444444445,0,high,,45.55642618947829,False,False,0,0.33,3298.408351080958,2457949.675,0,0,,,,2026-07-26 17:18:07.079,0.0,62.50125676707171,27.601425303141262,1.395801656184002,0,2461248.1403597104,0.0,0.0,none,1,0.16666666666666666,442.32,50.0,2.0833333333333335,Not suitable,False,0.11304033279073973,0.11455884399268769,4,1.0,1,4.5,0.5294117647058824,5,1,1,1,3.0999999999999996,3,2.5149999999999997,0.2881154926416095,3,0.42105263157894735,0.11842105263157894,No significant transit timing variation signal currently detected.,Not suitable for routine PIRATE observations. Target brightness is V=11.8 and the expected transit depth is 0.3 mmag. Estimated minimum aperture is 50 inches.,Poor observability. Only 0% of the transit is observable. Peak altitude reaches 63°. Average airmass is 1.40 (excellent observing conditions).,"Predicted transit timing uncertainty has grown to approximately 122.7 minutes, indicating that additional observations would improve ephemeris precision.",This target has a high ExoClock priority. No recent transit observations have been reported. No recent literature activity was identified.,This is a lower priority target,This target has only partial visibility.,"{'priority': 'This is a lower priority target', 'score': 0.2881154926416095, 'visibility': 'Poor observability. Only 0% of the transit is observable. Peak altitude reaches 63°. Average airmass is 1.40 (excellent observing conditions).', 'ephemeris': 'Predicted transit timing uncertainty has grown to approximately 122.7 minutes, indicating that additional observations would improve ephemeris precision.', 'science': 'This target has a high ExoClock priority. No recent transit observations have been reported. No recent literature activity was identified.', 'coordination': 'This target has only partial visibility.', 'network': False, 'campaign': False}","This is a lower priority target. Predicted transit timing uncertainty has grown to approximately 122.7 minutes, indicating that additional observations would improve ephemeris precision.. Poor observability. Only 0% of the transit is observable. Peak altitude reaches 63°. Average airmass is 1.40 (excellent observing conditions).. This target has a high ExoClock priority. No recent transit observations have been reported. No recent literature activity was identified..",—
K2-266b_5010,K2-266b,5010,122.72085954327554,183.0,6.409999999999999,2457949.675,0.658524,0.31,11.808,11.083,0.27,0.0,442.32,157.9354404166667,0.9375744444444445,0,high,,45.55642618947829,False,False,0,0.33,3298.4083510842174,2457949.675,0,0,,,,2026-07-27 09:06:23.553,0.0,23.519081243913867,-28.381424785737305,12.875294274052832,0,2461248.9613837153,0.0,0.0,none,1,0.16666666666666666,442.32,50.0,2.0833333333333335,Not suitable,False,0.11304033279073973,0.11455884399268769,4,1.0,1,4.5,0.5294117647058824,5,1,1,1,3.0999999999999996,3,2.5149999999999997,0.2881154926416095,3,0.42105263157894735,0.11842105263157894,No significant transit timing variation signal currently detected.,Not suitable for routine PIRATE observations. Target brightness is V=11.8 and the expected transit depth is 0.3 mmag. Estimated minimum aperture is 50 inches.,Poor observability. Only 0% of the transit is observable. Peak altitude reaches 24°. Average airmass is 12.88 (poor observing conditions).,"Predicted transit timing uncertainty has grown to approximately 122.7 minutes, indicating that additional observations would improve ephemeris precision.",This target has a high ExoClock priority. No recent transit observations have been reported. No recent literature activity was identified.,This is a lower priority target,This target has only partial visibility.,"{'priority': 'This is a lower priority target', 'score': 0.2881154926416095, 'visibility': 'Poor observability. Only 0% of the transit is observable. Peak altitude reaches 24°. Average airmass is 12.88 (poor observing conditions).', 'ephemeris': 'Predicted transit timing uncertainty has grown to approximately 122.7 minutes, indicating that additional observations would improve ephemeris precision.', 'science': 'This target has a high ExoClock priority. No recent transit observations have been reported. No recent literature activity was identified.', 'coordination': 'This target has only partial visibility.', 'network': False, 'campaign': False}","This is a lower priority target. Predicted transit timing uncertainty has grown to approximately 122.7 minutes, indicating that additional observations would improve ephemeris precision.. Poor observability. Only 0% of the transit is observable. Peak altitude reaches 24°. Average airmass is 12.88 (poor observing conditions).. This target has a high ExoClock priority. No recent transit observations have been reported. No recent literature activity was identified..",—
K2-321b_1453,K2-321b,1453,2092.369552062891,2153.0,72.92666666666666,2457909.17,2.298,1.16,13.657,12.625,1.44,0.0,78.98,156.40527916666665,2.514352777777778,0,high,,13.054830287206267,False,False,0,1.28,3338.913351098541,2457909.17,0,0,,,,2026-07-26 15:55:00.417,0.0,64.07938659876586,44.3483724062096,1.1851500319673385,0,2461248.135421493,0.0,0.0,none,0,0.0,78.98,50.0,2.0833333333333335,Not suitable,False,0.6330716637123323,0.11455884399268769,4,1.0,1,4.5,0.5294117647058824,5,1,1,1,3.0999999999999996,3,2.5149999999999997,0.2881154926416095,3,0.42105263157894735,0.11842105263157894,No significant transit timing variation signal currently detected.,Not suitable for routine PIRATE observations. Target brightness is V=13.7 and the expected transit depth is 1.4 mmag. Estimated minimum aperture is 50 inches.,Poor observability. Only 0% of the transit is observable. Peak altitude reaches 64°. Average airmass is 1.19 (excellent observing conditions).,"Predicted transit timing uncertainty has grown to approximately 2092.4 minutes, indicating that additional observations would improve ephemeris precision.",This target has a high ExoClock priority. No recent transit observations have been reported. No recent literature activity was identified.,This is a lower priority target,This target has only partial visibility.,"{'priority': 'This is a lower priority target', 'score': 0.2881154926416095, 'visibility': 'Poor observability. Only 0% of the transit is observable. Peak altitude reaches 64°. Average airmass is 1.19 (excellent observing conditions).', 'ephemeris': 'Predicted transit timing uncertainty has grown to approximately 2092.4 minutes, indicating that additional observations would improve ephemeris precision.', 'science': 'This target has a high ExoClock priority. No recent transit observations have been reported. No recent literature activity was identified.', 'coordination': 'This target has only partial visibility.', 'network': False, 'campaign': False}","This is a lower priority target. Predicted transit timing uncertainty has grown to approximately 2092.4 minutes, indicating that additional observations would improve ephemeris precision.. Poor observability. Only 0% of the transit is observable. Peak altitude reaches 64°. Average airmass is 1.19 (excellent observing conditions).. This target has a high ExoClock priority. No recent transit observations have been reported. No recent literature activity was identified..",—
LHS1678b_2473,LHS1678b,2473,25.346917016856803,90.0,3.77,2459121.1688,0.8602322,0.77,12.482,12.131,0.48,0.0,232.43,68.17764541666666,-39.78670833333333,0,high,,34.87430486791822,False,False,0,0.78,2126.914551202208,2459121.1688,0,0,,,,2026-07-27 00:32:00.660,0.0,-26.792893168976306,-71.44271105111636,,0,2461248.6041743057,0.0,0.0,none,0,0.0,232.43,50.0,2.0833333333333335,Not suitable,False,0.21511853031020092,0.11455884399268769,4,1.0,1,4.5,0.5294117647058824,5,1,1,1,3.0999999999999996,3,2.5149999999999997,0.2881154926416095,3,0.42105263157894735,0.11842105263157894,No significant transit timing variation signal currently detected.,Not suitable for routine PIRATE observations. Target brightness is V=12.5 and the expected transit depth is 0.5 mmag. Estimated minimum aperture is 50 inches.,Poor observability. Only 0% of the transit is observable. Peak altitude reaches -27°.,"Predicted transit timing uncertainty has grown to approximately 25.3 minutes, indicating that additional observations would improve ephemeris precision.",This target has a high ExoClock priority. No recent transit observations have been reported. No recent literature activity was identified.,This is a lower priority target,This target has only partial visibility.,"{'priority': 'This is a lower priority target', 'score': 0.2881154926416095, 'visibility': 'Poor observability. Only 0% of the transit is observable. Peak altitude reaches -27°.', 'ephemeris': 'Predicted transit timing uncertainty has grown to approximately 25.3 minutes, indicating that additional observations would improve ephemeris precision.', 'science': 'This target has a high ExoClock priority. No recent transit observations have been reported. No recent literature activity was identified.', 'coordination': 'This target has only partial visibility.', 'network': False, 'campaign': False}","This is a lower priority target. Predicted transit timing uncertainty has grown to approximately 25.3 minutes, indicating that additional observations would improve ephemeris precision.. Poor observability. Only 0% of the transit is observable. Peak altitude reaches -27°.. This target has a high ExoClock priority. No recent transit observations have been reported. No recent literature activity was identified..",—
LP791-18b_2745,LP791-18b,2745,22.945930809136616,90.0,3.6,2458645.94405,0.948005,0.6,17.288,15.406,4.7,0.0,87.56,165.69147625,-16.406190277777775,0,high,,31.645402714120706,False,False,0,0.83,2602.1393012194894,2458645.94405,0,0,,,,2026-07-26 17:12:26.577,0.0,45.149927016758255,24.33837227078515,1.6441407224049986,0,2461248.1614187155,0.0,0.0,none,0,0.0,87.56,50.0,2.0833333333333335,Not suitable,False,0.5710370031978073,0.11455884399268769,4,1.0,1,4.5,0.5294117647058824,5,1,1,1,3.0999999999999996,3,2.5149999999999997,0.2881154926416095,3,0.42105263157894735,0.11842105263157894,No significant transit timing variation signal currently detected.,Not suitable for routine PIRATE observations. Target brightness is V=17.3 and the expected transit depth is 4.7 mmag. Estimated minimum aperture is 50 inches.,Poor observability. Only 0% of the transit is observable. Peak altitude reaches 45°. Average airmass is 1.64 (good observing conditions).,"Predicted transit timing uncertainty has grown to approximately 22.9 minutes, indicating that additional observations would improve ephemeris precision.",This target has a high ExoClock priority. No recent transit observations have been reported. No recent literature activity was identified.,This is a lower priority target,This target has only partial visibility.,"{'priority': 'This is a lower priority target', 'score': 0.2881154926416095, 'visibility': 'Poor observability. Only 0% of the transit is observable. Peak altitude reaches 45°. Average airmass is 1.64 (good observing conditions).', 'ephemeris': 'Predicted transit timing uncertainty has grown to approximately 22.9 minutes, indicating that additional observations would improve ephemeris precision.', 'science': 'This target has a high ExoClock priority. No recent transit observations have been reported. No recent literature activity was identified.', 'coordination': 'This target has only partial visibility.', 'network': False, 'campaign': False}","This is a lower priority target. Predicted transit timing uncertainty has grown to approximately 22.9 minutes, indicating that additional observations would improve ephemeris precision.. Poor observability. Only 0% of the transit is observable. Peak altitude reaches 45°. Average airmass is 1.64 (good observing conditions).. This target has a high ExoClock priority. No recent transit observations have been reported. No recent literature activity was identified..",—
TOI-500b_5071,TOI-500b,5071,138.76415480719237,199.0,7.653333333333334,2458468.3905,0.548177,1.02,10.59,9.833,0.31,0.0,183.84,106.55823,-47.58718666666667,0,high,,54.7268491746279,False,False,0,1.11,2779.6928513348103,2458468.3905,0,0,,,,2026-07-26 16:41:11.005,0.0,5.456861034961976,-27.632371193158214,39.86622912113833,0,2461248.111932928,0.0,0.0,none,1,0.16666666666666666,183.84,50.0,2.0833333333333335,Not suitable,False,0.2719756309834639,0.11455884399268769,4,1.0,1,4.5,0.5294117647058824,5,1,1,1,3.0999999999999996,3,2.5149999999999997,0.2881154926416095,3,0.42105263157894735,0.11842105263157894,No significant transit timing variation signal currently detected.,Not suitable for routine PIRATE observations. Target brightness is V=10.6 and the expected transit depth is 0.3 mmag. Estimated minimum aperture is 50 inches.,Poor observability. Only 0% of the transit is observable. Peak altitude reaches 5°. Average airmass is 39.87 (poor observing conditions).,"Predicted transit timing uncertainty has grown to approximately 138.8 minutes, indicating that additional observations would improve ephemeris precision.",This target has a high ExoClock priority. No recent transit observations have been reported. No recent literature activity was identified.,This is a lower priority target,This target has only partial visibility.,"{'priority': 'This is a lower priority target', 'score': 0.2881154926416095, 'visibility': 'Poor observability. Only 0% of the transit is observable. Peak altitude reaches 5°. Average airmass is 39.87 (poor observing conditions).', 'ephemeris': 'Predicted transit timing uncertainty has grown to approximately 138.8 minutes, indicating that additional observations would improve ephemeris precision.', 'science': 'This target has a high ExoClock priority. No recent transit observations have been reported. No recent literature activity was identified.', 'coordination': 'This target has only partial visibility.', 'network': False, 'campaign': False}","This is a lower priority target. Predicted transit timing uncertainty has grown to approximately 138.8 minutes, indicating that additional observations would improve ephemeris precision.. Poor observability. Only 0% of the transit is observable. Peak altitude reaches 5°. Average airmass is 39.87 (poor observing conditions).. This target has a high ExoClock priority. No recent transit observations have been reported. No recent literature activity was identified..",—
TOI-500b_5072,TOI-500b,5072,138.79151055021023,199.0,7.653333333333334,2458468.3905,0.548177,1.02,10.59,9.833,0.31,0.0,183.84,106.55823,-47.58718666666667,0,high,,54.7268491746279,False,False,0,1.11,2779.69285133807,2458468.3905,0,0,,,,2026-07-27 05:50:33.498,0.0,-3.629436193588862,-40.81472704155987,,0,2461248.8253877084,0.0,0.0,none,1,0.16666666666666666,183.84,50.0,2.0833333333333335,Not suitable,False,0.2719756309834639,0.11455884399268769,4,1.0,1,4.5,0.5294117647058824,5,1,1,1,3.0999999999999996,3,2.5149999999999997,0.2881154926416095,3,0.42105263157894735,0.11842105263157894,No significant transit timing variation signal currently detected.,Not suitable for routine PIRATE observations. Target brightness is V=10.6 and the expected transit depth is 0.3 mmag. Estimated minimum aperture is 50 inches.,Poor observability. Only 0% of the transit is observable. Peak altitude reaches -4°.,"Predicted transit timing uncertainty has grown to approximately 138.8 minutes, indicating that additional observations would improve ephemeris precision.",This target has a high ExoClock priority. No recent transit observations have been reported. No recent literature activity was identified.,This is a lower priority target,This target has only partial visibility.,"{'priority': 'This is a lower priority target', 'score': 0.2881154926416095, 'visibility': 'Poor observability. Only 0% of the transit is observable. Peak altitude reaches -4°.', 'ephemeris': 'Predicted transit timing uncertainty has grown to approximately 138.8 minutes, indicating that additional observations would improve ephemeris precision.', 'science': 'This target has a high ExoClock priority. No recent transit observations have been reported. No recent literature activity was identified.', 'coordination': 'This target has only partial visibility.', 'network': False, 'campaign': False}","This is a lower priority target. Predicted transit timing uncertainty has grown to approximately 138.8 minutes, indicating that additional observations would improve ephemeris precision.. Poor observability. Only 0% of the transit is observable. Peak altitude reaches -4°.. This target has a high ExoClock priority. No recent transit observations have been reported. No recent literature activity was identified..",—
TOI-833b_2545,TOI-833b,2545,118.74825139693625,179.0,7.236666666666666,2458597.256,1.0418777,1.27,11.724,11.269,0.49,0.0,150.4,145.64693791666667,-62.47622916666667,0,high,,28.794166532213907,False,False,0,1.24,2650.827351378277,2458597.256,0,0,,,,2026-07-27 08:00:52.914,0.0,-15.413367966980351,-41.73061016897179,,0,2461248.9158902084,0.0,0.0,none,1,0.16666666666666666,150.4,50.0,2.0833333333333335,Not suitable,False,0.3324468085106383,0.11455884399268769,4,1.0,1,4.5,0.5294117647058824,5,1,1,1,3.0999999999999996,3,2.5149999999999997,0.2881154926416095,3,0.42105263157894735,0.11842105263157894,No significant transit timing variation signal currently detected.,Not suitable for routine PIRATE observations. Target brightness is V=11.7 and the expected transit depth is 0.5 mmag. Estimated minimum aperture is 50 inches.,Poor observability. Only 0% of the transit is observable. Peak altitude reaches -15°.,"Predicted transit timing uncertainty has grown to approximately 118.7 minutes, indicating that additional observations would improve ephemeris precision.",This target has a high ExoClock priority. No recent transit observations have been reported. No recent literature activity was identified.,This is a lower priority target,This target has only partial visibility.,"{'priority': 'This is a lower priority target', 'score': 0.2881154926416095, 'visibility': 'Poor observability. Only 0% of the transit is observable. Peak altitude reaches -15°.', 'ephemeris': 'Predicted transit timing uncertainty has grown to approximately 118.7 minutes, indicating that additional observations would improve ephemeris precision.', 'science': 'This target has a high ExoClock priority. No recent transit observations have been reported. No recent literature activity was identified.', 'coordination': 'This target has only partial visibility.', 'network': False, 'campaign': False}","This is a lower priority target. Predicted transit timing uncertainty has grown to approximately 118.7 minutes, indicating that additional observations would improve ephemeris precision.. Poor observability. Only 0% of the transit is observable. Peak altitude reaches -15°.. This target has a high ExoClock priority. No recent transit observations have been reported. No recent literature activity was identified..",—
TOI-1693b_1376,TOI-1693b,1376,10.88804217709417,90.0,4.23,2458817.6827,1.7666957,1.23,12.79,12.482,1.02,0.0,104.45,90.30846541666666,34.77316666666667,0,high,,16.980853012774073,False,False,0,1.81,2430.400651456788,2458817.6827,0,0,,,,2026-07-27 03:43:27.765,0.0,25.696628403011104,-14.78968588387889,12.474655908977498,0,2461248.7371269097,0.0,0.0,none,0,0.0,104.45,50.0,2.0833333333333335,Not suitable,False,0.4786979415988511,0.11455884399268769,4,1.0,1,4.5,0.5294117647058824,5,1,1,1,3.0999999999999996,3,2.5149999999999997,0.2881154926416095,3,0.42105263157894735,0.11842105263157894,No significant transit timing variation signal currently detected.,Not suitable for routine PIRATE observations. Target brightness is V=12.8 and the expected transit depth is 1.0 mmag. Estimated minimum aperture is 50 inches.,Poor observability. Only 0% of the transit is observable. Peak altitude reaches 26°. Average airmass is 12.47 (poor observing conditions).,"The ephemeris remains relatively well constrained (10.9 minute uncertainty), but the target has not been observed recently and would benefit from maintenance observations.",This target has a high ExoClock priority. No recent transit observations have been reported. No recent literature activity was identified.,This is a lower priority target,This target has only partial visibility.,"{'priority': 'This is a lower priority target', 'score': 0.2881154926416095, 'visibility': 'Poor observability. Only 0% of the transit is observable. Peak altitude reaches 26°. Average airmass is 12.47 (poor observing conditions).', 'ephemeris': 'The ephemeris remains relatively well constrained (10.9 minute uncertainty), but the target has not been observed recently and would benefit from maintenance observations.', 'science': 'This target has a high ExoClock priority. No recent transit observations have been reported. No recent literature activity was identified.', 'coordination': 'This target has only partial visibility.', 'network': False, 'campaign': False}","This is a lower priority target. The ephemeris remains relatively well constrained (10.9 minute uncertainty), but the target has not been observed recently and would benefit from maintenance observations.. Poor observability. Only 0% of the transit is observable. Peak altitude reaches 26°. Average airmass is 12.47 (poor observing conditions).. This target has a high ExoClock priority. No recent transit observations have been reported. No recent literature activity was identified..",—
TOI-2260b_6582,TOI-2260b,6582,44.55837895104152,105.0,4.35,2458928.239,0.3524728,0.85,10.47,10.011,0.3,0.0,209.27,247.66716541666665,49.046524444444444,0,high,,85.11295055958928,False,False,0,0.82,2319.8443515091203,2458928.239,0,0,,,,2026-07-26 17:08:24.190,0.0,57.22743008477543,19.162486365404995,1.769847769637976,0,2461248.2961133104,0.0,0.0,none,1,0.16666666666666666,209.27,50.0,2.0833333333333335,Not suitable,False,0.2389257896497348,0.11455884399268769,4,1.0,1,4.5,0.5294117647058824,5,1,1,1,3.0999999999999996,3,2.5149999999999997,0.2881154926416095,3,0.42105263157894735,0.11842105263157894,No significant transit timing variation signal currently detected.,Not suitable for routine PIRATE observations. Target brightness is V=10.5 and the expected transit depth is 0.3 mmag. Estimated minimum aperture is 50 inches.,Poor observability. Only 0% of the transit is observable. Peak altitude reaches 57°. Average airmass is 1.77 (good observing conditions).,"Predicted transit timing uncertainty has grown to approximately 44.6 minutes, indicating that additional observations would improve ephemeris precision.",This target has a high ExoClock priority. No recent transit observations have been reported. No recent literature activity was identified.,This is a lower priority target,This target has only partial visibility.,"{'priority': 'This is a lower priority target', 'score': 0.2881154926416095, 'visibility': 'Poor observability. Only 0% of the transit is observable. Peak altitude reaches 57°. Average airmass is 1.77 (good observing conditions).', 'ephemeris': 'Predicted transit timing uncertainty has grown to approximately 44.6 minutes, indicating that additional observations would improve ephemeris precision.', 'science': 'This target has a high ExoClock priority. No recent transit observations have been reported. No recent literature activity was identified.', 'coordination': 'This target has only partial visibility.', 'network': False, 'campaign': False}","This is a lower priority target. Predicted transit timing uncertainty has grown to approximately 44.6 minutes, indicating that additional observations would improve ephemeris precision.. Poor observability. Only 0% of the transit is observable. Peak altitude reaches 57°. Average airmass is 1.77 (good observing conditions).. This target has a high ExoClock priority. No recent transit observations have been reported. No recent literature activity was identified..",—
TOI-2260b_6584,TOI-2260b,6584,44.57191148809307,105.0,4.35,2458928.239,0.3524728,0.85,10.47,10.011,0.3,0.0,209.27,247.66716541666665,49.046524444444444,0,high,,85.11295055958928,False,False,0,0.82,2319.8443515156396,2458928.239,0,0,,,,2026-07-27 10:03:31.490,0.0,-4.4085313302152995,-12.707499013642297,,0,2461249.001058912,0.0,0.0,none,1,0.16666666666666666,209.27,50.0,2.0833333333333335,Not suitable,False,0.2389257896497348,0.11455884399268769,4,1.0,1,4.5,0.5294117647058824,5,1,1,1,3.0999999999999996,3,2.5149999999999997,0.2881154926416095,3,0.42105263157894735,0.11842105263157894,No significant transit timing variation signal currently detected.,Not suitable for routine PIRATE observations. Target brightness is V=10.5 and the expected transit depth is 0.3 mmag. Estimated minimum aperture is 50 inches.,Poor observability. Only 0% of the transit is observable. Peak altitude reaches -4°.,"Predicted transit timing uncertainty has grown to approximately 44.6 minutes, indicating that additional observations would improve ephemeris precision.",This target has a high ExoClock priority. No recent transit observations have been reported. No recent literature activity was identified.,This is a lower priority target,This target has only partial visibility.,"{'priority': 'This is a lower priority target', 'score': 0.2881154926416095, 'visibility': 'Poor observability. Only 0% of the transit is observable. Peak altitude reaches -4°.', 'ephemeris': 'Predicted transit timing uncertainty has grown to approximately 44.6 minutes, indicating that additional observations would improve ephemeris precision.', 'science': 'This target has a high ExoClock priority. No recent transit observations have been reported. No recent literature activity was identified.', 'coordination': 'This target has only partial visibility.', 'network': False, 'campaign': False}","This is a lower priority target. Predicted transit timing uncertainty has grown to approximately 44.6 minutes, indicating that additional observations would improve ephemeris precision.. Poor observability. Only 0% of the transit is observable. Peak altitude reaches -4°.. This target has a high ExoClock priority. No recent transit observations have been reported. No recent literature activity was identified..",—
TOI-2411b_2725,TOI-2411b,2725,14.590036101394352,90.0,4.36,2459116.0139,0.7826942,1.36,11.2,11.451,0.59,0.0,128.52,20.92297,-8.70138361111111,0,high,,38.32914566123014,False,False,0,1.36,2132.069451523479,2459116.0139,0,0,,,,2026-07-27 08:30:54.225,0.0,52.834131122205676,17.64025333870128,1.7589923909455085,0,2461248.7714609373,0.0,0.0,none,1,0.16666666666666666,128.52,50.0,2.0833333333333335,Not suitable,False,0.3890445066915655,0.11455884399268769,4,1.0,1,4.5,0.5294117647058824,5,1,1,1,3.0999999999999996,3,2.5149999999999997,0.2881154926416095,3,0.42105263157894735,0.11842105263157894,No significant transit timing variation signal currently detected.,Not suitable for routine PIRATE observations. Target brightness is V=11.2 and the expected transit depth is 0.6 mmag. Estimated minimum aperture is 50 inches.,Poor observability. Only 0% of the transit is observable. Peak altitude reaches 53°. Average airmass is 1.76 (good observing conditions).,"The ephemeris remains relatively well constrained (14.6 minute uncertainty), but the target has not been observed recently and would benefit from maintenance observations.",This target has a high ExoClock priority. No recent transit observations have been reported. No recent literature activity was identified.,This is a lower priority target,This target has only partial visibility.,"{'priority': 'This is a lower priority target', 'score': 0.2881154926416095, 'visibility': 'Poor observability. Only 0% of the transit is observable. Peak altitude reaches 53°. Average airmass is 1.76 (good observing conditions).', 'ephemeris': 'The ephemeris remains relatively well constrained (14.6 minute uncertainty), but the target has not been observed recently and would benefit from maintenance observations.', 'science': 'This target has a high ExoClock priority. No recent transit observations have been reported. No recent literature activity was identified.', 'coordination': 'This target has only partial visibility.', 'network': False, 'campaign': False}","This is a lower priority target. The ephemeris remains relatively well constrained (14.6 minute uncertainty), but the target has not been observed recently and would benefit from maintenance observations.. Poor observability. Only 0% of the transit is observable. Peak altitude reaches 53°. Average airmass is 1.76 (good observing conditions).. This target has a high ExoClock priority. No recent transit observations have been reported. No recent literature activity was identified..",—
K2-129b_475,K2-129b,475,205.20505256938486,266.0,10.426666666666668,2457335.0098,8.2395,1.56,13.63,13.387,0.9,0.0,150.5,289.14830333333333,-25.64497972222222,0,high,,3.6409976333515384,False,False,0,1.27,3913.0735510517843,2457335.0098,0,0,,,,2026-07-27 06:30:57.537,0.0,6.380763525429643,-42.37492608078247,31.031274181233236,0,2461248.6881659376,0.0,0.0,none,0,0.0,150.5,50.0,2.0833333333333335,Not suitable,False,0.33222591362126247,0.11455884399268769,4,1.0,1,2.5922992900054616,0.30497638705946606,5,1,1,1,3.0999999999999996,2,2.415,0.27665960824234076,3,0.42105263157894735,0.09398496240601503,No significant transit timing variation signal currently detected.,Not suitable for routine PIRATE observations. Target brightness is V=13.6 and the expected transit depth is 0.9 mmag. Estimated minimum aperture is 50 inches.,Poor observability. Only 0% of the transit is observable. Peak altitude reaches 6°. Average airmass is 31.03 (poor observing conditions).,"Predicted transit timing uncertainty has grown to approximately 205.2 minutes, indicating that additional observations would improve ephemeris precision.",This target has a high ExoClock priority. No recent transit observations have been reported. No recent literature activity was identified.,This is a lower priority target,This target has only partial visibility.,"{'priority': 'This is a lower priority target', 'score': 0.27665960824234076, 'visibility': 'Poor observability. Only 0% of the transit is observable. Peak altitude reaches 6°. Average airmass is 31.03 (poor observing conditions).', 'ephemeris': 'Predicted transit timing uncertainty has grown to approximately 205.2 minutes, indicating that additional observations would improve ephemeris precision.', 'science': 'This target has a high ExoClock priority. No recent transit observations have been reported. No recent literature activity was identified.', 'coordination': 'This target has only partial visibility.', 'network': False, 'campaign': False}","This is a lower priority target. Predicted transit timing uncertainty has grown to approximately 205.2 minutes, indicating that additional observations would improve ephemeris precision.. Poor observability. Only 0% of the transit is observable. Peak altitude reaches 6°. Average airmass is 31.03 (poor observing conditions).. This target has a high ExoClock priority. No recent transit observations have been reported. No recent literature activity was identified..",—
Kepler-76b_3619,Kepler-76b,3619,0.3295764338266099,90.0,4.47,2455657.131979,1.544928904,1.47,13.39,13.072,6.41,-1.13,19.27,294.1921208333334,39.61898333333333,7,low,,19.418369299924755,False,False,0,3.54,5590.951372176874,2455657.131979,0,0,,,,2026-07-26 17:29:35.391,0.0,28.914561262699394,-9.76581671665249,11.905919157905045,0,2461248.310826285,1.13,0.056499999999999995,none,1,0.16666666666666666,19.27,42.50528667101745,1.7710536112923938,Not suitable,False,2.2057751256366087,0.2139298283616825,2,0.125,1,4.5,0.5294117647058824,1,1,1,1,1.5687499999999999,3,1.2853125,0.27496668251612505,3,0.42105263157894735,0.09022556390977443,No significant transit timing variation signal currently detected.,Not suitable for routine PIRATE observations. Target brightness is V=13.4 and the expected transit depth is 6.4 mmag. Estimated minimum aperture is 43 inches.,Poor observability. Only 0% of the transit is observable. Peak altitude reaches 29°. Average airmass is 11.91 (poor observing conditions).,"The ephemeris remains relatively well constrained (0.3 minute uncertainty), but the target has not been observed recently and would benefit from maintenance observations.",This target has a low ExoClock priority. 7 recent observations indicate strong monitoring coverage. No recent literature activity was identified.,This is a lower priority target,This target has only partial visibility.,"{'priority': 'This is a lower priority target', 'score': 0.27496668251612505, 'visibility': 'Poor observability. Only 0% of the transit is observable. Peak altitude reaches 29°. Average airmass is 11.91 (poor observing conditions).', 'ephemeris': 'The ephemeris remains relatively well constrained (0.3 minute uncertainty), but the target has not been observed recently and would benefit from maintenance observations.', 'science': 'This target has a low ExoClock priority. 7 recent observations indicate strong monitoring coverage. No recent literature activity was identified.', 'coordination': 'This target has only partial visibility.', 'network': False, 'campaign': False}","This is a lower priority target. The ephemeris remains relatively well constrained (0.3 minute uncertainty), but the target has not been observed recently and would benefit from maintenance observations.. Poor observability. Only 0% of the transit is observable. Peak altitude reaches 29°. Average airmass is 11.91 (poor observing conditions).. This target has a low ExoClock priority. 7 recent observations indicate strong monitoring coverage. No recent literature activity was identified..",—
K2-55b_1478,K2-55b,1478,3.83973459402824,90.0,5.029999999999999,2457037.55909,2.8492813,2.03,13.55,13.24,4.28,4.91,28.05,333.751935,-17.250705,1,medium,,10.528970937337778,False,False,0,3.77,4210.5242610345595,2457037.55909,0,0,,,,2026-07-27 07:06:18.778,0.0,35.64933615375878,-8.464899780014779,7.597620673065058,0,2461248.712717338,4.91,0.2455,none,0,0.0,28.05,47.64976117246294,1.9854067155192892,Not suitable,False,1.6987437138132955,0.13934346380436863,3,0.5,1,4.5,0.5294117647058824,3,1,1,1,2.3249999999999997,3,1.8987499999999997,0.26457840189854487,3,0.42105263157894735,0.08646616541353383,No significant transit timing variation signal currently detected.,Not suitable for routine PIRATE observations. Target brightness is V=13.6 and the expected transit depth is 4.3 mmag. Estimated minimum aperture is 48 inches.,Poor observability. Only 0% of the transit is observable. Peak altitude reaches 36°. Average airmass is 7.60 (poor observing conditions).,"The ephemeris remains relatively well constrained (3.8 minute uncertainty), but the target has not been observed recently and would benefit from maintenance observations.",This target has a medium ExoClock priority. 1 recent transit observations have been recorded. No recent literature activity was identified.,This is a lower priority target,This target has only partial visibility.,"{'priority': 'This is a lower priority target', 'score': 0.26457840189854487, 'visibility': 'Poor observability. Only 0% of the transit is observable. Peak altitude reaches 36°. Average airmass is 7.60 (poor observing conditions).', 'ephemeris': 'The ephemeris remains relatively well constrained (3.8 minute uncertainty), but the target has not been observed recently and would benefit from maintenance observations.', 'science': 'This target has a medium ExoClock priority. 1 recent transit observations have been recorded. No recent literature activity was identified.', 'coordination': 'This target has only partial visibility.', 'network': False, 'campaign': False}","This is a lower priority target. The ephemeris remains relatively well constrained (3.8 minute uncertainty), but the target has not been observed recently and would benefit from maintenance observations.. Poor observability. Only 0% of the transit is observable. Peak altitude reaches 36°. Average airmass is 7.60 (poor observing conditions).. This target has a medium ExoClock priority. 1 recent transit observations have been recorded. No recent literature activity was identified..",—
GJ3473b_2301,GJ3473b,2301,5.996248398195595,90.0,3.95,2458492.20408,1.1980035,0.95,13.74,13.44,1.33,0.0,121.13,120.595345,3.3388033333333333,0,high,,25.0416630669276,False,False,0,1.47,2755.879270737525,2458492.20408,0,0,,,,2026-07-27 07:25:26.351,0.0,35.04349490084583,-16.880705839664483,12.793061594025554,0,2461248.891277211,0.0,0.0,none,0,0.0,121.13,50.0,2.0833333333333335,Not suitable,False,0.41277965821844304,0.11455884399268769,4,1.0,1,4.5,0.5294117647058824,4,1,1,1,3.0999999999999996,3,2.2649999999999997,0.2594757816434376,3,0.42105263157894735,0.07518796992481203,No significant transit timing variation signal currently detected.,Not suitable for routine PIRATE observations. Target brightness is V=13.7 and the expected transit depth is 1.3 mmag. Estimated minimum aperture is 50 inches.,Poor observability. Only 0% of the transit is observable. Peak altitude reaches 35°. Average airmass is 12.79 (poor observing conditions).,"The ephemeris remains relatively well constrained (6.0 minute uncertainty), but the target has not been observed recently and would benefit from maintenance observations.",This target has a high ExoClock priority. No recent transit observations have been reported. No recent literature activity was identified.,This is a lower priority target,This target has only partial visibility.,"{'priority': 'This is a lower priority target', 'score': 0.2594757816434376, 'visibility': 'Poor observability. Only 0% of the transit is observable. Peak altitude reaches 35°. Average airmass is 12.79 (poor observing conditions).', 'ephemeris': 'The ephemeris remains relatively well constrained (6.0 minute uncertainty), but the target has not been observed recently and would benefit from maintenance observations.', 'science': 'This target has a high ExoClock priority. No recent transit observations have been reported. No recent literature activity was identified.', 'coordination': 'This target has only partial visibility.', 'network': False, 'campaign': False}","This is a lower priority target. The ephemeris remains relatively well constrained (6.0 minute uncertainty), but the target has not been observed recently and would benefit from maintenance observations.. Poor observability. Only 0% of the transit is observable. Peak altitude reaches 35°. Average airmass is 12.79 (poor observing conditions).. This target has a high ExoClock priority. No recent transit observations have been reported. No recent literature activity was identified..",—
GJ3929b_876,GJ3929b,876,6.348162871256603,90.0,4.08,2458956.3962,2.616235,1.08,12.766,12.421,0.31,0.0,351.05,239.57832333333334,35.40674416666666,0,high,,11.46685981954985,False,False,0,0.65,2291.6871507419273,2458956.3962,0,0,,,,2026-07-26 17:12:51.201,0.0,68.39288817279734,20.60333316006475,1.5923338173843458,0,2461248.2992037153,0.0,0.0,none,0,0.0,351.05,50.0,2.0833333333333335,Not suitable,False,0.1424298532972511,0.11455884399268769,4,1.0,1,4.5,0.5294117647058824,4,1,1,1,3.0999999999999996,3,2.2649999999999997,0.2594757816434376,3,0.42105263157894735,0.07518796992481203,No significant transit timing variation signal currently detected.,Not suitable for routine PIRATE observations. Target brightness is V=12.8 and the expected transit depth is 0.3 mmag. Estimated minimum aperture is 50 inches.,Poor observability. Only 0% of the transit is observable. Peak altitude reaches 68°. Average airmass is 1.59 (good observing conditions).,"The ephemeris remains relatively well constrained (6.3 minute uncertainty), but the target has not been observed recently and would benefit from maintenance observations.",This target has a high ExoClock priority. No recent transit observations have been reported. No recent literature activity was identified.,This is a lower priority target,This target has only partial visibility.,"{'priority': 'This is a lower priority target', 'score': 0.2594757816434376, 'visibility': 'Poor observability. Only 0% of the transit is observable. Peak altitude reaches 68°. Average airmass is 1.59 (good observing conditions).', 'ephemeris': 'The ephemeris remains relatively well constrained (6.3 minute uncertainty), but the target has not been observed recently and would benefit from maintenance observations.', 'science': 'This target has a high ExoClock priority. No recent transit observations have been reported. No recent literature activity was identified.', 'coordination': 'This target has only partial visibility.', 'network': False, 'campaign': False}","This is a lower priority target. The ephemeris remains relatively well constrained (6.3 minute uncertainty), but the target has not been observed recently and would benefit from maintenance observations.. Poor observability. Only 0% of the transit is observable. Peak altitude reaches 68°. Average airmass is 1.59 (good observing conditions).. This target has a high ExoClock priority. No recent transit observations have been reported. No recent literature activity was identified..",—
LHS475b_703,LHS475b,703,6.074035390084237,90.0,3.66,2459822.376259,2.029088,0.66,12.69,11.51,1.14,0.0,86.37,290.22656708333335,-82.55449083333333,0,high,,14.784967433645068,False,False,0,2.11,1425.7070921938866,2459822.376259,0,0,,,,2026-07-27 07:47:01.444,0.0,-27.19710191597886,-34.19270496728832,,0,2461248.7409889353,0.0,0.0,none,0,0.0,86.37,50.0,2.0833333333333335,Not suitable,False,0.5789047122843579,0.11455884399268769,4,1.0,1,4.5,0.5294117647058824,4,1,1,1,3.0999999999999996,3,2.2649999999999997,0.2594757816434376,3,0.42105263157894735,0.07518796992481203,No significant transit timing variation signal currently detected.,Not suitable for routine PIRATE observations. Target brightness is V=12.7 and the expected transit depth is 1.1 mmag. Estimated minimum aperture is 50 inches.,Poor observability. Only 0% of the transit is observable. Peak altitude reaches -27°.,"The ephemeris remains relatively well constrained (6.1 minute uncertainty), but the target has not been observed recently and would benefit from maintenance observations.",This target has a high ExoClock priority. No recent transit observations have been reported. No recent literature activity was identified.,This is a lower priority target,This target has only partial visibility.,"{'priority': 'This is a lower priority target', 'score': 0.2594757816434376, 'visibility': 'Poor observability. Only 0% of the transit is observable. Peak altitude reaches -27°.', 'ephemeris': 'The ephemeris remains relatively well constrained (6.1 minute uncertainty), but the target has not been observed recently and would benefit from maintenance observations.', 'science': 'This target has a high ExoClock priority. No recent transit observations have been reported. No recent literature activity was identified.', 'coordination': 'This target has only partial visibility.', 'network': False, 'campaign': False}","This is a lower priority target. The ephemeris remains relatively well constrained (6.1 minute uncertainty), but the target has not been observed recently and would benefit from maintenance observations.. Poor observability. Only 0% of the transit is observable. Peak altitude reaches -27°.. This target has a high ExoClock priority. No recent transit observations have been reported. No recent literature activity was identified..",—
LHS1678c_576,LHS1678c,576,6.094285135299837,90.0,4.27,2459120.3606,3.694247,1.27,12.482,12.131,0.96,0.0,98.34,68.17764541666666,-39.78670833333333,0,high,,8.120734753252828,False,False,0,2.0,2127.7227512081154,2459120.3606,0,0,,,,2026-07-26 17:54:20.557,0.0,-23.438039714300317,-68.36723462268037,,0,2461248.1627379283,0.0,0.0,none,0,0.0,98.34,50.0,2.0833333333333335,Not suitable,False,0.508440105755542,0.11455884399268769,4,1.0,1,3.936220425975848,0.4630847559971586,4,1,1,1,3.0999999999999996,3,2.2649999999999997,0.2594757816434376,3,0.42105263157894735,0.07518796992481203,No significant transit timing variation signal currently detected.,Not suitable for routine PIRATE observations. Target brightness is V=12.5 and the expected transit depth is 1.0 mmag. Estimated minimum aperture is 50 inches.,Poor observability. Only 0% of the transit is observable. Peak altitude reaches -23°.,"The ephemeris remains relatively well constrained (6.1 minute uncertainty), but the target has not been observed recently and would benefit from maintenance observations.",This target has a high ExoClock priority. No recent transit observations have been reported. No recent literature activity was identified.,This is a lower priority target,This target has only partial visibility.,"{'priority': 'This is a lower priority target', 'score': 0.2594757816434376, 'visibility': 'Poor observability. Only 0% of the transit is observable. Peak altitude reaches -23°.', 'ephemeris': 'The ephemeris remains relatively well constrained (6.1 minute uncertainty), but the target has not been observed recently and would benefit from maintenance observations.', 'science': 'This target has a high ExoClock priority. No recent transit observations have been reported. No recent literature activity was identified.', 'coordination': 'This target has only partial visibility.', 'network': False, 'campaign': False}","This is a lower priority target. The ephemeris remains relatively well constrained (6.1 minute uncertainty), but the target has not been observed recently and would benefit from maintenance observations.. Poor observability. Only 0% of the transit is observable. Peak altitude reaches -23°.. This target has a high ExoClock priority. No recent transit observations have been reported. No recent literature activity was identified..",—
TOI-540b_2289,TOI-540b,2289,5.642488122697202,90.0,3.48,2458411.82601,1.2391491,0.48,14.365,13.007,2.05,0.0,86.97,76.31011916666665,-47.93764694444444,0,high,,24.21016163430212,False,False,0,1.39,2836.257341349963,2458411.82601,0,0,,,,2026-07-26 17:41:59.928,0.0,-18.629569440582493,-57.58268658875573,,0,2461248.1541658333,0.0,0.0,none,0,0.0,86.97,50.0,2.0833333333333335,Not suitable,False,0.5749108888122341,0.11455884399268769,4,1.0,1,4.5,0.5294117647058824,4,1,1,1,3.0999999999999996,3,2.2649999999999997,0.2594757816434376,3,0.42105263157894735,0.07518796992481203,No significant transit timing variation signal currently detected.,Not suitable for routine PIRATE observations. Target brightness is V=14.4 and the expected transit depth is 2.0 mmag. Estimated minimum aperture is 50 inches.,Poor observability. Only 0% of the transit is observable. Peak altitude reaches -19°.,"The ephemeris remains relatively well constrained (5.6 minute uncertainty), but the target has not been observed recently and would benefit from maintenance observations.",This target has a high ExoClock priority. No recent transit observations have been reported. No recent literature activity was identified.,This is a lower priority target,This target has only partial visibility.,"{'priority': 'This is a lower priority target', 'score': 0.2594757816434376, 'visibility': 'Poor observability. Only 0% of the transit is observable. Peak altitude reaches -19°.', 'ephemeris': 'The ephemeris remains relatively well constrained (5.6 minute uncertainty), but the target has not been observed recently and would benefit from maintenance observations.', 'science': 'This target has a high ExoClock priority. No recent transit observations have been reported. No recent literature activity was identified.', 'coordination': 'This target has only partial visibility.', 'network': False, 'campaign': False}","This is a lower priority target. The ephemeris remains relatively well constrained (5.6 minute uncertainty), but the target has not been observed recently and would benefit from maintenance observations.. Poor observability. Only 0% of the transit is observable. Peak altitude reaches -19°.. This target has a high ExoClock priority. No recent transit observations have been reported. No recent literature activity was identified..",—
TOI-1442b_6271,TOI-1442b,6271,2.743300038490997,90.0,3.63,2458683.4523,0.4090677,0.63,15.066,14.2,1.57,0.0,158.23,287.29080666666664,74.1722838888889,0,high,,73.33749401382705,False,False,0,0.61,2564.6310514365323,2458683.4523,0,0,,,,2026-07-27 05:09:39.971,0.45,37.924858383592586,22.407889129731217,2.031198299604293,1,2461248.631712627,0.0,0.0,none,0,0.0,158.23,50.0,2.0833333333333335,Not suitable,False,0.3159957024584466,0.11455884399268769,4,1.0,1,4.5,0.5294117647058824,3,1,1,2,3.0999999999999996,3,2.165,0.24801989724416884,3,0.8872180451127819,0.06390977443609022,No significant transit timing variation signal currently detected.,Not suitable for routine PIRATE observations. Target brightness is V=15.1 and the expected transit depth is 1.6 mmag. Estimated minimum aperture is 50 inches.,Limited observability. Approximately 45% of the transit is observable. Peak altitude reaches 38°. Average airmass is 2.03 (marginal observing conditions).,"The ephemeris remains relatively well constrained (2.7 minute uncertainty), but the target has not been observed recently and would benefit from maintenance observations.",This target has a high ExoClock priority. No recent transit observations have been reported. No recent literature activity was identified.,This is a lower priority target,This target has only partial visibility.,"{'priority': 'This is a lower priority target', 'score': 0.24801989724416884, 'visibility': 'Limited observability. Approximately 45% of the transit is observable. Peak altitude reaches 38°. Average airmass is 2.03 (marginal observing conditions).', 'ephemeris': 'The ephemeris remains relatively well constrained (2.7 minute uncertainty), but the target has not been observed recently and would benefit from maintenance observations.', 'science': 'This target has a high ExoClock priority. No recent transit observations have been reported. No recent literature activity was identified.', 'coordination': 'This target has only partial visibility.', 'network': False, 'campaign': False}","This is a lower priority target. The ephemeris remains relatively well constrained (2.7 minute uncertainty), but the target has not been observed recently and would benefit from maintenance observations.. Limited observability. Approximately 45% of the transit is observable. Peak altitude reaches 38°. Average airmass is 2.03 (marginal observing conditions).. This target has a high ExoClock priority. No recent transit observations have been reported. No recent literature activity was identified..",—
K2-284b_629,K2-284b,629,3.293479355575001,90.0,5.17,2458233.10998,4.7948554,2.17,13.322,12.601,2.36,5.73,40.17,79.14068208333333,20.25510111111111,1,high,,6.2567058852285715,False,False,0,2.55,3014.9733710889705,2458233.10998,1,1,Exoplanet transits through the exoclock project in support of the Ariel space mission,2025epsc.conf.1682D,2025-09-00,2026-07-27 13:45:26.715,0.0,65.47194824642347,13.529827618833465,1.8778900434632464,0,2461248.989892535,5.73,0.28650000000000003,weak,0,0.0,40.17,50.0,2.0833333333333335,Not suitable,False,1.2447099825740602,0.11455884399268769,4,0.5,2,3.3770117655685716,0.3972955018315967,3,2,1,1,3.175,2,2.1262499999999998,0.24358074203945218,3,0.42105263157894735,0.06015037593984962,Weak transit timing variation signal detected. Current timing offset is approximately 5.7 minutes.,Not suitable for routine PIRATE observations. Target brightness is V=13.3 and the expected transit depth is 2.4 mmag. Estimated minimum aperture is 50 inches.,Poor observability. Only 0% of the transit is observable. Peak altitude reaches 65°. Average airmass is 1.88 (good observing conditions).,"The ephemeris remains relatively well constrained (3.3 minute uncertainty), but the target has not been observed recently and would benefit from maintenance observations.","This target has a high ExoClock priority. 1 recent transit observations have been recorded. 1 papers were identified in the last 12 months and 1 papers in the last 36 months. Latest publication: ""Exoplanet transits through the exoclock project in support of the Ariel space mission"".",This is a lower priority target,This target has only partial visibility.,"{'priority': 'This is a lower priority target', 'score': 0.24358074203945218, 'visibility': 'Poor observability. Only 0% of the transit is observable. Peak altitude reaches 65°. Average airmass is 1.88 (good observing conditions).', 'ephemeris': 'The ephemeris remains relatively well constrained (3.3 minute uncertainty), but the target has not been observed recently and would benefit from maintenance observations.', 'science': 'This target has a high ExoClock priority. 1 recent transit observations have been recorded. 1 papers were identified in the last 12 months and 1 papers in the last 36 months. Latest publication: ""Exoplanet transits through the exoclock project in support of the Ariel space mission"".', 'coordination': 'This target has only partial visibility.', 'network': False, 'campaign': False}","This is a lower priority target. The ephemeris remains relatively well constrained (3.3 minute uncertainty), but the target has not been observed recently and would benefit from maintenance observations.. Poor observability. Only 0% of the transit is observable. Peak altitude reaches 65°. Average airmass is 1.88 (good observing conditions).. TTV signal weak. This target has a high ExoClock priority. 1 recent transit observations have been recorded. 1 papers were identified in the last 12 months and 1 papers in the last 36 months. Latest publication: ""Exoplanet transits through the exoclock project in support of the Ariel space mission""..",—
GJ1132b_1969,GJ1132b,1969,2.4420843441152065,90.0,3.76,2458041.374705,1.62892951,0.76,13.49,13.067,3.39,0.0,45.05,153.71574291666664,-47.15671916666667,0,high,,18.417003201077744,False,False,0,4.15,3206.7086457177065,2458041.374705,0,0,,,,2026-07-27 05:39:59.857,0.0,-34.20286057137293,-69.65467705924428,,0,2461248.8180539003,0.0,0.0,none,0,0.0,45.05,50.0,2.0833333333333335,Not suitable,False,1.109877913429523,0.11455884399268769,4,1.0,1,4.5,0.5294117647058824,3,1,1,1,3.0999999999999996,3,2.0149999999999997,0.23083607064526565,3,0.42105263157894735,0.04887218045112782,No significant transit timing variation signal currently detected.,Not suitable for routine PIRATE observations. Target brightness is V=13.5 and the expected transit depth is 3.4 mmag. Estimated minimum aperture is 50 inches.,Poor observability. Only 0% of the transit is observable. Peak altitude reaches -34°.,"The ephemeris remains relatively well constrained (2.4 minute uncertainty), but the target has not been observed recently and would benefit from maintenance observations.",This target has a high ExoClock priority. No recent transit observations have been reported. No recent literature activity was identified.,This is a lower priority target,This target has only partial visibility.,"{'priority': 'This is a lower priority target', 'score': 0.23083607064526565, 'visibility': 'Poor observability. Only 0% of the transit is observable. Peak altitude reaches -34°.', 'ephemeris': 'The ephemeris remains relatively well constrained (2.4 minute uncertainty), but the target has not been observed recently and would benefit from maintenance observations.', 'science': 'This target has a high ExoClock priority. No recent transit observations have been reported. No recent literature activity was identified.', 'coordination': 'This target has only partial visibility.', 'network': False, 'campaign': False}","This is a lower priority target. The ephemeris remains relatively well constrained (2.4 minute uncertainty), but the target has not been observed recently and would benefit from maintenance observations.. Poor observability. Only 0% of the transit is observable. Peak altitude reaches -34°.. This target has a high ExoClock priority. No recent transit observations have been reported. No recent literature activity was identified..",—
TOI-1442b_6270,TOI-1442b,6270,2.7428734293801895,90.0,3.63,2458683.4523,0.4090677,0.63,15.066,14.2,1.57,0.0,158.23,287.29080666666664,74.1722838888889,0,high,,73.33749401382705,False,False,0,0.61,2564.6310514323413,2458683.4523,0,0,,,,2026-07-26 19:20:36.522,0.0,39.88473129838547,24.735422322118694,1.8908604768761095,0,2461248.3879227084,0.0,0.0,none,0,0.0,158.23,50.0,2.0833333333333335,Not suitable,False,0.3159957024584466,0.11455884399268769,4,1.0,1,4.5,0.5294117647058824,3,1,1,1,3.0999999999999996,3,2.0149999999999997,0.23083607064526565,3,0.42105263157894735,0.04887218045112782,No significant transit timing variation signal currently detected.,Not suitable for routine PIRATE observations. Target brightness is V=15.1 and the expected transit depth is 1.6 mmag. Estimated minimum aperture is 50 inches.,Poor observability. Only 0% of the transit is observable. Peak altitude reaches 40°. Average airmass is 1.89 (good observing conditions).,"The ephemeris remains relatively well constrained (2.7 minute uncertainty), but the target has not been observed recently and would benefit from maintenance observations.",This target has a high ExoClock priority. No recent transit observations have been reported. No recent literature activity was identified.,This is a lower priority target,This target has only partial visibility.,"{'priority': 'This is a lower priority target', 'score': 0.23083607064526565, 'visibility': 'Poor observability. Only 0% of the transit is observable. Peak altitude reaches 40°. Average airmass is 1.89 (good observing conditions).', 'ephemeris': 'The ephemeris remains relatively well constrained (2.7 minute uncertainty), but the target has not been observed recently and would benefit from maintenance observations.', 'science': 'This target has a high ExoClock priority. No recent transit observations have been reported. No recent literature activity was identified.', 'coordination': 'This target has only partial visibility.', 'network': False, 'campaign': False}","This is a lower priority target. The ephemeris remains relatively well constrained (2.7 minute uncertainty), but the target has not been observed recently and would benefit from maintenance observations.. Poor observability. Only 0% of the transit is observable. Peak altitude reaches 40°. Average airmass is 1.89 (good observing conditions).. This target has a high ExoClock priority. No recent transit observations have been reported. No recent literature activity was identified..",—
TOI-2445b_5668,TOI-2445b,5668,4.121408803018843,90.0,3.56,2459144.5697,0.3711281,0.56,15.688,14.344,2.38,0.0,115.56,43.315908750000006,0.05244,0,high,,80.83462287010873,False,False,0,0.57,2103.5136515353806,2459144.5697,0,0,,,,2026-07-26 14:57:04.614,0.0,10.31999760760549,-40.77593416794521,30.59752282334973,0,2461248.0396367363,0.0,0.0,none,0,0.0,115.56,50.0,2.0833333333333335,Not suitable,False,0.4326756663205261,0.11455884399268769,4,1.0,1,4.5,0.5294117647058824,3,1,1,1,3.0999999999999996,3,2.0149999999999997,0.23083607064526565,3,0.42105263157894735,0.04887218045112782,No significant transit timing variation signal currently detected.,Not suitable for routine PIRATE observations. Target brightness is V=15.7 and the expected transit depth is 2.4 mmag. Estimated minimum aperture is 50 inches.,Poor observability. Only 0% of the transit is observable. Peak altitude reaches 10°. Average airmass is 30.60 (poor observing conditions).,"The ephemeris remains relatively well constrained (4.1 minute uncertainty), but the target has not been observed recently and would benefit from maintenance observations.",This target has a high ExoClock priority. No recent transit observations have been reported. No recent literature activity was identified.,This is a lower priority target,This target has only partial visibility.,"{'priority': 'This is a lower priority target', 'score': 0.23083607064526565, 'visibility': 'Poor observability. Only 0% of the transit is observable. Peak altitude reaches 10°. Average airmass is 30.60 (poor observing conditions).', 'ephemeris': 'The ephemeris remains relatively well constrained (4.1 minute uncertainty), but the target has not been observed recently and would benefit from maintenance observations.', 'science': 'This target has a high ExoClock priority. No recent transit observations have been reported. No recent literature activity was identified.', 'coordination': 'This target has only partial visibility.', 'network': False, 'campaign': False}","This is a lower priority target. The ephemeris remains relatively well constrained (4.1 minute uncertainty), but the target has not been observed recently and would benefit from maintenance observations.. Poor observability. Only 0% of the transit is observable. Peak altitude reaches 10°. Average airmass is 30.60 (poor observing conditions).. This target has a high ExoClock priority. No recent transit observations have been reported. No recent literature activity was identified..",—
TOI-2445b_5669,TOI-2445b,5669,4.122121737940397,90.0,3.56,2459144.5697,0.3711281,0.56,15.688,14.344,2.38,0.0,115.56,43.315908750000006,0.05244,0,high,,80.83462287010873,False,False,0,0.57,2103.5136515386403,2459144.5697,0,0,,,,2026-07-26 23:51:30.082,0.0,1.8249212590175607,-47.96184990708855,243.1919981459252,0,2461248.576042616,0.0,0.0,none,0,0.0,115.56,50.0,2.0833333333333335,Not suitable,False,0.4326756663205261,0.11455884399268769,4,1.0,1,4.5,0.5294117647058824,3,1,1,1,3.0999999999999996,3,2.0149999999999997,0.23083607064526565,3,0.42105263157894735,0.04887218045112782,No significant transit timing variation signal currently detected.,Not suitable for routine PIRATE observations. Target brightness is V=15.7 and the expected transit depth is 2.4 mmag. Estimated minimum aperture is 50 inches.,Poor observability. Only 0% of the transit is observable. Peak altitude reaches 2°. Average airmass is 243.19 (poor observing conditions).,"The ephemeris remains relatively well constrained (4.1 minute uncertainty), but the target has not been observed recently and would benefit from maintenance observations.",This target has a high ExoClock priority. No recent transit observations have been reported. No recent literature activity was identified.,This is a lower priority target,This target has only partial visibility.,"{'priority': 'This is a lower priority target', 'score': 0.23083607064526565, 'visibility': 'Poor observability. Only 0% of the transit is observable. Peak altitude reaches 2°. Average airmass is 243.19 (poor observing conditions).', 'ephemeris': 'The ephemeris remains relatively well constrained (4.1 minute uncertainty), but the target has not been observed recently and would benefit from maintenance observations.', 'science': 'This target has a high ExoClock priority. No recent transit observations have been reported. No recent literature activity was identified.', 'coordination': 'This target has only partial visibility.', 'network': False, 'campaign': False}","This is a lower priority target. The ephemeris remains relatively well constrained (4.1 minute uncertainty), but the target has not been observed recently and would benefit from maintenance observations.. Poor observability. Only 0% of the transit is observable. Peak altitude reaches 2°. Average airmass is 243.19 (poor observing conditions).. This target has a high ExoClock priority. No recent transit observations have been reported. No recent literature activity was identified..",—
TOI-2445b_5670,TOI-2445b,5670,4.122834675317492,90.0,3.56,2459144.5697,0.3711281,0.56,15.688,14.344,2.38,0.0,115.56,43.315908750000006,0.05244,0,high,,80.83462287010873,False,False,0,0.57,2103.5136515414342,2459144.5697,0,0,,,,2026-07-27 08:45:55.549,0.0,61.86266534581315,37.83993566022712,1.2498475593219174,0,2461248.8193929284,0.0,0.0,none,0,0.0,115.56,50.0,2.0833333333333335,Not suitable,False,0.4326756663205261,0.11455884399268769,4,1.0,1,4.5,0.5294117647058824,3,1,1,1,3.0999999999999996,3,2.0149999999999997,0.23083607064526565,3,0.42105263157894735,0.04887218045112782,No significant transit timing variation signal currently detected.,Not suitable for routine PIRATE observations. Target brightness is V=15.7 and the expected transit depth is 2.4 mmag. Estimated minimum aperture is 50 inches.,Poor observability. Only 0% of the transit is observable. Peak altitude reaches 62°. Average airmass is 1.25 (excellent observing conditions).,"The ephemeris remains relatively well constrained (4.1 minute uncertainty), but the target has not been observed recently and would benefit from maintenance observations.",This target has a high ExoClock priority. No recent transit observations have been reported. No recent literature activity was identified.,This is a lower priority target,This target has only partial visibility.,"{'priority': 'This is a lower priority target', 'score': 0.23083607064526565, 'visibility': 'Poor observability. Only 0% of the transit is observable. Peak altitude reaches 62°. Average airmass is 1.25 (excellent observing conditions).', 'ephemeris': 'The ephemeris remains relatively well constrained (4.1 minute uncertainty), but the target has not been observed recently and would benefit from maintenance observations.', 'science': 'This target has a high ExoClock priority. No recent transit observations have been reported. No recent literature activity was identified.', 'coordination': 'This target has only partial visibility.', 'network': False, 'campaign': False}","This is a lower priority target. The ephemeris remains relatively well constrained (4.1 minute uncertainty), but the target has not been observed recently and would benefit from maintenance observations.. Poor observability. Only 0% of the transit is observable. Peak altitude reaches 62°. Average airmass is 1.25 (excellent observing conditions).. This target has a high ExoClock priority. No recent transit observations have been reported. No recent literature activity was identified..",—
TOI-122b_557,TOI-122b,557,2.9755462605066145,90.0,4.25,2458420.52568,5.0780234,1.25,15.526,14.266,6.43,-3.46,31.35,332.94708249999996,-58.94506972222222,0,high,,5.9078105075293665,False,False,0,2.49,2827.557671281509,2458420.52568,0,0,,,,2026-07-27 11:36:50.089,0.0,-28.678750703121754,-56.24119374288167,,0,2461248.900579734,3.46,0.173,none,1,0.16666666666666666,31.35,50.0,2.0833333333333335,Not suitable,False,1.594896331738437,0.11455884399268769,4,1.0,1,3.27234315225881,0.38498154732456585,3,1,1,1,3.0999999999999996,2,1.9149999999999996,0.21938018624599687,3,0.42105263157894735,0.03759398496240601,No significant transit timing variation signal currently detected.,Not suitable for routine PIRATE observations. Target brightness is V=15.5 and the expected transit depth is 6.4 mmag. Estimated minimum aperture is 50 inches.,Poor observability. Only 0% of the transit is observable. Peak altitude reaches -29°.,"The ephemeris remains relatively well constrained (3.0 minute uncertainty), but the target has not been observed recently and would benefit from maintenance observations.",This target has a high ExoClock priority. No recent transit observations have been reported. No recent literature activity was identified.,This is a lower priority target,This target has only partial visibility.,"{'priority': 'This is a lower priority target', 'score': 0.21938018624599687, 'visibility': 'Poor observability. Only 0% of the transit is observable. Peak altitude reaches -29°.', 'ephemeris': 'The ephemeris remains relatively well constrained (3.0 minute uncertainty), but the target has not been observed recently and would benefit from maintenance observations.', 'science': 'This target has a high ExoClock priority. No recent transit observations have been reported. No recent literature activity was identified.', 'coordination': 'This target has only partial visibility.', 'network': False, 'campaign': False}","This is a lower priority target. The ephemeris remains relatively well constrained (3.0 minute uncertainty), but the target has not been observed recently and would benefit from maintenance observations.. Poor observability. Only 0% of the transit is observable. Peak altitude reaches -29°.. This target has a high ExoClock priority. No recent transit observations have been reported. No recent literature activity was identified..",—
LHS1478b_847,LHS1478b,847,1.66375858256418,90.0,3.71,2459597.76239,1.9495387,0.71,13.304,12.5,2.42,-4.23,53.42,44.32607958333334,76.553125,2,high,,15.388255693513548,False,False,0,2.66,1650.3209611983038,2459597.76239,1,1,Exoplanet transits through the exoclock project in support of the Ariel space mission,2025epsc.conf.1682D,2025-09-00,2026-07-27 12:30:03.010,0.0,37.920650129176266,25.059122328685387,1.928238566910739,0,2461248.937534838,4.23,0.21150000000000002,none,0,0.0,53.42,50.0,2.0833333333333335,Not suitable,False,0.9359790340696368,0.11455884399268769,4,0.3333333333333333,2,4.5,0.5294117647058824,2,1,1,1,3.1499999999999995,3,1.7725,0.20305555097703892,3,0.42105263157894735,0.03383458646616541,No significant transit timing variation signal currently detected.,Not suitable for routine PIRATE observations. Target brightness is V=13.3 and the expected transit depth is 2.4 mmag. Estimated minimum aperture is 50 inches.,Poor observability. Only 0% of the transit is observable. Peak altitude reaches 38°. Average airmass is 1.93 (good observing conditions).,"The ephemeris remains relatively well constrained (1.7 minute uncertainty), but the target has not been observed recently and would benefit from maintenance observations.","This target has a high ExoClock priority. 2 recent transit observations have been recorded. 1 papers were identified in the last 12 months and 1 papers in the last 36 months. Latest publication: ""Exoplanet transits through the exoclock project in support of the Ariel space mission"".",This is a lower priority target,This target has only partial visibility.,"{'priority': 'This is a lower priority target', 'score': 0.20305555097703892, 'visibility': 'Poor observability. Only 0% of the transit is observable. Peak altitude reaches 38°. Average airmass is 1.93 (good observing conditions).', 'ephemeris': 'The ephemeris remains relatively well constrained (1.7 minute uncertainty), but the target has not been observed recently and would benefit from maintenance observations.', 'science': 'This target has a high ExoClock priority. 2 recent transit observations have been recorded. 1 papers were identified in the last 12 months and 1 papers in the last 36 months. Latest publication: ""Exoplanet transits through the exoclock project in support of the Ariel space mission"".', 'coordination': 'This target has only partial visibility.', 'network': False, 'campaign': False}","This is a lower priority target. The ephemeris remains relatively well constrained (1.7 minute uncertainty), but the target has not been observed recently and would benefit from maintenance observations.. Poor observability. Only 0% of the transit is observable. Peak altitude reaches 38°. Average airmass is 1.93 (good observing conditions).. This target has a high ExoClock priority. 2 recent transit observations have been recorded. 1 papers were identified in the last 12 months and 1 papers in the last 36 months. Latest publication: ""Exoplanet transits through the exoclock project in support of the Ariel space mission""..",—
GJ1252b_3397,GJ1252b,3397,2.2836458289011183,90.0,3.74,2459487.95566,0.51824231,0.74,12.68,11.83,1.0,0.0,103.41,306.92533875,-56.45698777777778,0,high,,57.887979080673674,False,False,0,1.91,1760.1276907254942,2459487.95566,0,0,,,,2026-07-26 22:10:32.419,0.0,4.089315852051823,-16.45570447157278,58.64020851000447,0,2461248.5059307753,0.0,0.0,none,0,0.0,103.41,50.0,2.0833333333333335,Not suitable,False,0.48351223285949135,0.11455884399268769,4,1.0,1,4.5,0.5294117647058824,2,1,1,1,3.0999999999999996,3,1.765,0.20219635964709376,3,0.42105263157894735,0.02631578947368421,No significant transit timing variation signal currently detected.,Not suitable for routine PIRATE observations. Target brightness is V=12.7 and the expected transit depth is 1.0 mmag. Estimated minimum aperture is 50 inches.,Poor observability. Only 0% of the transit is observable. Peak altitude reaches 4°. Average airmass is 58.64 (poor observing conditions).,"The ephemeris remains relatively well constrained (2.3 minute uncertainty), but the target has not been observed recently and would benefit from maintenance observations.",This target has a high ExoClock priority. No recent transit observations have been reported. No recent literature activity was identified.,This is a lower priority target,This target has only partial visibility.,"{'priority': 'This is a lower priority target', 'score': 0.20219635964709376, 'visibility': 'Poor observability. Only 0% of the transit is observable. Peak altitude reaches 4°. Average airmass is 58.64 (poor observing conditions).', 'ephemeris': 'The ephemeris remains relatively well constrained (2.3 minute uncertainty), but the target has not been observed recently and would benefit from maintenance observations.', 'science': 'This target has a high ExoClock priority. No recent transit observations have been reported. No recent literature activity was identified.', 'coordination': 'This target has only partial visibility.', 'network': False, 'campaign': False}","This is a lower priority target. The ephemeris remains relatively well constrained (2.3 minute uncertainty), but the target has not been observed recently and would benefit from maintenance observations.. Poor observability. Only 0% of the transit is observable. Peak altitude reaches 4°. Average airmass is 58.64 (poor observing conditions).. This target has a high ExoClock priority. No recent transit observations have been reported. No recent literature activity was identified..",—
GJ1252b_3398,GJ1252b,3398,2.2842430075496853,90.0,3.74,2459487.95566,0.51824231,0.74,12.68,11.83,1.0,0.0,103.41,306.92533875,-56.45698777777778,0,high,,57.887979080673674,False,False,0,1.91,1760.1276907296851,2459487.95566,0,0,,,,2026-07-27 10:36:48.555,0.0,-34.3216126766701,-61.03495428677928,,0,2461248.8588953125,0.0,0.0,none,0,0.0,103.41,50.0,2.0833333333333335,Not suitable,False,0.48351223285949135,0.11455884399268769,4,1.0,1,4.5,0.5294117647058824,2,1,1,1,3.0999999999999996,3,1.765,0.20219635964709376,3,0.42105263157894735,0.02631578947368421,No significant transit timing variation signal currently detected.,Not suitable for routine PIRATE observations. Target brightness is V=12.7 and the expected transit depth is 1.0 mmag. Estimated minimum aperture is 50 inches.,Poor observability. Only 0% of the transit is observable. Peak altitude reaches -34°.,"The ephemeris remains relatively well constrained (2.3 minute uncertainty), but the target has not been observed recently and would benefit from maintenance observations.",This target has a high ExoClock priority. No recent transit observations have been reported. No recent literature activity was identified.,This is a lower priority target,This target has only partial visibility.,"{'priority': 'This is a lower priority target', 'score': 0.20219635964709376, 'visibility': 'Poor observability. Only 0% of the transit is observable. Peak altitude reaches -34°.', 'ephemeris': 'The ephemeris remains relatively well constrained (2.3 minute uncertainty), but the target has not been observed recently and would benefit from maintenance observations.', 'science': 'This target has a high ExoClock priority. No recent transit observations have been reported. No recent literature activity was identified.', 'coordination': 'This target has only partial visibility.', 'network': False, 'campaign': False}","This is a lower priority target. The ephemeris remains relatively well constrained (2.3 minute uncertainty), but the target has not been observed recently and would benefit from maintenance observations.. Poor observability. Only 0% of the transit is observable. Peak altitude reaches -34°.. This target has a high ExoClock priority. No recent transit observations have been reported. No recent literature activity was identified..",—
TOI-206b_3970,TOI-206b,3970,1.809181638642234,90.0,3.64,2458325.5431,0.7363104,0.64,14.865,13.579,1.25,0.0,156.26,73.73723125000001,-62.522351388888886,0,high,,40.743686358361906,False,False,0,0.54,2922.540251304861,2458325.5431,0,0,,,,2026-07-27 04:40:12.340,0.0,-7.854253265056517,-31.923790168920224,,0,2461248.776531713,0.0,0.0,none,0,0.0,156.26,50.0,2.0833333333333335,Not suitable,False,0.3199795213106361,0.11455884399268769,4,1.0,1,4.5,0.5294117647058824,2,1,1,1,3.0999999999999996,3,1.765,0.20219635964709376,3,0.42105263157894735,0.02631578947368421,No significant transit timing variation signal currently detected.,Not suitable for routine PIRATE observations. Target brightness is V=14.9 and the expected transit depth is 1.2 mmag. Estimated minimum aperture is 50 inches.,Poor observability. Only 0% of the transit is observable. Peak altitude reaches -8°.,"The ephemeris remains relatively well constrained (1.8 minute uncertainty), but the target has not been observed recently and would benefit from maintenance observations.",This target has a high ExoClock priority. No recent transit observations have been reported. No recent literature activity was identified.,This is a lower priority target,This target has only partial visibility.,"{'priority': 'This is a lower priority target', 'score': 0.20219635964709376, 'visibility': 'Poor observability. Only 0% of the transit is observable. Peak altitude reaches -8°.', 'ephemeris': 'The ephemeris remains relatively well constrained (1.8 minute uncertainty), but the target has not been observed recently and would benefit from maintenance observations.', 'science': 'This target has a high ExoClock priority. No recent transit observations have been reported. No recent literature activity was identified.', 'coordination': 'This target has only partial visibility.', 'network': False, 'campaign': False}","This is a lower priority target. The ephemeris remains relatively well constrained (1.8 minute uncertainty), but the target has not been observed recently and would benefit from maintenance observations.. Poor observability. Only 0% of the transit is observable. Peak altitude reaches -8°.. This target has a high ExoClock priority. No recent transit observations have been reported. No recent literature activity was identified..",—
TOI-532b_609,TOI-532b,609,1.199675261020369,90.0,4.75,2459831.66723,2.3266502,1.75,14.413,13.958,10.02,-0.67,16.25,85.07995125,11.562800833333334,3,low,,12.894074064077188,False,False,0,6.06,1416.4161213464104,2459831.66723,0,0,,,,2026-07-27 02:18:49.052,0.0,2.973175543352467,-42.084292073749715,52.60994903757176,0,2461248.6783455093,0.67,0.0335,none,2,0.3333333333333333,16.25,49.90887110167823,2.0795362959032597,Not suitable,False,3.0713151447186604,0.11543212411032101,2,0.25,1,4.5,0.5294117647058824,2,1,2,1,1.5875,3,1.6881249999999999,0.19486385451373564,3,0.42105263157894735,0.018796992481203006,No significant transit timing variation signal currently detected.,Not suitable for routine PIRATE observations. Target brightness is V=14.4 and the expected transit depth is 10.0 mmag. Estimated minimum aperture is 50 inches.,Poor observability. Only 0% of the transit is observable. Peak altitude reaches 3°. Average airmass is 52.61 (poor observing conditions).,"The ephemeris remains relatively well constrained (1.2 minute uncertainty), but the target has not been observed recently and would benefit from maintenance observations.",This target has a low ExoClock priority. 3 recent observations indicate moderate monitoring coverage. No recent literature activity was identified.,This is a lower priority target,This target has only partial visibility.,"{'priority': 'This is a lower priority target', 'score': 0.19486385451373564, 'visibility': 'Poor observability. Only 0% of the transit is observable. Peak altitude reaches 3°. Average airmass is 52.61 (poor observing conditions).', 'ephemeris': 'The ephemeris remains relatively well constrained (1.2 minute uncertainty), but the target has not been observed recently and would benefit from maintenance observations.', 'science': 'This target has a low ExoClock priority. 3 recent observations indicate moderate monitoring coverage. No recent literature activity was identified.', 'coordination': 'This target has only partial visibility.', 'network': False, 'campaign': False}","This is a lower priority target. The ephemeris remains relatively well constrained (1.2 minute uncertainty), but the target has not been observed recently and would benefit from maintenance observations.. Poor observability. Only 0% of the transit is observable. Peak altitude reaches 3°. Average airmass is 52.61 (poor observing conditions).. This target has a low ExoClock priority. 3 recent observations indicate moderate monitoring coverage. No recent literature activity was identified..",—
NGTS-6b_2496,NGTS-6b,2496,0.8802486275451046,90.0,3.96,2459047.02418,0.88205875,0.96,14.12,13.98,14.89,-0.04,13.26,75.79542833333333,-30.39936638888889,7,low,,34.011339947594195,False,False,0,5.53,2201.059171241708,2459047.02418,0,0,,,,2026-07-27 03:24:30.465,0.0,3.275499303887243,-43.89635909639986,124.84380123009483,0,2461248.723963715,0.04,0.002,none,2,0.3333333333333333,13.26,48.300059560984316,2.01250248170768,Not suitable,False,3.6425384284301896,0.1319931880491874,2,0.125,1,4.5,0.5294117647058824,1,1,2,1,1.5687499999999999,3,1.4353125,0.18945147272184928,3,0.42105263157894735,0.015037593984962405,No significant transit timing variation signal currently detected.,Not suitable for routine PIRATE observations. Target brightness is V=14.1 and the expected transit depth is 14.9 mmag. Estimated minimum aperture is 48 inches.,Poor observability. Only 0% of the transit is observable. Peak altitude reaches 3°. Average airmass is 124.84 (poor observing conditions).,"The ephemeris remains relatively well constrained (0.9 minute uncertainty), but the target has not been observed recently and would benefit from maintenance observations.",This target has a low ExoClock priority. 7 recent observations indicate strong monitoring coverage. No recent literature activity was identified.,This is a lower priority target,This target has only partial visibility.,"{'priority': 'This is a lower priority target', 'score': 0.18945147272184928, 'visibility': 'Poor observability. Only 0% of the transit is observable. Peak altitude reaches 3°. Average airmass is 124.84 (poor observing conditions).', 'ephemeris': 'The ephemeris remains relatively well constrained (0.9 minute uncertainty), but the target has not been observed recently and would benefit from maintenance observations.', 'science': 'This target has a low ExoClock priority. 7 recent observations indicate strong monitoring coverage. No recent literature activity was identified.', 'coordination': 'This target has only partial visibility.', 'network': False, 'campaign': False}","This is a lower priority target. The ephemeris remains relatively well constrained (0.9 minute uncertainty), but the target has not been observed recently and would benefit from maintenance observations.. Poor observability. Only 0% of the transit is observable. Peak altitude reaches 3°. Average airmass is 124.84 (poor observing conditions).. This target has a low ExoClock priority. 7 recent observations indicate strong monitoring coverage. No recent literature activity was identified..",—
GJ1214b_3376,GJ1214b,3376,0.18216431280017625,90.0,3.87,2455913.187407,1.580404595,0.87,15.1,14.394,18.78,0.84,13.24,258.8288904166667,4.9639066666666665,10,low,,18.982480875411525,False,False,0,14.74,5334.895943721756,2455913.187407,6,11,Exploring atmospheric escape from hot-Jupiters and water-rich sub-Neptunes with full-atmosphere models,2026ASTCS..1130204T,2026-06-00,2026-07-27 03:10:49.640,0.39166666666666666,39.899991951320224,-11.981029650513968,9.177826394335506,1,2461248.549185648,0.84,0.041999999999999996,none,2,0.3333333333333333,13.24,50.0,2.0833333333333335,Not suitable,False,3.7764350453172204,0.11455884399268769,2,0.09090909090909091,4,4.5,0.5294117647058824,1,1,2,2,2.0136363636363637,3,1.6520454545454546,0.18925641749610156,3,0.8721804511278195,0.011278195488721804,No significant transit timing variation signal currently detected.,Not suitable for routine PIRATE observations. Target brightness is V=15.1 and the expected transit depth is 18.8 mmag. Estimated minimum aperture is 50 inches.,Limited observability. Approximately 39% of the transit is observable. Peak altitude reaches 40°. Average airmass is 9.18 (poor observing conditions).,"The ephemeris remains relatively well constrained (0.2 minute uncertainty), but the target has not been observed recently and would benefit from maintenance observations.","This target has a low ExoClock priority. 10 recent observations indicate strong monitoring coverage. 6 papers were identified in the last 12 months and 11 papers in the last 36 months. Latest publication: ""Exploring atmospheric escape from hot-Jupiters and water-rich sub-Neptunes with full-atmosphere models"".",This is a lower priority target,This target has only partial visibility.,"{'priority': 'This is a lower priority target', 'score': 0.18925641749610156, 'visibility': 'Limited observability. Approximately 39% of the transit is observable. Peak altitude reaches 40°. Average airmass is 9.18 (poor observing conditions).', 'ephemeris': 'The ephemeris remains relatively well constrained (0.2 minute uncertainty), but the target has not been observed recently and would benefit from maintenance observations.', 'science': 'This target has a low ExoClock priority. 10 recent observations indicate strong monitoring coverage. 6 papers were identified in the last 12 months and 11 papers in the last 36 months. Latest publication: ""Exploring atmospheric escape from hot-Jupiters and water-rich sub-Neptunes with full-atmosphere models"".', 'coordination': 'This target has only partial visibility.', 'network': False, 'campaign': False}","This is a lower priority target. The ephemeris remains relatively well constrained (0.2 minute uncertainty), but the target has not been observed recently and would benefit from maintenance observations.. Limited observability. Approximately 39% of the transit is observable. Peak altitude reaches 40°. Average airmass is 9.18 (poor observing conditions).. This target has a low ExoClock priority. 10 recent observations indicate strong monitoring coverage. 6 papers were identified in the last 12 months and 11 papers in the last 36 months. Latest publication: ""Exploring atmospheric escape from hot-Jupiters and water-rich sub-Neptunes with full-atmosphere models""..",—
LHS3844b_5302,LHS3844b,5302,0.47817642728367615,90.0,3.52,2458793.74747,0.462929699,0.52,15.26,13.74,5.6,0.0,40.21,340.49215541666666,-69.16897777777778,0,high,,64.8046562249185,False,False,0,2.73,2454.3358812122606,2458793.74747,0,0,,,,2026-07-26 16:47:54.243,0.0,-40.664335065688995,-49.27453959217875,,0,2461248.2818778125,0.0,0.0,none,1,0.16666666666666666,40.21,50.0,2.0833333333333335,Not suitable,False,1.2434717731907485,0.11455884399268769,4,1.0,1,4.5,0.5294117647058824,1,1,1,1,3.0999999999999996,3,1.515,0.17355664864892184,3,0.42105263157894735,0.005639097744360902,No significant transit timing variation signal currently detected.,Not suitable for routine PIRATE observations. Target brightness is V=15.3 and the expected transit depth is 5.6 mmag. Estimated minimum aperture is 50 inches.,Poor observability. Only 0% of the transit is observable. Peak altitude reaches -41°.,"The ephemeris remains relatively well constrained (0.5 minute uncertainty), but the target has not been observed recently and would benefit from maintenance observations.",This target has a high ExoClock priority. No recent transit observations have been reported. No recent literature activity was identified.,This is a lower priority target,This target has only partial visibility.,"{'priority': 'This is a lower priority target', 'score': 0.17355664864892184, 'visibility': 'Poor observability. Only 0% of the transit is observable. Peak altitude reaches -41°.', 'ephemeris': 'The ephemeris remains relatively well constrained (0.5 minute uncertainty), but the target has not been observed recently and would benefit from maintenance observations.', 'science': 'This target has a high ExoClock priority. No recent transit observations have been reported. No recent literature activity was identified.', 'coordination': 'This target has only partial visibility.', 'network': False, 'campaign': False}","This is a lower priority target. The ephemeris remains relatively well constrained (0.5 minute uncertainty), but the target has not been observed recently and would benefit from maintenance observations.. Poor observability. Only 0% of the transit is observable. Peak altitude reaches -41°.. This target has a high ExoClock priority. No recent transit observations have been reported. No recent literature activity was identified..",—
LHS3844b_5303,LHS3844b,5303,0.4782648086566131,90.0,3.52,2458793.74747,0.462929699,0.52,15.26,13.74,5.6,0.0,40.21,340.49215541666666,-69.16897777777778,0,high,,64.8046562249185,False,False,0,2.73,2454.33588121552,2458793.74747,0,0,,,,2026-07-27 03:54:31.369,0.0,-7.325541700981228,-10.740370376058245,,0,2461248.6461964003,0.0,0.0,none,1,0.16666666666666666,40.21,50.0,2.0833333333333335,Not suitable,False,1.2434717731907485,0.11455884399268769,4,1.0,1,4.5,0.5294117647058824,1,1,1,1,3.0999999999999996,3,1.515,0.17355664864892184,3,0.42105263157894735,0.005639097744360902,No significant transit timing variation signal currently detected.,Not suitable for routine PIRATE observations. Target brightness is V=15.3 and the expected transit depth is 5.6 mmag. Estimated minimum aperture is 50 inches.,Poor observability. Only 0% of the transit is observable. Peak altitude reaches -7°.,"The ephemeris remains relatively well constrained (0.5 minute uncertainty), but the target has not been observed recently and would benefit from maintenance observations.",This target has a high ExoClock priority. No recent transit observations have been reported. No recent literature activity was identified.,This is a lower priority target,This target has only partial visibility.,"{'priority': 'This is a lower priority target', 'score': 0.17355664864892184, 'visibility': 'Poor observability. Only 0% of the transit is observable. Peak altitude reaches -7°.', 'ephemeris': 'The ephemeris remains relatively well constrained (0.5 minute uncertainty), but the target has not been observed recently and would benefit from maintenance observations.', 'science': 'This target has a high ExoClock priority. No recent transit observations have been reported. No recent literature activity was identified.', 'coordination': 'This target has only partial visibility.', 'network': False, 'campaign': False}","This is a lower priority target. The ephemeris remains relatively well constrained (0.5 minute uncertainty), but the target has not been observed recently and would benefit from maintenance observations.. Poor observability. Only 0% of the transit is observable. Peak altitude reaches -7°.. This target has a high ExoClock priority. No recent transit observations have been reported. No recent literature activity was identified..",—
